[CHECK][phase1_pair_self_labeling.train] episode=19341 problem_id=EP19341 block_count=97 best_source=NP_NC:agent_sample_32|FN_FL:agent_sample_9 subproblem_count=2 loss=0.768658 learning_score=(1.0, 49.99909094, 27.666666667) phase1_score=(1.0, 49.99909094, 27.666666667)
[CHECK][phase1_pair_self_labeling.train.subproblem] episode=19342 subproblem_id=NP_NC block_count=10 best_source=agent_sample_14 loss=0.272436 phase1_score=(0.333333333, 46.045053895, 4.25)
[CHECK][phase1_pair_self_labeling.train.subproblem] episode=19342 subproblem_id=FN_FL block_count=13 best_source=agent_sample_42 loss=0.738887 phase1_score=(0.0, 44.538865424, 5.0)
[CHECK][phase1_pair_self_labeling.train] episode=19342 problem_id=EP19342 block_count=23 best_source=NP_NC:agent_sample_14|FN_FL:agent_sample_42 subproblem_count=2 loss=0.505661 learning_score=(0.333333333, 90.583919318, 9.25) phase1_score=(0.333333333, 90.583919318, 9.25)
[CHECK][phase1_pair_self_labeling.train.subproblem] episode=19343 subproblem_id=NP_NC block_count=12 best_source=agent_sample_15 loss=0.421891 phase1_score=(0.583333333, 111.630393563, 3.416666667)
[CHECK][phase1_pair_self_labeling.train.subproblem] episode=19343 subproblem_id=FN_FL block_count=12 best_source=agent_greedy loss=0.078719 phase1_score=(2.0, 74.401692546, 3.0)
[CHECK][phase1_pair_self_labeling.train] episode=19343 problem_id=EP19343 block_count=24 best_source=NP_NC:agent_sample_15|FN_FL:agent_greedy subproblem_count=2 loss=0.250305 learning_score=(2.583333333, 186.032086109, 6.416666667) phase1_score=(2.583333333, 186.032086109, 6.416666667)
[CHECK][phase1_pair_self_labeling.train.subproblem] episode=19344 subproblem_id=NP_NC block_count=25 best_source=agent_sample_34 loss=0.411605 phase1_score=(0.416666667, 16.759399165, 9.916666667)
[CHECK][phase1_pair_self_labeling.train.subproblem] episode=19344 subproblem_id=FN_FL block_count=27 best_source=agent_sample_40 loss=0.356470 phase1_score=(1.0, 2.318277802, 8.5)
[CHECK][phase1_pair_self_labeling.train] episode=19344 problem_id=EP19344 block_count=52 best_source=NP_NC:agent_sample_34|FN_FL:agent_sample_40 subproblem_count=2 loss=0.384038 learning_score=(1.416666667, 19.077676966, 18.416666667) phase1_score=(1.416666667, 19.077676966, 18.416666667)
[CHECK][phase1_pair_self_labeling.train.subproblem] episode=19345 subproblem_id=NP_NC block_count=21 best_source=agent_sample_35 loss=0.335759 phase1_score=(1.416666667, 39.596057045, 4.75)
[CHECK][phase1_pair_self_labeling.train.subproblem] episode=19345 subproblem_id=FN_FL block_count=22 best_source=agent_sample_51 loss=0.243534 phase1_score=(1.0, 6.428295872, 4.5)
[CHECK][phase1_pair_self_labeling.train] episode=19345 problem_id=EP19345 block_count=43 best_source=NP_NC:agent_sample_35|FN_FL:agent_sample_51 subproblem_count=2 loss=0.289647 learning_score=(2.416666667, 46.024352917, 9.25) phase1_score=(2.416666667, 46.024352917, 9.25)
[CHECK][phase1_pair_self_labeling.train.subproblem] episode=19346 subproblem_id=NP_NC block_count=35 best_source=agent_sample_18 loss=0.306194 phase1_score=(0.25, 11.334862231, 10.25)
[CHECK][phase1_pair_self_labeling.train.subproblem] episode=19346 subproblem_id=FN_FL block_count=44 best_source=agent_sample_41 loss=0.786466 phase1_score=(1.0, 10.780881642, 11.0)
[CHECK][phase1_pair_self_labeling.train] episode=19346 problem_id=EP19346 block_count=79 best_source=NP_NC:agent_sample_18|FN_FL:agent_sample_41 subproblem_count=2 loss=0.546330 learning_score=(1.25, 22.115743874, 21.25) phase1_score=(1.25, 22.115743874, 21.25)
[CHECK][phase1_pair_self_labeling.train.subproblem] episode=19347 subproblem_id=NP_NC block_count=49 best_source=agent_sample_49 loss=0.672736 phase1_score=(0.166666667, 64.428913434, 7.416666667)
[CHECK][phase1_pair_self_labeling.train.subproblem] episode=19347 subproblem_id=FN_FL block_count=50 best_source=agent_sample_25 loss=0.909424 phase1_score=(0.5, 8.805178358, 10.0)
[CHECK][phase1_pair_self_labeling.train] episode=19347 problem_id=EP19347 block_count=99 best_source=NP_NC:agent_sample_49|FN_FL:agent_sample_25 subproblem_count=2 loss=0.791080 learning_score=(0.666666667, 73.234091792, 17.416666667) phase1_score=(0.666666667, 73.234091792, 17.416666667)
[CHECK][phase1_pair_self_labeling.train.subproblem] episode=19348 subproblem_id=NP_NC block_count=13 best_source=agent_sample_4 loss=0.222889 phase1_score=(0.666666667, 94.822187463, 4.416666667)
[CHECK][phase1_pair_self_labeling.train.subproblem] episode=19348 subproblem_id=FN_FL block_count=25 best_source=agent_sample_50 loss=0.673748 phase1_score=(0.5, 13.186612989, 4.0)
[CHECK][phase1_pair_self_labeling.train] episode=19348 problem_id=EP19348 block_count=38 best_source=NP_NC:agent_sample_4|FN_FL:agent_sample_50 subproblem_count=2 loss=0.448318 learning_score=(1.166666667, 108.008800452, 8.416666667) phase1_score=(1.166666667, 108.008800452, 8.416666667)
[CHECK][phase1_pair_self_labeling.train.subproblem] episode=19349 subproblem_id=NP_NC block_count=14 best_source=bevel_first_balanced loss=8.389579 phase1_score=(1.0, 155.72640222, 5.25)
[CHECK][phase1_pair_self_labeling.train.subproblem] episode=19349 subproblem_id=FN_FL block_count=14 best_source=agent_sample_32 loss=0.525670 phase1_score=(1.0, 8.187218531, 4.5)
[CHECK][phase1_pair_self_labeling.train] episode=19349 problem_id=EP19349 block_count=28 best_source=NP_NC:bevel_first_balanced|FN_FL:agent_sample_32 subproblem_count=2 loss=4.457624 learning_score=(2.0, 163.91362075, 9.75) phase1_score=(2.0, 163.91362075, 9.75)
[CHECK][phase1_pair_self_labeling.train.subproblem] episode=19350 subproblem_id=NP_NC block_count=20 best_source=wo_first_balanced loss=5.467338 phase1_score=(0.5, 21.187310754, 3.333333333)
[CHECK][phase1_pair_self_labeling.train.subproblem] episode=19350 subproblem_id=FN_FL block_count=39 best_source=agent_sample_47 loss=0.629097 phase1_score=(0.5, 8.377755729, 7.5)
[CHECK][phase1_pair_self_labeling.train] episode=19350 problem_id=EP19350 block_count=59 best_source=NP_NC:wo_first_balanced|FN_FL:agent_sample_47 subproblem_count=2 loss=3.048218 learning_score=(1.0, 29.565066483, 10.833333333) phase1_score=(1.0, 29.565066483, 10.833333333)
[CHECK][phase1_pair_self_labeling.train.subproblem] episode=19351 subproblem_id=NP_NC block_count=40 best_source=agent_sample_45 loss=0.816253 phase1_score=(0.25, 53.600902779, 17.083333333)
[CHECK][phase1_pair_self_labeling.train.subproblem] episode=19351 subproblem_id=FN_FL block_count=53 best_source=agent_sample_61 loss=1.110134 phase1_score=(1.0, 13.23836287, 20.5)
[CHECK][phase1_pair_self_labeling.train] episode=19351 problem_id=EP19351 block_count=93 best_source=NP_NC:agent_sample_45|FN_FL:agent_sample_61 subproblem_count=2 loss=0.963194 learning_score=(1.25, 66.839265649, 37.583333333) phase1_score=(1.25, 66.839265649, 37.583333333)
[CHECK][phase1_pair_self_labeling.train.subproblem] episode=19352 subproblem_id=NP_NC block_count=30 best_source=agent_sample_54 loss=0.746007 phase1_score=(0.583333333, 28.685506649, 11.416666667)
[CHECK][phase1_pair_self_labeling.train.subproblem] episode=19352 subproblem_id=FN_FL block_count=30 best_source=agent_sample_55 loss=0.638580 phase1_score=(0.5, 4.450529616, 1.5)
[CHECK][phase1_pair_self_labeling.train] episode=19352 problem_id=EP19352 block_count=60 best_source=NP_NC:agent_sample_54|FN_FL:agent_sample_55 subproblem_count=2 loss=0.692294 learning_score=(1.083333333, 33.136036265, 12.916666667) phase1_score=(1.083333333, 33.136036265, 12.916666667)
[CHECK][phase1_pair_self_labeling.train.subproblem] episode=19353 subproblem_id=NP_NC block_count=42 best_source=agent_sample_22 loss=1.016538 phase1_score=(0.416666667, 13.317582533, 5.75)
[CHECK][phase1_pair_self_labeling.train.subproblem] episode=19353 subproblem_id=FN_FL block_count=51 best_source=agent_sample_40 loss=1.140260 phase1_score=(0.5, 26.621659635, 13.0)
[CHECK][phase1_pair_self_labeling.train] episode=19353 problem_id=EP19353 block_count=93 best_source=NP_NC:agent_sample_22|FN_FL:agent_sample_40 subproblem_count=2 loss=1.078399 learning_score=(0.916666667, 39.939242168, 18.75) phase1_score=(0.916666667, 39.939242168, 18.75)
[CHECK][phase1_pair_self_labeling.train.subproblem] episode=19354 subproblem_id=NP_NC block_count=27 best_source=agent_sample_50 loss=0.407725 phase1_score=(1.75, 64.090727303, 10.083333333)
[CHECK][phase1_pair_self_labeling.train.subproblem] episode=19354 subproblem_id=FN_FL block_count=47 best_source=agent_sample_41 loss=0.894011 phase1_score=(0.5, 22.958492664, 19.0)
[CHECK][phase1_pair_self_labeling.train] episode=19354 problem_id=EP19354 block_count=74 best_source=NP_NC:agent_sample_50|FN_FL:agent_sample_41 subproblem_count=2 loss=0.650868 learning_score=(2.25, 87.049219967, 29.083333333) phase1_score=(2.25, 87.049219967, 29.083333333)
[CHECK][phase1_pair_self_labeling.train.subproblem] episode=19355 subproblem_id=NP_NC block_count=15 best_source=agent_greedy loss=0.177204 phase1_score=(0.666666667, 14.047945412, 5.083333333)
[CHECK][phase1_pair_self_labeling.train.subproblem] episode=19355 subproblem_id=FN_FL block_count=27 best_source=agent_sample_38 loss=0.666611 phase1_score=(0.0, 17.363015451, 9.0)
[CHECK][phase1_pair_self_labeling.train] episode=19355 problem_id=EP19355 block_count=42 best_source=NP_NC:agent_greedy|FN_FL:agent_sample_38 subproblem_count=2 loss=0.421908 learning_score=(0.666666667, 31.410960863, 14.083333333) phase1_score=(0.666666667, 31.410960863, 14.083333333)
[CHECK][phase1_pair_self_labeling.train.subproblem] episode=19356 subproblem_id=NP_NC block_count=33 best_source=agent_sample_27 loss=0.596648 phase1_score=(0.75, 20.942401906, 11.333333333)
[CHECK][phase1_pair_self_labeling.train.subproblem] episode=19356 subproblem_id=FN_FL block_count=42 best_source=agent_sample_37 loss=0.994866 phase1_score=(1.0, 6.247844087, 14.0)
[CHECK][phase1_pair_self_labeling.train] episode=19356 problem_id=EP19356 block_count=75 best_source=NP_NC:agent_sample_27|FN_FL:agent_sample_37 subproblem_count=2 loss=0.795757 learning_score=(1.75, 27.190245992, 25.333333333) phase1_score=(1.75, 27.190245992, 25.333333333)
[CHECK][phase1_pair_self_labeling.train.subproblem] episode=19357 subproblem_id=NP_NC block_count=22 best_source=agent_sample_43 loss=0.569258 phase1_score=(0.5, 13.3034905, 3.666666667)
[CHECK][phase1_pair_self_labeling.train.subproblem] episode=19357 subproblem_id=FN_FL block_count=30 best_source=agent_sample_58 loss=0.702618 phase1_score=(0.5, 9.280493715, 5.0)
[CHECK][phase1_pair_self_labeling.train] episode=19357 problem_id=EP19357 block_count=52 best_source=NP_NC:agent_sample_43|FN_FL:agent_sample_58 subproblem_count=2 loss=0.635938 learning_score=(1.0, 22.583984215, 8.666666667) phase1_score=(1.0, 22.583984215, 8.666666667)
[CHECK][phase1_pair_self_labeling.train.subproblem] episode=19358 subproblem_id=NP_NC block_count=45 best_source=agent_sample_60 loss=0.847233 phase1_score=(0.25, 23.875187987, 12.916666667)
[CHECK][phase1_pair_self_labeling.train.subproblem] episode=19358 subproblem_id=FN_FL block_count=42 best_source=agent_sample_4 loss=0.659958 phase1_score=(1.0, 3.601728823, 5.0)
[CHECK][phase1_pair_self_labeling.train] episode=19358 problem_id=EP19358 block_count=87 best_source=NP_NC:agent_sample_60|FN_FL:agent_sample_4 subproblem_count=2 loss=0.753596 learning_score=(1.25, 27.47691681, 17.916666667) phase1_score=(1.25, 27.47691681, 17.916666667)
[CHECK][phase1_pair_self_labeling.train.subproblem] episode=19359 subproblem_id=NP_NC block_count=39 best_source=agent_sample_37 loss=1.293221 phase1_score=(0.333333333, 25.289261408, 8.75)
[CHECK][phase1_pair_self_labeling.train.subproblem] episode=19359 subproblem_id=FN_FL block_count=55 best_source=agent_sample_57 loss=1.199492 phase1_score=(1.0, 14.915414093, 10.5)
[CHECK][phase1_pair_self_labeling.train] episode=19359 problem_id=EP19359 block_count=94 best_source=NP_NC:agent_sample_37|FN_FL:agent_sample_57 subproblem_count=2 loss=1.246356 learning_score=(1.333333333, 40.204675501, 19.25) phase1_score=(1.333333333, 40.204675501, 19.25)
[CHECK][phase1_pair_self_labeling.train.subproblem] episode=19360 subproblem_id=NP_NC block_count=18 best_source=agent_sample_48 loss=0.639972 phase1_score=(0.833333333, 28.9677196, 4.583333333)
[CHECK][phase1_pair_self_labeling.train.subproblem] episode=19360 subproblem_id=FN_FL block_count=27 best_source=agent_sample_27 loss=0.518872 phase1_score=(1.0, 15.650459606, 3.0)
[CHECK][phase1_pair_self_labeling.train] episode=19360 problem_id=EP19360 block_count=45 best_source=NP_NC:agent_sample_48|FN_FL:agent_sample_27 subproblem_count=2 loss=0.579422 learning_score=(1.833333333, 44.618179206, 7.583333333) phase1_score=(1.833333333, 44.618179206, 7.583333333)
[CHECK][phase1_pair_self_labeling.train.subproblem] episode=19361 subproblem_id=NP_NC block_count=10 best_source=agent_sample_9 loss=0.449992 phase1_score=(1.0, 36.304865723, 2.083333333)
[CHECK][phase1_pair_self_labeling.train.subproblem] episode=19361 subproblem_id=FN_FL block_count=14 best_source=agent_sample_23 loss=0.436538 phase1_score=(0.5, 53.0516326, 1.5)
[CHECK][phase1_pair_self_labeling.train] episode=19361 problem_id=EP19361 block_count=24 best_source=NP_NC:agent_sample_9|FN_FL:agent_sample_23 subproblem_count=2 loss=0.443265 learning_score=(1.5, 89.356498323, 3.583333333) phase1_score=(1.5, 89.356498323, 3.583333333)
[CHECK][phase1_pair_self_labeling.train.subproblem] episode=19362 subproblem_id=NP_NC block_count=15 best_source=agent_sample_55 loss=0.485723 phase1_score=(1.333333333, 124.537467893, 6.583333333)
[CHECK][phase1_pair_self_labeling.train.subproblem] episode=19362 subproblem_id=FN_FL block_count=20 best_source=agent_sample_38 loss=0.671421 phase1_score=(1.0, 5.084075688, 4.5)
[CHECK][phase1_pair_self_labeling.train] episode=19362 problem_id=EP19362 block_count=35 best_source=NP_NC:agent_sample_55|FN_FL:agent_sample_38 subproblem_count=2 loss=0.578572 learning_score=(2.333333333, 129.621543581, 11.083333333) phase1_score=(2.333333333, 129.621543581, 11.083333333)
[CHECK][phase1_pair_self_labeling.train.subproblem] episode=19363 subproblem_id=NP_NC block_count=46 best_source=agent_sample_44 loss=0.769040 phase1_score=(0.083333333, 26.699011491, 14.5)
[CHECK][phase1_pair_self_labeling.train.subproblem] episode=19363 subproblem_id=FN_FL block_count=49 best_source=agent_sample_43 loss=0.943189 phase1_score=(0.0, 21.25702755, 4.5)
[CHECK][phase1_pair_self_labeling.train] episode=19363 problem_id=EP19363 block_count=95 best_source=NP_NC:agent_sample_44|FN_FL:agent_sample_43 subproblem_count=2 loss=0.856115 learning_score=(0.083333333, 47.95603904, 19.0) phase1_score=(0.083333333, 47.95603904, 19.0)
[CHECK][phase1_pair_self_labeling.train.subproblem] episode=19364 subproblem_id=NP_NC block_count=22 best_source=agent_sample_25 loss=0.297509 phase1_score=(0.416666667, 12.942226103, 3.25)
[CHECK][phase1_pair_self_labeling.train.subproblem] episode=19364 subproblem_id=FN_FL block_count=33 best_source=agent_greedy loss=0.389443 phase1_score=(0.0, 14.956384124, 11.0)
[CHECK][phase1_pair_self_labeling.train] episode=19364 problem_id=EP19364 block_count=55 best_source=NP_NC:agent_sample_25|FN_FL:agent_greedy subproblem_count=2 loss=0.343476 learning_score=(0.416666667, 27.898610227, 14.25) phase1_score=(0.416666667, 27.898610227, 14.25)
[CHECK][phase1_pair_self_labeling.train.subproblem] episode=19365 subproblem_id=NP_NC block_count=7 best_source=agent_sample_4 loss=0.369472 phase1_score=(0.75, 108.364215666, 5.5)
[CHECK][phase1_pair_self_labeling.train.subproblem] episode=19365 subproblem_id=FN_FL block_count=9 best_source=agent_sample_19 loss=0.478409 phase1_score=(0.5, 16.189166837, 2.5)
[CHECK][phase1_pair_self_labeling.train] episode=19365 problem_id=EP19365 block_count=16 best_source=NP_NC:agent_sample_4|FN_FL:agent_sample_19 subproblem_count=2 loss=0.423941 learning_score=(1.25, 124.553382503, 8.0) phase1_score=(1.25, 124.553382503, 8.0)
[CHECK][phase1_pair_self_labeling.train.subproblem] episode=19366 subproblem_id=NP_NC block_count=21 best_source=agent_sample_60 loss=1.571804 phase1_score=(1.416666667, 553.328247634, 10.666666667)
[CHECK][phase1_pair_self_labeling.train.subproblem] episode=19366 subproblem_id=FN_FL block_count=20 best_source=agent_sample_4 loss=0.538703 phase1_score=(0.5, 19.960761098, 8.5)
[CHECK][phase1_pair_self_labeling.train] episode=19366 problem_id=EP19366 block_count=41 best_source=NP_NC:agent_sample_60|FN_FL:agent_sample_4 subproblem_count=2 loss=1.055254 learning_score=(1.916666667, 573.289008732, 19.166666667) phase1_score=(1.916666667, 573.289008732, 19.166666667)
[CHECK][phase1_pair_self_labeling.train.subproblem] episode=19367 subproblem_id=NP_NC block_count=24 best_source=agent_sample_15 loss=0.611063 phase1_score=(0.333333333, 25.186485246, 13.083333333)
[CHECK][phase1_pair_self_labeling.train.subproblem] episode=19367 subproblem_id=FN_FL block_count=23 best_source=agent_sample_4 loss=0.652588 phase1_score=(0.5, 21.009788936, 4.5)
[CHECK][phase1_pair_self_labeling.train] episode=19367 problem_id=EP19367 block_count=47 best_source=NP_NC:agent_sample_15|FN_FL:agent_sample_4 subproblem_count=2 loss=0.631826 learning_score=(0.833333333, 46.196274182, 17.583333333) phase1_score=(0.833333333, 46.196274182, 17.583333333)
[CHECK][phase1_pair_self_labeling.train.subproblem] episode=19368 subproblem_id=NP_NC block_count=6 best_source=agent_sample_3 loss=0.605725 phase1_score=(12.25, 844.803984568, 13.333333333)
[CHECK][phase1_pair_self_labeling.train.subproblem] episode=19368 subproblem_id=FN_FL block_count=12 best_source=agent_sample_10 loss=0.316742 phase1_score=(1.0, 10.375364924, 1.5)
[CHECK][phase1_pair_self_labeling.train] episode=19368 problem_id=EP19368 block_count=18 best_source=NP_NC:agent_sample_3|FN_FL:agent_sample_10 subproblem_count=2 loss=0.461233 learning_score=(13.25, 855.179349492, 14.833333333) phase1_score=(13.25, 855.179349492, 14.833333333)
[CHECK][phase1_pair_self_labeling.train.subproblem] episode=19369 subproblem_id=NP_NC block_count=18 best_source=agent_sample_7 loss=0.458451 phase1_score=(0.25, 0.583602948, 6.416666667)
[CHECK][phase1_pair_self_labeling.train.subproblem] episode=19369 subproblem_id=FN_FL block_count=14 best_source=agent_sample_11 loss=0.338264 phase1_score=(1.5, 44.745665135, 5.5)
[CHECK][phase1_pair_self_labeling.train] episode=19369 problem_id=EP19369 block_count=32 best_source=NP_NC:agent_sample_7|FN_FL:agent_sample_11 subproblem_count=2 loss=0.398358 learning_score=(1.75, 45.329268084, 11.916666667) phase1_score=(1.75, 45.329268084, 11.916666667)
[CHECK][phase1_pair_self_labeling.train.subproblem] episode=19370 subproblem_id=NP_NC block_count=23 best_source=agent_sample_28 loss=1.120769 phase1_score=(0.333333333, 673.655372842, 10.25)
[CHECK][phase1_pair_self_labeling.train.subproblem] episode=19370 subproblem_id=FN_FL block_count=21 best_source=agent_sample_42 loss=0.707720 phase1_score=(0.5, 36.779991856, 5.0)
[CHECK][phase1_pair_self_labeling.train] episode=19370 problem_id=EP19370 block_count=44 best_source=NP_NC:agent_sample_28|FN_FL:agent_sample_42 subproblem_count=2 loss=0.914245 learning_score=(0.833333333, 710.435364698, 15.25) phase1_score=(0.833333333, 710.435364698, 15.25)
[CHECK][phase1_pair_self_labeling.train.subproblem] episode=19371 subproblem_id=NP_NC block_count=51 best_source=agent_sample_10 loss=0.756087 phase1_score=(0.166666667, 49.954037369, 14.666666667)
[CHECK][phase1_pair_self_labeling.train.subproblem] episode=19371 subproblem_id=FN_FL block_count=49 best_source=agent_sample_44 loss=1.126715 phase1_score=(1.0, 7.37848575, 6.0)
[CHECK][phase1_pair_self_labeling.train] episode=19371 problem_id=EP19371 block_count=100 best_source=NP_NC:agent_sample_10|FN_FL:agent_sample_44 subproblem_count=2 loss=0.941401 learning_score=(1.166666667, 57.332523119, 20.666666667) phase1_score=(1.166666667, 57.332523119, 20.666666667)
[CHECK][phase1_pair_self_labeling.train.subproblem] episode=19372 subproblem_id=NP_NC block_count=28 best_source=agent_sample_60 loss=0.387841 phase1_score=(0.75, 41.424644523, 9.5)
[CHECK][phase1_pair_self_labeling.train.subproblem] episode=19372 subproblem_id=FN_FL block_count=24 best_source=agent_sample_55 loss=0.619335 phase1_score=(0.5, 25.134773339, 1.5)
[CHECK][phase1_pair_self_labeling.train] episode=19372 problem_id=EP19372 block_count=52 best_source=NP_NC:agent_sample_60|FN_FL:agent_sample_55 subproblem_count=2 loss=0.503588 learning_score=(1.25, 66.559417862, 11.0) phase1_score=(1.25, 66.559417862, 11.0)
[CHECK][phase1_pair_self_labeling.train.subproblem] episode=19373 subproblem_id=NP_NC block_count=8 best_source=agent_sample_26 loss=1.177514 phase1_score=(0.75, 39.631960638, 2.0)
[CHECK][phase1_pair_self_labeling.train.subproblem] episode=19373 subproblem_id=FN_FL block_count=9 best_source=agent_sample_3 loss=0.473400 phase1_score=(0.5, 86.978957728, 3.5)
[CHECK][phase1_pair_self_labeling.train] episode=19373 problem_id=EP19373 block_count=17 best_source=NP_NC:agent_sample_26|FN_FL:agent_sample_3 subproblem_count=2 loss=0.825457 learning_score=(1.25, 126.610918365, 5.5) phase1_score=(1.25, 126.610918365, 5.5)
[CHECK][phase1_pair_self_labeling.train.subproblem] episode=19374 subproblem_id=NP_NC block_count=37 best_source=agent_sample_52 loss=0.623830 phase1_score=(0.333333333, 43.125643945, 11.416666667)
[CHECK][phase1_pair_self_labeling.train.subproblem] episode=19374 subproblem_id=FN_FL block_count=40 best_source=agent_sample_16 loss=0.965036 phase1_score=(0.5, 22.933511616, 2.5)
[CHECK][phase1_pair_self_labeling.train] episode=19374 problem_id=EP19374 block_count=77 best_source=NP_NC:agent_sample_52|FN_FL:agent_sample_16 subproblem_count=2 loss=0.794433 learning_score=(0.833333333, 66.059155561, 13.916666667) phase1_score=(0.833333333, 66.059155561, 13.916666667)
[CHECK][phase1_pair_self_labeling.train.subproblem] episode=19375 subproblem_id=NP_NC block_count=35 best_source=agent_sample_56 loss=0.548356 phase1_score=(0.75, 29.301372503, 0.75)
[CHECK][phase1_pair_self_labeling.train.subproblem] episode=19375 subproblem_id=FN_FL block_count=53 best_source=agent_sample_59 loss=1.112136 phase1_score=(0.5, 9.660075472, 11.0)
[CHECK][phase1_pair_self_labeling.train] episode=19375 problem_id=EP19375 block_count=88 best_source=NP_NC:agent_sample_56|FN_FL:agent_sample_59 subproblem_count=2 loss=0.830246 learning_score=(1.25, 38.961447975, 11.75) phase1_score=(1.25, 38.961447975, 11.75)
[CHECK][phase1_pair_self_labeling.train.subproblem] episode=19376 subproblem_id=NP_NC block_count=18 best_source=agent_sample_2 loss=0.595498 phase1_score=(1.75, 125.969139386, 5.25)
[CHECK][phase1_pair_self_labeling.train.subproblem] episode=19376 subproblem_id=FN_FL block_count=24 best_source=agent_sample_55 loss=0.596333 phase1_score=(0.5, 10.252734144, 6.0)
[CHECK][phase1_pair_self_labeling.train] episode=19376 problem_id=EP19376 block_count=42 best_source=NP_NC:agent_sample_2|FN_FL:agent_sample_55 subproblem_count=2 loss=0.595916 learning_score=(2.25, 136.221873531, 11.25) phase1_score=(2.25, 136.221873531, 11.25)
[CHECK][phase1_pair_self_labeling.train.subproblem] episode=19377 subproblem_id=NP_NC block_count=15 best_source=agent_sample_42 loss=0.392910 phase1_score=(0.75, 113.12905809, 8.75)
[CHECK][phase1_pair_self_labeling.train.subproblem] episode=19377 subproblem_id=FN_FL block_count=16 best_source=agent_sample_5 loss=0.348638 phase1_score=(0.5, 68.76743252, 3.0)
[CHECK][phase1_pair_self_labeling.train] episode=19377 problem_id=EP19377 block_count=31 best_source=NP_NC:agent_sample_42|FN_FL:agent_sample_5 subproblem_count=2 loss=0.370774 learning_score=(1.25, 181.89649061, 11.75) phase1_score=(1.25, 181.89649061, 11.75)
[CHECK][phase1_pair_self_labeling.train.subproblem] episode=19378 subproblem_id=NP_NC block_count=16 best_source=agent_sample_42 loss=0.553676 phase1_score=(0.333333333, 198.399260683, 9.0)
[CHECK][phase1_pair_self_labeling.train.subproblem] episode=19378 subproblem_id=FN_FL block_count=9 best_source=agent_sample_7 loss=0.851203 phase1_score=(1.0, 42.555487676, 2.0)
[CHECK][phase1_pair_self_labeling.train] episode=19378 problem_id=EP19378 block_count=25 best_source=NP_NC:agent_sample_42|FN_FL:agent_sample_7 subproblem_count=2 loss=0.702439 learning_score=(1.333333333, 240.954748359, 11.0) phase1_score=(1.333333333, 240.954748359, 11.0)
[CHECK][phase1_pair_self_labeling.train.subproblem] episode=19379 subproblem_id=NP_NC block_count=9 best_source=agent_sample_2 loss=0.457992 phase1_score=(0.5, 62.557287187, 8.916666667)
[CHECK][phase1_pair_self_labeling.train.subproblem] episode=19379 subproblem_id=FN_FL block_count=22 best_source=agent_sample_9 loss=0.347171 phase1_score=(1.0, 4.775896034, 4.5)
[CHECK][phase1_pair_self_labeling.train] episode=19379 problem_id=EP19379 block_count=31 best_source=NP_NC:agent_sample_2|FN_FL:agent_sample_9 subproblem_count=2 loss=0.402581 learning_score=(1.5, 67.333183222, 13.416666667) phase1_score=(1.5, 67.333183222, 13.416666667)
[CHECK][phase1_pair_self_labeling.train.subproblem] episode=19380 subproblem_id=NP_NC block_count=35 best_source=agent_sample_19 loss=0.515632 phase1_score=(0.416666667, 16.051033033, 9.166666667)
[CHECK][phase1_pair_self_labeling.train.subproblem] episode=19380 subproblem_id=FN_FL block_count=47 best_source=agent_sample_9 loss=0.995294 phase1_score=(0.0, 24.95217782, 11.0)
[CHECK][phase1_pair_self_labeling.train] episode=19380 problem_id=EP19380 block_count=82 best_source=NP_NC:agent_sample_19|FN_FL:agent_sample_9 subproblem_count=2 loss=0.755463 learning_score=(0.416666667, 41.003210853, 20.166666667) phase1_score=(0.416666667, 41.003210853, 20.166666667)
[CHECK][phase1_pair_self_labeling.train.subproblem] episode=19381 subproblem_id=NP_NC block_count=34 best_source=agent_sample_6 loss=0.790079 phase1_score=(0.166666667, 123.319802894, 10.0)
[CHECK][phase1_pair_self_labeling.train.subproblem] episode=19381 subproblem_id=FN_FL block_count=50 best_source=agent_sample_39 loss=1.154921 phase1_score=(0.5, 6.225730257, 1.0)
[CHECK][phase1_pair_self_labeling.train] episode=19381 problem_id=EP19381 block_count=84 best_source=NP_NC:agent_sample_6|FN_FL:agent_sample_39 subproblem_count=2 loss=0.972500 learning_score=(0.666666667, 129.545533152, 11.0) phase1_score=(0.666666667, 129.545533152, 11.0)
[CHECK][phase1_pair_self_labeling.train.subproblem] episode=19382 subproblem_id=NP_NC block_count=25 best_source=agent_sample_9 loss=0.461797 phase1_score=(0.583333333, 39.483707723, 10.666666667)
[CHECK][phase1_pair_self_labeling.train.subproblem] episode=19382 subproblem_id=FN_FL block_count=37 best_source=agent_sample_48 loss=0.541726 phase1_score=(1.0, 18.841818563, 8.0)
[CHECK][phase1_pair_self_labeling.train] episode=19382 problem_id=EP19382 block_count=62 best_source=NP_NC:agent_sample_9|FN_FL:agent_sample_48 subproblem_count=2 loss=0.501762 learning_score=(1.583333333, 58.325526285, 18.666666667) phase1_score=(1.583333333, 58.325526285, 18.666666667)
[CHECK][phase1_pair_self_labeling.train.subproblem] episode=19383 subproblem_id=NP_NC block_count=33 best_source=agent_sample_36 loss=0.715281 phase1_score=(0.166666667, 174.722203765, 6.916666667)
[CHECK][phase1_pair_self_labeling.train.subproblem] episode=19383 subproblem_id=FN_FL block_count=31 best_source=agent_sample_16 loss=0.678135 phase1_score=(0.0, 21.04745619, 5.5)
[CHECK][phase1_pair_self_labeling.train] episode=19383 problem_id=EP19383 block_count=64 best_source=NP_NC:agent_sample_36|FN_FL:agent_sample_16 subproblem_count=2 loss=0.696708 learning_score=(0.166666667, 195.769659955, 12.416666667) phase1_score=(0.166666667, 195.769659955, 12.416666667)
[CHECK][phase1_pair_self_labeling.train.subproblem] episode=19384 subproblem_id=NP_NC block_count=11 best_source=agent_sample_23 loss=0.553105 phase1_score=(0.833333333, 59.100764456, 4.666666667)
[CHECK][phase1_pair_self_labeling.train.subproblem] episode=19384 subproblem_id=FN_FL block_count=20 best_source=agent_sample_40 loss=0.428909 phase1_score=(0.0, 29.267588076, 1.0)
[CHECK][phase1_pair_self_labeling.train] episode=19384 problem_id=EP19384 block_count=31 best_source=NP_NC:agent_sample_23|FN_FL:agent_sample_40 subproblem_count=2 loss=0.491007 learning_score=(0.833333333, 88.368352532, 5.666666667) phase1_score=(0.833333333, 88.368352532, 5.666666667)
[CHECK][phase1_pair_self_labeling.train.subproblem] episode=19385 subproblem_id=NP_NC block_count=9 best_source=agent_greedy loss=0.384871 phase1_score=(1.0, 89.008554133, 7.75)
[CHECK][phase1_pair_self_labeling.train.subproblem] episode=19385 subproblem_id=FN_FL block_count=15 best_source=agent_sample_34 loss=0.413346 phase1_score=(0.5, 33.209284758, 5.0)
[CHECK][phase1_pair_self_labeling.train] episode=19385 problem_id=EP19385 block_count=24 best_source=NP_NC:agent_greedy|FN_FL:agent_sample_34 subproblem_count=2 loss=0.399109 learning_score=(1.5, 122.217838891, 12.75) phase1_score=(1.5, 122.217838891, 12.75)
[CHECK][phase1_pair_self_labeling.train.subproblem] episode=19386 subproblem_id=NP_NC block_count=16 best_source=agent_sample_40 loss=0.248087 phase1_score=(0.916666667, 22.260656173, 4.25)
[CHECK][phase1_pair_self_labeling.train.subproblem] episode=19386 subproblem_id=FN_FL block_count=22 best_source=agent_sample_6 loss=0.256812 phase1_score=(0.0, 8.996257006, 4.5)
[CHECK][phase1_pair_self_labeling.train] episode=19386 problem_id=EP19386 block_count=38 best_source=NP_NC:agent_sample_40|FN_FL:agent_sample_6 subproblem_count=2 loss=0.252450 learning_score=(0.916666667, 31.256913179, 8.75) phase1_score=(0.916666667, 31.256913179, 8.75)
[CHECK][phase1_pair_self_labeling.train.subproblem] episode=19387 subproblem_id=NP_NC block_count=26 best_source=agent_sample_28 loss=0.887511 phase1_score=(0.583333333, 128.093994169, 5.916666667)
[CHECK][phase1_pair_self_labeling.train.subproblem] episode=19387 subproblem_id=FN_FL block_count=29 best_source=agent_sample_27 loss=0.833106 phase1_score=(0.5, 8.468540875, 3.5)
[CHECK][phase1_pair_self_labeling.train] episode=19387 problem_id=EP19387 block_count=55 best_source=NP_NC:agent_sample_28|FN_FL:agent_sample_27 subproblem_count=2 loss=0.860309 learning_score=(1.083333333, 136.562535044, 9.416666667) phase1_score=(1.083333333, 136.562535044, 9.416666667)
[CHECK][phase1_pair_self_labeling.train.subproblem] episode=19388 subproblem_id=NP_NC block_count=47 best_source=agent_sample_28 loss=0.797747 phase1_score=(0.25, 20.150952327, 10.166666667)
[CHECK][phase1_pair_self_labeling.train.subproblem] episode=19388 subproblem_id=FN_FL block_count=36 best_source=agent_sample_5 loss=0.769247 phase1_score=(0.5, 33.790147771, 9.0)
[CHECK][phase1_pair_self_labeling.train] episode=19388 problem_id=EP19388 block_count=83 best_source=NP_NC:agent_sample_28|FN_FL:agent_sample_5 subproblem_count=2 loss=0.783497 learning_score=(0.75, 53.941100098, 19.166666667) phase1_score=(0.75, 53.941100098, 19.166666667)
[CHECK][phase1_pair_self_labeling.train.subproblem] episode=19389 subproblem_id=NP_NC block_count=19 best_source=bevel_first_balanced loss=14.832510 phase1_score=(0.583333333, 23.666787999, 3.833333333)
[CHECK][phase1_pair_self_labeling.train.subproblem] episode=19389 subproblem_id=FN_FL block_count=32 best_source=agent_sample_43 loss=0.853660 phase1_score=(0.5, 5.828507613, 6.0)
[CHECK][phase1_pair_self_labeling.train] episode=19389 problem_id=EP19389 block_count=51 best_source=NP_NC:bevel_first_balanced|FN_FL:agent_sample_43 subproblem_count=2 loss=7.843085 learning_score=(1.083333333, 29.495295612, 9.833333333) phase1_score=(1.083333333, 29.495295612, 9.833333333)
[CHECK][phase1_pair_self_labeling.train.subproblem] episode=19390 subproblem_id=NP_NC block_count=50 best_source=agent_sample_36 loss=0.763959 phase1_score=(0.416666667, 28.603557238, 9.0)
[CHECK][phase1_pair_self_labeling.train.subproblem] episode=19390 subproblem_id=FN_FL block_count=51 best_source=agent_sample_48 loss=0.928863 phase1_score=(0.5, 15.745193769, 19.5)
[CHECK][phase1_pair_self_labeling.train] episode=19390 problem_id=EP19390 block_count=101 best_source=NP_NC:agent_sample_36|FN_FL:agent_sample_48 subproblem_count=2 loss=0.846411 learning_score=(0.916666667, 44.348751007, 28.5) phase1_score=(0.916666667, 44.348751007, 28.5)
[CHECK][phase1_pair_self_labeling.train.subproblem] episode=19391 subproblem_id=NP_NC block_count=12 best_source=agent_greedy loss=0.140234 phase1_score=(0.916666667, 120.684961204, 2.5)
[CHECK][phase1_pair_self_labeling.train.subproblem] episode=19391 subproblem_id=FN_FL block_count=20 best_source=agent_sample_13 loss=0.384701 phase1_score=(0.5, 37.42749377, 5.5)
[CHECK][phase1_pair_self_labeling.train] episode=19391 problem_id=EP19391 block_count=32 best_source=NP_NC:agent_greedy|FN_FL:agent_sample_13 subproblem_count=2 loss=0.262468 learning_score=(1.416666667, 158.112454975, 8.0) phase1_score=(1.416666667, 158.112454975, 8.0)
[CHECK][phase1_pair_self_labeling.train.subproblem] episode=19392 subproblem_id=NP_NC block_count=10 best_source=agent_sample_2 loss=0.425539 phase1_score=(0.75, 69.794702207, 6.333333333)
[CHECK][phase1_pair_self_labeling.train.subproblem] episode=19392 subproblem_id=FN_FL block_count=11 best_source=agent_sample_8 loss=0.657820 phase1_score=(0.0, 43.997537183, 7.5)
[CHECK][phase1_pair_self_labeling.train] episode=19392 problem_id=EP19392 block_count=21 best_source=NP_NC:agent_sample_2|FN_FL:agent_sample_8 subproblem_count=2 loss=0.541680 learning_score=(0.75, 113.79223939, 13.833333333) phase1_score=(0.75, 113.79223939, 13.833333333)
[CHECK][phase1_pair_self_labeling.train.subproblem] episode=19393 subproblem_id=NP_NC block_count=13 best_source=agent_sample_7 loss=0.882530 phase1_score=(1.25, 113.195486132, 7.583333333)
[CHECK][phase1_pair_self_labeling.train.subproblem] episode=19393 subproblem_id=FN_FL block_count=24 best_source=agent_sample_63 loss=0.503983 phase1_score=(1.0, 45.83399104, 5.0)
[CHECK][phase1_pair_self_labeling.train] episode=19393 problem_id=EP19393 block_count=37 best_source=NP_NC:agent_sample_7|FN_FL:agent_sample_63 subproblem_count=2 loss=0.693257 learning_score=(2.25, 159.029477172, 12.583333333) phase1_score=(2.25, 159.029477172, 12.583333333)
[CHECK][phase1_pair_self_labeling.train.subproblem] episode=19394 subproblem_id=NP_NC block_count=13 best_source=agent_sample_12 loss=0.609379 phase1_score=(3.333333333, 74.287395871, 6.0)
[CHECK][phase1_pair_self_labeling.train.subproblem] episode=19394 subproblem_id=FN_FL block_count=16 best_source=agent_sample_2 loss=0.613846 phase1_score=(1.0, 16.798699218, 8.5)
[CHECK][phase1_pair_self_labeling.train] episode=19394 problem_id=EP19394 block_count=29 best_source=NP_NC:agent_sample_12|FN_FL:agent_sample_2 subproblem_count=2 loss=0.611612 learning_score=(4.333333333, 91.086095089, 14.5) phase1_score=(4.333333333, 91.086095089, 14.5)
[CHECK][phase1_pair_self_labeling.train.subproblem] episode=19395 subproblem_id=NP_NC block_count=6 best_source=agent_greedy loss=0.200931 phase1_score=(0.5, 100.347767913, 5.333333333)
[CHECK][phase1_pair_self_labeling.train.subproblem] episode=19395 subproblem_id=FN_FL block_count=10 best_source=agent_sample_52 loss=0.646579 phase1_score=(1.0, 25.838889913, 3.5)
[CHECK][phase1_pair_self_labeling.train] episode=19395 problem_id=EP19395 block_count=16 best_source=NP_NC:agent_greedy|FN_FL:agent_sample_52 subproblem_count=2 loss=0.423755 learning_score=(1.5, 126.186657826, 8.833333333) phase1_score=(1.5, 126.186657826, 8.833333333)
[CHECK][phase1_pair_self_labeling.train.subproblem] episode=19396 subproblem_id=NP_NC block_count=36 best_source=agent_sample_41 loss=0.518334 phase1_score=(0.5, 4.396387568, 4.75)
[CHECK][phase1_pair_self_labeling.train.subproblem] episode=19396 subproblem_id=FN_FL block_count=40 best_source=agent_sample_31 loss=0.875269 phase1_score=(1.0, 5.193469244, 10.5)
[CHECK][phase1_pair_self_labeling.train] episode=19396 problem_id=EP19396 block_count=76 best_source=NP_NC:agent_sample_41|FN_FL:agent_sample_31 subproblem_count=2 loss=0.696802 learning_score=(1.5, 9.589856812, 15.25) phase1_score=(1.5, 9.589856812, 15.25)
[CHECK][phase1_pair_self_labeling.train.subproblem] episode=19397 subproblem_id=NP_NC block_count=40 best_source=agent_sample_9 loss=0.743961 phase1_score=(0.416666667, 27.045939608, 6.416666667)
[CHECK][phase1_pair_self_labeling.train.subproblem] episode=19397 subproblem_id=FN_FL block_count=58 best_source=agent_sample_24 loss=1.226468 phase1_score=(0.5, 13.438094601, 11.0)
[CHECK][phase1_pair_self_labeling.train] episode=19397 problem_id=EP19397 block_count=98 best_source=NP_NC:agent_sample_9|FN_FL:agent_sample_24 subproblem_count=2 loss=0.985215 learning_score=(0.916666667, 40.484034209, 17.416666667) phase1_score=(0.916666667, 40.484034209, 17.416666667)
[CHECK][phase1_pair_self_labeling.train.subproblem] episode=19398 subproblem_id=NP_NC block_count=23 best_source=agent_sample_37 loss=0.417593 phase1_score=(0.083333333, 23.822261384, 4.416666667)
[CHECK][phase1_pair_self_labeling.train.subproblem] episode=19398 subproblem_id=FN_FL block_count=24 best_source=agent_sample_9 loss=0.485630 phase1_score=(0.5, 14.9342822, 4.5)
[CHECK][phase1_pair_self_labeling.train] episode=19398 problem_id=EP19398 block_count=47 best_source=NP_NC:agent_sample_37|FN_FL:agent_sample_9 subproblem_count=2 loss=0.451612 learning_score=(0.583333333, 38.756543584, 8.916666667) phase1_score=(0.583333333, 38.756543584, 8.916666667)
[CHECK][phase1_pair_self_labeling.train.subproblem] episode=19399 subproblem_id=NP_NC block_count=24 best_source=agent_sample_5 loss=0.403123 phase1_score=(0.5, 23.974824549, 6.5)
[CHECK][phase1_pair_self_labeling.train.subproblem] episode=19399 subproblem_id=FN_FL block_count=37 best_source=agent_sample_12 loss=0.981853 phase1_score=(0.5, 7.797471453, 7.0)
[CHECK][phase1_pair_self_labeling.train] episode=19399 problem_id=EP19399 block_count=61 best_source=NP_NC:agent_sample_5|FN_FL:agent_sample_12 subproblem_count=2 loss=0.692488 learning_score=(1.0, 31.772296002, 13.5) phase1_score=(1.0, 31.772296002, 13.5)
[CHECK][phase1_pair_self_labeling.train.subproblem] episode=19400 subproblem_id=NP_NC block_count=44 best_source=agent_sample_52 loss=0.642957 phase1_score=(0.5, 26.108392494, 15.166666667)
[CHECK][phase1_pair_self_labeling.train.subproblem] episode=19400 subproblem_id=FN_FL block_count=51 best_source=agent_sample_28 loss=0.905638 phase1_score=(0.5, 5.721380658, 4.0)
[CHECK][phase1_pair_self_labeling.train] episode=19400 problem_id=EP19400 block_count=95 best_source=NP_NC:agent_sample_52|FN_FL:agent_sample_28 subproblem_count=2 loss=0.774298 learning_score=(1.0, 31.829773152, 19.166666667) phase1_score=(1.0, 31.829773152, 19.166666667)
[VALIDATION][phase1_pair_self_labeling.validate] episode=19400 validation_episodes=20 agent_best_rate=0.880342 checkpoint_score=(0.492165242154, 34.124817601897, 4.198717948718) best_checkpoint_saved=False
[CHECK][phase1_pair_self_labeling.train.subproblem] episode=19401 subproblem_id=NP_NC block_count=43 best_source=agent_sample_19 loss=0.734155 phase1_score=(0.333333333, 14.688221059, 11.75)
[CHECK][phase1_pair_self_labeling.train.subproblem] episode=19401 subproblem_id=FN_FL block_count=58 best_source=agent_sample_63 loss=1.444290 phase1_score=(0.5, 11.473588667, 17.5)
[CHECK][phase1_pair_self_labeling.train] episode=19401 problem_id=EP19401 block_count=101 best_source=NP_NC:agent_sample_19|FN_FL:agent_sample_63 subproblem_count=2 loss=1.089223 learning_score=(0.833333333, 26.161809726, 29.25) phase1_score=(0.833333333, 26.161809726, 29.25)
[CHECK][phase1_pair_self_labeling.train.subproblem] episode=19402 subproblem_id=NP_NC block_count=17 best_source=agent_sample_24 loss=0.631392 phase1_score=(1.333333333, 116.059027924, 5.333333333)
[CHECK][phase1_pair_self_labeling.train.subproblem] episode=19402 subproblem_id=FN_FL block_count=21 best_source=agent_sample_35 loss=0.532049 phase1_score=(0.5, 13.506735588, 10.5)
[CHECK][phase1_pair_self_labeling.train] episode=19402 problem_id=EP19402 block_count=38 best_source=NP_NC:agent_sample_24|FN_FL:agent_sample_35 subproblem_count=2 loss=0.581720 learning_score=(1.833333333, 129.565763512, 15.833333333) phase1_score=(1.833333333, 129.565763512, 15.833333333)
[CHECK][phase1_pair_self_labeling.train.subproblem] episode=19403 subproblem_id=NP_NC block_count=34 best_source=agent_sample_56 loss=0.520004 phase1_score=(0.25, 10.995300452, 8.75)
[CHECK][phase1_pair_self_labeling.train.subproblem] episode=19403 subproblem_id=FN_FL block_count=33 best_source=agent_sample_17 loss=0.793485 phase1_score=(0.0, 8.926274338, 8.5)
[CHECK][phase1_pair_self_labeling.train] episode=19403 problem_id=EP19403 block_count=67 best_source=NP_NC:agent_sample_56|FN_FL:agent_sample_17 subproblem_count=2 loss=0.656744 learning_score=(0.25, 19.92157479, 17.25) phase1_score=(0.25, 19.92157479, 17.25)
[CHECK][phase1_pair_self_labeling.train.subproblem] episode=19404 subproblem_id=NP_NC block_count=39 best_source=agent_sample_26 loss=0.571651 phase1_score=(0.25, 15.763586336, 4.5)
[CHECK][phase1_pair_self_labeling.train.subproblem] episode=19404 subproblem_id=FN_FL block_count=55 best_source=agent_sample_25 loss=1.402806 phase1_score=(0.5, 23.721519028, 9.5)
[CHECK][phase1_pair_self_labeling.train] episode=19404 problem_id=EP19404 block_count=94 best_source=NP_NC:agent_sample_26|FN_FL:agent_sample_25 subproblem_count=2 loss=0.987229 learning_score=(0.75, 39.485105364, 14.0) phase1_score=(0.75, 39.485105364, 14.0)
[CHECK][phase1_pair_self_labeling.train.subproblem] episode=19405 subproblem_id=NP_NC block_count=47 best_source=agent_sample_19 loss=0.784821 phase1_score=(0.166666667, 24.547822736, 12.75)
[CHECK][phase1_pair_self_labeling.train.subproblem] episode=19405 subproblem_id=FN_FL block_count=50 best_source=agent_sample_63 loss=1.285094 phase1_score=(0.5, 3.082226238, 4.5)
[CHECK][phase1_pair_self_labeling.train] episode=19405 problem_id=EP19405 block_count=97 best_source=NP_NC:agent_sample_19|FN_FL:agent_sample_63 subproblem_count=2 loss=1.034957 learning_score=(0.666666667, 27.630048974, 17.25) phase1_score=(0.666666667, 27.630048974, 17.25)
[CHECK][phase1_pair_self_labeling.train.subproblem] episode=19406 subproblem_id=NP_NC block_count=21 best_source=agent_sample_45 loss=0.527912 phase1_score=(0.416666667, 8.185048666, 4.666666667)
[CHECK][phase1_pair_self_labeling.train.subproblem] episode=19406 subproblem_id=FN_FL block_count=18 best_source=agent_sample_6 loss=0.390565 phase1_score=(0.5, 82.953809704, 0.5)
[CHECK][phase1_pair_self_labeling.train] episode=19406 problem_id=EP19406 block_count=39 best_source=NP_NC:agent_sample_45|FN_FL:agent_sample_6 subproblem_count=2 loss=0.459238 learning_score=(0.916666667, 91.138858371, 5.166666667) phase1_score=(0.916666667, 91.138858371, 5.166666667)
[CHECK][phase1_pair_self_labeling.train.subproblem] episode=19407 subproblem_id=NP_NC block_count=11 best_source=cut_first_balanced loss=8.781898 phase1_score=(0.666666667, 65.315111039, 4.833333333)
[CHECK][phase1_pair_self_labeling.train.subproblem] episode=19407 subproblem_id=FN_FL block_count=14 best_source=agent_sample_10 loss=0.494882 phase1_score=(0.0, 91.129331391, 2.0)
[CHECK][phase1_pair_self_labeling.train] episode=19407 problem_id=EP19407 block_count=25 best_source=NP_NC:cut_first_balanced|FN_FL:agent_sample_10 subproblem_count=2 loss=4.638390 learning_score=(0.666666667, 156.44444243, 6.833333333) phase1_score=(0.666666667, 156.44444243, 6.833333333)
[CHECK][phase1_pair_self_labeling.train.subproblem] episode=19408 subproblem_id=NP_NC block_count=45 best_source=agent_sample_62 loss=0.764424 phase1_score=(0.666666667, 19.189011379, 6.166666667)
[CHECK][phase1_pair_self_labeling.train.subproblem] episode=19408 subproblem_id=FN_FL block_count=56 best_source=agent_sample_18 loss=1.280452 phase1_score=(0.5, 29.726464058, 9.0)
[CHECK][phase1_pair_self_labeling.train] episode=19408 problem_id=EP19408 block_count=101 best_source=NP_NC:agent_sample_62|FN_FL:agent_sample_18 subproblem_count=2 loss=1.022438 learning_score=(1.166666667, 48.915475437, 15.166666667) phase1_score=(1.166666667, 48.915475437, 15.166666667)
[CHECK][phase1_pair_self_labeling.train.subproblem] episode=19409 subproblem_id=NP_NC block_count=15 best_source=agent_sample_49 loss=0.541367 phase1_score=(0.666666667, 24.326616368, 4.75)
[CHECK][phase1_pair_self_labeling.train.subproblem] episode=19409 subproblem_id=FN_FL block_count=17 best_source=agent_sample_37 loss=0.928918 phase1_score=(1.0, 28.226456931, 9.5)
[CHECK][phase1_pair_self_labeling.train] episode=19409 problem_id=EP19409 block_count=32 best_source=NP_NC:agent_sample_49|FN_FL:agent_sample_37 subproblem_count=2 loss=0.735143 learning_score=(1.666666667, 52.553073299, 14.25) phase1_score=(1.666666667, 52.553073299, 14.25)
[CHECK][phase1_pair_self_labeling.train.subproblem] episode=19410 subproblem_id=NP_NC block_count=17 best_source=agent_sample_16 loss=0.348143 phase1_score=(0.416666667, 140.089251773, 5.333333333)
[CHECK][phase1_pair_self_labeling.train.subproblem] episode=19410 subproblem_id=FN_FL block_count=19 best_source=agent_sample_45 loss=0.796114 phase1_score=(0.5, 53.625931513, 6.5)
[CHECK][phase1_pair_self_labeling.train] episode=19410 problem_id=EP19410 block_count=36 best_source=NP_NC:agent_sample_16|FN_FL:agent_sample_45 subproblem_count=2 loss=0.572129 learning_score=(0.916666667, 193.715183286, 11.833333333) phase1_score=(0.916666667, 193.715183286, 11.833333333)
[CHECK][phase1_pair_self_labeling.train.subproblem] episode=19411 subproblem_id=NP_NC block_count=15 best_source=agent_sample_47 loss=0.523287 phase1_score=(0.416666667, 131.281495746, 5.75)
[CHECK][phase1_pair_self_labeling.train.subproblem] episode=19411 subproblem_id=FN_FL block_count=22 best_source=agent_sample_11 loss=0.965836 phase1_score=(1.5, 36.996344708, 4.0)
[CHECK][phase1_pair_self_labeling.train] episode=19411 problem_id=EP19411 block_count=37 best_source=NP_NC:agent_sample_47|FN_FL:agent_sample_11 subproblem_count=2 loss=0.744562 learning_score=(1.916666667, 168.277840453, 9.75) phase1_score=(1.916666667, 168.277840453, 9.75)
[CHECK][phase1_pair_self_labeling.train.subproblem] episode=19412 subproblem_id=NP_NC block_count=18 best_source=agent_sample_31 loss=1.692888 phase1_score=(0.666666667, 522.275251461, 8.25)
[CHECK][phase1_pair_self_labeling.train.subproblem] episode=19412 subproblem_id=FN_FL block_count=30 best_source=cut_first_balanced loss=3.958812 phase1_score=(1.0, 51.711273679, 3.5)
[CHECK][phase1_pair_self_labeling.train] episode=19412 problem_id=EP19412 block_count=48 best_source=NP_NC:agent_sample_31|FN_FL:cut_first_balanced subproblem_count=2 loss=2.825850 learning_score=(1.666666667, 573.98652514, 11.75) phase1_score=(1.666666667, 573.98652514, 11.75)
[CHECK][phase1_pair_self_labeling.train.subproblem] episode=19413 subproblem_id=NP_NC block_count=8 best_source=agent_sample_4 loss=0.389781 phase1_score=(0.75, 72.542607408, 4.0)
[CHECK][phase1_pair_self_labeling.train.subproblem] episode=19413 subproblem_id=FN_FL block_count=11 best_source=agent_sample_2 loss=0.296712 phase1_score=(2.0, 196.48230608, 3.5)
[CHECK][phase1_pair_self_labeling.train] episode=19413 problem_id=EP19413 block_count=19 best_source=NP_NC:agent_sample_4|FN_FL:agent_sample_2 subproblem_count=2 loss=0.343246 learning_score=(2.75, 269.024913488, 7.5) phase1_score=(2.75, 269.024913488, 7.5)
[CHECK][phase1_pair_self_labeling.train.subproblem] episode=19414 subproblem_id=NP_NC block_count=40 best_source=agent_sample_20 loss=0.999694 phase1_score=(0.416666667, 39.109438829, 4.583333333)
[CHECK][phase1_pair_self_labeling.train.subproblem] episode=19414 subproblem_id=FN_FL block_count=61 best_source=agent_sample_42 loss=1.852447 phase1_score=(0.5, 8.698173923, 2.5)
[CHECK][phase1_pair_self_labeling.train] episode=19414 problem_id=EP19414 block_count=101 best_source=NP_NC:agent_sample_20|FN_FL:agent_sample_42 subproblem_count=2 loss=1.426071 learning_score=(0.916666667, 47.807612751, 7.083333333) phase1_score=(0.916666667, 47.807612751, 7.083333333)
[CHECK][phase1_pair_self_labeling.train.subproblem] episode=19415 subproblem_id=NP_NC block_count=47 best_source=agent_sample_19 loss=1.065669 phase1_score=(0.5, 39.321391516, 5.0)
[CHECK][phase1_pair_self_labeling.train.subproblem] episode=19415 subproblem_id=FN_FL block_count=44 best_source=agent_sample_26 loss=1.236433 phase1_score=(0.5, 6.790602043, 9.0)
[CHECK][phase1_pair_self_labeling.train] episode=19415 problem_id=EP19415 block_count=91 best_source=NP_NC:agent_sample_19|FN_FL:agent_sample_26 subproblem_count=2 loss=1.151051 learning_score=(1.0, 46.111993559, 14.0) phase1_score=(1.0, 46.111993559, 14.0)
[CHECK][phase1_pair_self_labeling.train.subproblem] episode=19416 subproblem_id=NP_NC block_count=27 best_source=agent_sample_55 loss=0.782700 phase1_score=(0.083333333, 27.497406643, 7.5)
[CHECK][phase1_pair_self_labeling.train.subproblem] episode=19416 subproblem_id=FN_FL block_count=28 best_source=agent_sample_23 loss=0.925298 phase1_score=(0.5, 11.253361849, 5.0)
[CHECK][phase1_pair_self_labeling.train] episode=19416 problem_id=EP19416 block_count=55 best_source=NP_NC:agent_sample_55|FN_FL:agent_sample_23 subproblem_count=2 loss=0.853999 learning_score=(0.583333333, 38.750768492, 12.5) phase1_score=(0.583333333, 38.750768492, 12.5)
[CHECK][phase1_pair_self_labeling.train.subproblem] episode=19417 subproblem_id=NP_NC block_count=27 best_source=agent_sample_39 loss=0.817525 phase1_score=(0.75, 41.900932659, 7.333333333)
[CHECK][phase1_pair_self_labeling.train.subproblem] episode=19417 subproblem_id=FN_FL block_count=47 best_source=agent_sample_28 loss=1.310413 phase1_score=(0.0, 35.238351258, 15.0)
[CHECK][phase1_pair_self_labeling.train] episode=19417 problem_id=EP19417 block_count=74 best_source=NP_NC:agent_sample_39|FN_FL:agent_sample_28 subproblem_count=2 loss=1.063969 learning_score=(0.75, 77.139283917, 22.333333333) phase1_score=(0.75, 77.139283917, 22.333333333)
[CHECK][phase1_pair_self_labeling.train.subproblem] episode=19418 subproblem_id=NP_NC block_count=46 best_source=agent_sample_12 loss=1.242371 phase1_score=(0.333333333, 19.25193313, 9.5)
[CHECK][phase1_pair_self_labeling.train.subproblem] episode=19418 subproblem_id=FN_FL block_count=46 best_source=agent_sample_39 loss=1.488893 phase1_score=(1.0, 9.143323988, 7.5)
[CHECK][phase1_pair_self_labeling.train] episode=19418 problem_id=EP19418 block_count=92 best_source=NP_NC:agent_sample_12|FN_FL:agent_sample_39 subproblem_count=2 loss=1.365632 learning_score=(1.333333333, 28.395257118, 17.0) phase1_score=(1.333333333, 28.395257118, 17.0)
[CHECK][phase1_pair_self_labeling.train.subproblem] episode=19419 subproblem_id=NP_NC block_count=22 best_source=agent_sample_12 loss=0.439662 phase1_score=(0.333333333, 35.313205748, 9.0)
[CHECK][phase1_pair_self_labeling.train.subproblem] episode=19419 subproblem_id=FN_FL block_count=21 best_source=agent_sample_28 loss=0.454304 phase1_score=(1.5, 60.489716924, 7.5)
[CHECK][phase1_pair_self_labeling.train] episode=19419 problem_id=EP19419 block_count=43 best_source=NP_NC:agent_sample_12|FN_FL:agent_sample_28 subproblem_count=2 loss=0.446983 learning_score=(1.833333333, 95.802922672, 16.5) phase1_score=(1.833333333, 95.802922672, 16.5)
[CHECK][phase1_pair_self_labeling.train.subproblem] episode=19420 subproblem_id=NP_NC block_count=24 best_source=agent_sample_61 loss=0.663927 phase1_score=(0.5, 56.198790127, 2.333333333)
[CHECK][phase1_pair_self_labeling.train.subproblem] episode=19420 subproblem_id=FN_FL block_count=48 best_source=agent_sample_5 loss=1.245715 phase1_score=(0.0, 25.875118702, 9.5)
[CHECK][phase1_pair_self_labeling.train] episode=19420 problem_id=EP19420 block_count=72 best_source=NP_NC:agent_sample_61|FN_FL:agent_sample_5 subproblem_count=2 loss=0.954821 learning_score=(0.5, 82.073908828, 11.833333333) phase1_score=(0.5, 82.073908828, 11.833333333)
[CHECK][phase1_pair_self_labeling.train.subproblem] episode=19421 subproblem_id=NP_NC block_count=35 best_source=agent_sample_51 loss=0.554010 phase1_score=(0.25, 15.504044619, 3.75)
[CHECK][phase1_pair_self_labeling.train.subproblem] episode=19421 subproblem_id=FN_FL block_count=52 best_source=agent_sample_60 loss=1.533004 phase1_score=(0.0, 5.910132658, 5.0)
[CHECK][phase1_pair_self_labeling.train] episode=19421 problem_id=EP19421 block_count=87 best_source=NP_NC:agent_sample_51|FN_FL:agent_sample_60 subproblem_count=2 loss=1.043507 learning_score=(0.25, 21.414177277, 8.75) phase1_score=(0.25, 21.414177277, 8.75)
[CHECK][phase1_pair_self_labeling.train.subproblem] episode=19422 subproblem_id=NP_NC block_count=38 best_source=agent_sample_59 loss=0.710925 phase1_score=(0.5, 22.259419042, 7.833333333)
[CHECK][phase1_pair_self_labeling.train.subproblem] episode=19422 subproblem_id=FN_FL block_count=33 best_source=agent_greedy loss=0.787506 phase1_score=(0.5, 22.073446059, 6.0)
[CHECK][phase1_pair_self_labeling.train] episode=19422 problem_id=EP19422 block_count=71 best_source=NP_NC:agent_sample_59|FN_FL:agent_greedy subproblem_count=2 loss=0.749216 learning_score=(1.0, 44.332865101, 13.833333333) phase1_score=(1.0, 44.332865101, 13.833333333)
[CHECK][phase1_pair_self_labeling.train.subproblem] episode=19423 subproblem_id=NP_NC block_count=33 best_source=agent_sample_36 loss=0.812371 phase1_score=(0.25, 14.968313931, 13.416666667)
[CHECK][phase1_pair_self_labeling.train.subproblem] episode=19423 subproblem_id=FN_FL block_count=32 best_source=wo_first_balanced loss=2.593308 phase1_score=(0.0, 11.462879734, 7.5)
[CHECK][phase1_pair_self_labeling.train] episode=19423 problem_id=EP19423 block_count=65 best_source=NP_NC:agent_sample_36|FN_FL:wo_first_balanced subproblem_count=2 loss=1.702840 learning_score=(0.25, 26.431193666, 20.916666667) phase1_score=(0.25, 26.431193666, 20.916666667)
[CHECK][phase1_pair_self_labeling.train.subproblem] episode=19424 subproblem_id=NP_NC block_count=19 best_source=agent_sample_37 loss=0.569347 phase1_score=(0.25, 44.136354566, 9.083333333)
[CHECK][phase1_pair_self_labeling.train.subproblem] episode=19424 subproblem_id=FN_FL block_count=21 best_source=agent_sample_34 loss=0.589710 phase1_score=(0.5, 13.96274019, 2.5)
[CHECK][phase1_pair_self_labeling.train] episode=19424 problem_id=EP19424 block_count=40 best_source=NP_NC:agent_sample_37|FN_FL:agent_sample_34 subproblem_count=2 loss=0.579529 learning_score=(0.75, 58.099094755, 11.583333333) phase1_score=(0.75, 58.099094755, 11.583333333)
[CHECK][phase1_pair_self_labeling.train.subproblem] episode=19425 subproblem_id=NP_NC block_count=18 best_source=agent_sample_11 loss=0.250604 phase1_score=(0.75, 37.503605784, 6.25)
[CHECK][phase1_pair_self_labeling.train.subproblem] episode=19425 subproblem_id=FN_FL block_count=9 best_source=agent_sample_4 loss=0.611202 phase1_score=(2.0, 58.113804946, 3.0)
[CHECK][phase1_pair_self_labeling.train] episode=19425 problem_id=EP19425 block_count=27 best_source=NP_NC:agent_sample_11|FN_FL:agent_sample_4 subproblem_count=2 loss=0.430903 learning_score=(2.75, 95.61741073, 9.25) phase1_score=(2.75, 95.61741073, 9.25)
[CHECK][phase1_pair_self_labeling.train.subproblem] episode=19426 subproblem_id=NP_NC block_count=52 best_source=agent_sample_14 loss=1.004741 phase1_score=(0.416666667, 25.763477628, 10.166666667)
[CHECK][phase1_pair_self_labeling.train.subproblem] episode=19426 subproblem_id=FN_FL block_count=52 best_source=agent_sample_10 loss=1.068775 phase1_score=(0.5, 2.420217396, 3.0)
[CHECK][phase1_pair_self_labeling.train] episode=19426 problem_id=EP19426 block_count=104 best_source=NP_NC:agent_sample_14|FN_FL:agent_sample_10 subproblem_count=2 loss=1.036758 learning_score=(0.916666667, 28.183695024, 13.166666667) phase1_score=(0.916666667, 28.183695024, 13.166666667)
[CHECK][phase1_pair_self_labeling.train.subproblem] episode=19427 subproblem_id=NP_NC block_count=25 best_source=agent_sample_53 loss=0.704340 phase1_score=(0.5, 123.498275933, 8.75)
[CHECK][phase1_pair_self_labeling.train.subproblem] episode=19427 subproblem_id=FN_FL block_count=32 best_source=agent_sample_35 loss=0.728346 phase1_score=(0.0, 31.619258433, 6.0)
[CHECK][phase1_pair_self_labeling.train] episode=19427 problem_id=EP19427 block_count=57 best_source=NP_NC:agent_sample_53|FN_FL:agent_sample_35 subproblem_count=2 loss=0.716343 learning_score=(0.5, 155.117534367, 14.75) phase1_score=(0.5, 155.117534367, 14.75)
[CHECK][phase1_pair_self_labeling.train.subproblem] episode=19428 subproblem_id=NP_NC block_count=16 best_source=agent_sample_30 loss=0.394698 phase1_score=(0.0, 42.934978499, 3.833333333)
[CHECK][phase1_pair_self_labeling.train.subproblem] episode=19428 subproblem_id=FN_FL block_count=15 best_source=agent_sample_34 loss=0.531044 phase1_score=(1.5, 28.768055848, 1.5)
[CHECK][phase1_pair_self_labeling.train] episode=19428 problem_id=EP19428 block_count=31 best_source=NP_NC:agent_sample_30|FN_FL:agent_sample_34 subproblem_count=2 loss=0.462871 learning_score=(1.5, 71.703034348, 5.333333333) phase1_score=(1.5, 71.703034348, 5.333333333)
[CHECK][phase1_pair_self_labeling.train.subproblem] episode=19429 subproblem_id=NP_NC block_count=52 best_source=agent_sample_64 loss=0.882955 phase1_score=(1.333333333, 24.739430403, 8.25)
[CHECK][phase1_pair_self_labeling.train.subproblem] episode=19429 subproblem_id=FN_FL block_count=51 best_source=agent_sample_8 loss=1.263528 phase1_score=(0.5, 14.459603406, 12.5)
[CHECK][phase1_pair_self_labeling.train] episode=19429 problem_id=EP19429 block_count=103 best_source=NP_NC:agent_sample_64|FN_FL:agent_sample_8 subproblem_count=2 loss=1.073242 learning_score=(1.833333333, 39.199033808, 20.75) phase1_score=(1.833333333, 39.199033808, 20.75)
[CHECK][phase1_pair_self_labeling.train.subproblem] episode=19430 subproblem_id=NP_NC block_count=38 best_source=agent_sample_15 loss=0.902200 phase1_score=(0.25, 41.434777403, 8.666666667)
[CHECK][phase1_pair_self_labeling.train.subproblem] episode=19430 subproblem_id=FN_FL block_count=51 best_source=agent_sample_53 loss=0.927821 phase1_score=(0.0, 24.034082318, 4.0)
[CHECK][phase1_pair_self_labeling.train] episode=19430 problem_id=EP19430 block_count=89 best_source=NP_NC:agent_sample_15|FN_FL:agent_sample_53 subproblem_count=2 loss=0.915010 learning_score=(0.25, 65.468859721, 12.666666667) phase1_score=(0.25, 65.468859721, 12.666666667)
[CHECK][phase1_pair_self_labeling.train.subproblem] episode=19431 subproblem_id=NP_NC block_count=34 best_source=agent_sample_28 loss=0.437195 phase1_score=(1.833333333, 68.085715747, 6.75)
[CHECK][phase1_pair_self_labeling.train.subproblem] episode=19431 subproblem_id=FN_FL block_count=42 best_source=agent_sample_33 loss=0.882408 phase1_score=(0.5, 5.667288853, 3.5)
[CHECK][phase1_pair_self_labeling.train] episode=19431 problem_id=EP19431 block_count=76 best_source=NP_NC:agent_sample_28|FN_FL:agent_sample_33 subproblem_count=2 loss=0.659801 learning_score=(2.333333333, 73.7530046, 10.25) phase1_score=(2.333333333, 73.7530046, 10.25)
[CHECK][phase1_pair_self_labeling.train.subproblem] episode=19432 subproblem_id=NP_NC block_count=38 best_source=agent_sample_29 loss=0.658972 phase1_score=(0.416666667, 47.676027136, 6.833333333)
[CHECK][phase1_pair_self_labeling.train.subproblem] episode=19432 subproblem_id=FN_FL block_count=46 best_source=agent_sample_47 loss=1.159275 phase1_score=(0.5, 5.726141878, 3.5)
[CHECK][phase1_pair_self_labeling.train] episode=19432 problem_id=EP19432 block_count=84 best_source=NP_NC:agent_sample_29|FN_FL:agent_sample_47 subproblem_count=2 loss=0.909123 learning_score=(0.916666667, 53.402169014, 10.333333333) phase1_score=(0.916666667, 53.402169014, 10.333333333)
[CHECK][phase1_pair_self_labeling.train.subproblem] episode=19433 subproblem_id=NP_NC block_count=24 best_source=agent_sample_58 loss=0.750360 phase1_score=(0.5, 199.340996909, 9.75)
[CHECK][phase1_pair_self_labeling.train.subproblem] episode=19433 subproblem_id=FN_FL block_count=35 best_source=agent_sample_58 loss=0.826199 phase1_score=(0.0, 8.226417348, 3.5)
[CHECK][phase1_pair_self_labeling.train] episode=19433 problem_id=EP19433 block_count=59 best_source=NP_NC:agent_sample_58|FN_FL:agent_sample_58 subproblem_count=2 loss=0.788279 learning_score=(0.5, 207.567414257, 13.25) phase1_score=(0.5, 207.567414257, 13.25)
[CHECK][phase1_pair_self_labeling.train.subproblem] episode=19434 subproblem_id=NP_NC block_count=21 best_source=agent_sample_28 loss=0.491707 phase1_score=(0.5, 30.187939989, 11.583333333)
[CHECK][phase1_pair_self_labeling.train.subproblem] episode=19434 subproblem_id=FN_FL block_count=25 best_source=agent_sample_45 loss=0.499706 phase1_score=(0.5, 97.019170718, 4.0)
[CHECK][phase1_pair_self_labeling.train] episode=19434 problem_id=EP19434 block_count=46 best_source=NP_NC:agent_sample_28|FN_FL:agent_sample_45 subproblem_count=2 loss=0.495707 learning_score=(1.0, 127.207110707, 15.583333333) phase1_score=(1.0, 127.207110707, 15.583333333)
[CHECK][phase1_pair_self_labeling.train.subproblem] episode=19435 subproblem_id=NP_NC block_count=31 best_source=agent_sample_14 loss=0.510399 phase1_score=(0.5, 40.289310987, 2.833333333)
[CHECK][phase1_pair_self_labeling.train.subproblem] episode=19435 subproblem_id=FN_FL block_count=53 best_source=agent_sample_55 loss=1.391281 phase1_score=(1.0, 2.253578778, 5.0)
[CHECK][phase1_pair_self_labeling.train] episode=19435 problem_id=EP19435 block_count=84 best_source=NP_NC:agent_sample_14|FN_FL:agent_sample_55 subproblem_count=2 loss=0.950840 learning_score=(1.5, 42.542889765, 7.833333333) phase1_score=(1.5, 42.542889765, 7.833333333)
[CHECK][phase1_pair_self_labeling.train.subproblem] episode=19436 subproblem_id=NP_NC block_count=21 best_source=agent_sample_35 loss=0.425409 phase1_score=(0.5, 24.870272825, 6.083333333)
[CHECK][phase1_pair_self_labeling.train.subproblem] episode=19436 subproblem_id=FN_FL block_count=25 best_source=agent_sample_61 loss=0.924846 phase1_score=(0.5, 28.689734394, 3.5)
[CHECK][phase1_pair_self_labeling.train] episode=19436 problem_id=EP19436 block_count=46 best_source=NP_NC:agent_sample_35|FN_FL:agent_sample_61 subproblem_count=2 loss=0.675127 learning_score=(1.0, 53.560007219, 9.583333333) phase1_score=(1.0, 53.560007219, 9.583333333)
[CHECK][phase1_pair_self_labeling.train.subproblem] episode=19437 subproblem_id=NP_NC block_count=29 best_source=agent_sample_8 loss=0.568037 phase1_score=(1.75, 59.530416029, 4.0)
[CHECK][phase1_pair_self_labeling.train.subproblem] episode=19437 subproblem_id=FN_FL block_count=39 best_source=agent_sample_28 loss=0.793243 phase1_score=(0.5, 14.398918629, 2.5)
[CHECK][phase1_pair_self_labeling.train] episode=19437 problem_id=EP19437 block_count=68 best_source=NP_NC:agent_sample_8|FN_FL:agent_sample_28 subproblem_count=2 loss=0.680640 learning_score=(2.25, 73.929334658, 6.5) phase1_score=(2.25, 73.929334658, 6.5)
[CHECK][phase1_pair_self_labeling.train.subproblem] episode=19438 subproblem_id=NP_NC block_count=23 best_source=agent_sample_29 loss=0.466186 phase1_score=(1.25, 68.431642359, 5.5)
[CHECK][phase1_pair_self_labeling.train.subproblem] episode=19438 subproblem_id=FN_FL block_count=29 best_source=agent_sample_52 loss=0.731489 phase1_score=(0.5, 47.594758322, 3.5)
[CHECK][phase1_pair_self_labeling.train] episode=19438 problem_id=EP19438 block_count=52 best_source=NP_NC:agent_sample_29|FN_FL:agent_sample_52 subproblem_count=2 loss=0.598837 learning_score=(1.75, 116.026400681, 9.0) phase1_score=(1.75, 116.026400681, 9.0)
[CHECK][phase1_pair_self_labeling.train.subproblem] episode=19439 subproblem_id=NP_NC block_count=34 best_source=agent_sample_10 loss=1.270780 phase1_score=(0.5, 112.974675547, 7.083333333)
[CHECK][phase1_pair_self_labeling.train.subproblem] episode=19439 subproblem_id=FN_FL block_count=39 best_source=agent_sample_47 loss=0.892461 phase1_score=(0.5, 4.111109097, 2.5)
[CHECK][phase1_pair_self_labeling.train] episode=19439 problem_id=EP19439 block_count=73 best_source=NP_NC:agent_sample_10|FN_FL:agent_sample_47 subproblem_count=2 loss=1.081621 learning_score=(1.0, 117.085784644, 9.583333333) phase1_score=(1.0, 117.085784644, 9.583333333)
[CHECK][phase1_pair_self_labeling.train.subproblem] episode=19440 subproblem_id=NP_NC block_count=23 best_source=agent_sample_32 loss=0.554558 phase1_score=(0.75, 63.342306271, 9.166666667)
[CHECK][phase1_pair_self_labeling.train.subproblem] episode=19440 subproblem_id=FN_FL block_count=29 best_source=agent_sample_11 loss=0.453121 phase1_score=(0.5, 62.018629114, 2.5)
[CHECK][phase1_pair_self_labeling.train] episode=19440 problem_id=EP19440 block_count=52 best_source=NP_NC:agent_sample_32|FN_FL:agent_sample_11 subproblem_count=2 loss=0.503839 learning_score=(1.25, 125.360935385, 11.666666667) phase1_score=(1.25, 125.360935385, 11.666666667)
[CHECK][phase1_pair_self_labeling.train.subproblem] episode=19441 subproblem_id=NP_NC block_count=12 best_source=agent_sample_44 loss=1.286510 phase1_score=(3.333333333, 116.189456325, 7.666666667)
[CHECK][phase1_pair_self_labeling.train.subproblem] episode=19441 subproblem_id=FN_FL block_count=18 best_source=agent_sample_4 loss=0.415471 phase1_score=(0.5, 3.225269919, 3.0)
[CHECK][phase1_pair_self_labeling.train] episode=19441 problem_id=EP19441 block_count=30 best_source=NP_NC:agent_sample_44|FN_FL:agent_sample_4 subproblem_count=2 loss=0.850991 learning_score=(3.833333333, 119.414726243, 10.666666667) phase1_score=(3.833333333, 119.414726243, 10.666666667)
[CHECK][phase1_pair_self_labeling.train.subproblem] episode=19442 subproblem_id=NP_NC block_count=11 best_source=wo_first_balanced loss=3.745080 phase1_score=(1.75, 125.762834226, 4.583333333)
[CHECK][phase1_pair_self_labeling.train.subproblem] episode=19442 subproblem_id=FN_FL block_count=11 best_source=agent_greedy loss=0.146213 phase1_score=(0.5, 6.655873145, 2.5)
[CHECK][phase1_pair_self_labeling.train] episode=19442 problem_id=EP19442 block_count=22 best_source=NP_NC:wo_first_balanced|FN_FL:agent_greedy subproblem_count=2 loss=1.945646 learning_score=(2.25, 132.418707371, 7.083333333) phase1_score=(2.25, 132.418707371, 7.083333333)
[CHECK][phase1_pair_self_labeling.train.subproblem] episode=19443 subproblem_id=NP_NC block_count=31 best_source=agent_sample_27 loss=0.490220 phase1_score=(1.25, 31.231339519, 4.0)
[CHECK][phase1_pair_self_labeling.train.subproblem] episode=19443 subproblem_id=FN_FL block_count=24 best_source=agent_sample_41 loss=0.638681 phase1_score=(0.5, 32.846914633, 1.5)
[CHECK][phase1_pair_self_labeling.train] episode=19443 problem_id=EP19443 block_count=55 best_source=NP_NC:agent_sample_27|FN_FL:agent_sample_41 subproblem_count=2 loss=0.564450 learning_score=(1.75, 64.078254152, 5.5) phase1_score=(1.75, 64.078254152, 5.5)
[CHECK][phase1_pair_self_labeling.train.subproblem] episode=19444 subproblem_id=NP_NC block_count=20 best_source=agent_sample_7 loss=0.532360 phase1_score=(0.25, 26.610257753, 6.666666667)
[CHECK][phase1_pair_self_labeling.train.subproblem] episode=19444 subproblem_id=FN_FL block_count=29 best_source=agent_sample_34 loss=0.825878 phase1_score=(0.5, 19.098893982, 2.5)
[CHECK][phase1_pair_self_labeling.train] episode=19444 problem_id=EP19444 block_count=49 best_source=NP_NC:agent_sample_7|FN_FL:agent_sample_34 subproblem_count=2 loss=0.679119 learning_score=(0.75, 45.709151735, 9.166666667) phase1_score=(0.75, 45.709151735, 9.166666667)
[CHECK][phase1_pair_self_labeling.train.subproblem] episode=19445 subproblem_id=NP_NC block_count=43 best_source=agent_sample_20 loss=0.828955 phase1_score=(0.5, 19.539355207, 3.25)
[CHECK][phase1_pair_self_labeling.train.subproblem] episode=19445 subproblem_id=FN_FL block_count=35 best_source=agent_sample_5 loss=0.919913 phase1_score=(0.0, 18.432243332, 1.5)
[CHECK][phase1_pair_self_labeling.train] episode=19445 problem_id=EP19445 block_count=78 best_source=NP_NC:agent_sample_20|FN_FL:agent_sample_5 subproblem_count=2 loss=0.874434 learning_score=(0.5, 37.97159854, 4.75) phase1_score=(0.5, 37.97159854, 4.75)
[CHECK][phase1_pair_self_labeling.train.subproblem] episode=19446 subproblem_id=NP_NC block_count=20 best_source=agent_sample_58 loss=0.456799 phase1_score=(0.333333333, 31.892164663, 6.416666667)
[CHECK][phase1_pair_self_labeling.train.subproblem] episode=19446 subproblem_id=FN_FL block_count=11 best_source=agent_sample_12 loss=0.341746 phase1_score=(1.0, 81.841749647, 2.0)
[CHECK][phase1_pair_self_labeling.train] episode=19446 problem_id=EP19446 block_count=31 best_source=NP_NC:agent_sample_58|FN_FL:agent_sample_12 subproblem_count=2 loss=0.399273 learning_score=(1.333333333, 113.733914311, 8.416666667) phase1_score=(1.333333333, 113.733914311, 8.416666667)
[CHECK][phase1_pair_self_labeling.train.subproblem] episode=19447 subproblem_id=NP_NC block_count=12 best_source=agent_greedy loss=0.503891 phase1_score=(0.5, 77.758969665, 2.833333333)
[CHECK][phase1_pair_self_labeling.train.subproblem] episode=19447 subproblem_id=FN_FL block_count=27 best_source=agent_sample_2 loss=0.875306 phase1_score=(0.5, 76.500654523, 5.0)
[CHECK][phase1_pair_self_labeling.train] episode=19447 problem_id=EP19447 block_count=39 best_source=NP_NC:agent_greedy|FN_FL:agent_sample_2 subproblem_count=2 loss=0.689599 learning_score=(1.0, 154.259624188, 7.833333333) phase1_score=(1.0, 154.259624188, 7.833333333)
[CHECK][phase1_pair_self_labeling.train.subproblem] episode=19448 subproblem_id=NP_NC block_count=38 best_source=agent_sample_32 loss=0.775739 phase1_score=(1.5, 39.496192202, 0.75)
[CHECK][phase1_pair_self_labeling.train.subproblem] episode=19448 subproblem_id=FN_FL block_count=47 best_source=agent_sample_51 loss=1.165452 phase1_score=(0.5, 3.94625504, 5.5)
[CHECK][phase1_pair_self_labeling.train] episode=19448 problem_id=EP19448 block_count=85 best_source=NP_NC:agent_sample_32|FN_FL:agent_sample_51 subproblem_count=2 loss=0.970595 learning_score=(2.0, 43.442447242, 6.25) phase1_score=(2.0, 43.442447242, 6.25)
[CHECK][phase1_pair_self_labeling.train.subproblem] episode=19449 subproblem_id=NP_NC block_count=24 best_source=agent_sample_19 loss=0.421483 phase1_score=(0.333333333, 20.58603968, 5.583333333)
[CHECK][phase1_pair_self_labeling.train.subproblem] episode=19449 subproblem_id=FN_FL block_count=51 best_source=agent_sample_44 loss=1.022637 phase1_score=(0.5, 14.272672852, 2.0)
[CHECK][phase1_pair_self_labeling.train] episode=19449 problem_id=EP19449 block_count=75 best_source=NP_NC:agent_sample_19|FN_FL:agent_sample_44 subproblem_count=2 loss=0.722060 learning_score=(0.833333333, 34.858712532, 7.583333333) phase1_score=(0.833333333, 34.858712532, 7.583333333)
[CHECK][phase1_pair_self_labeling.train.subproblem] episode=19450 subproblem_id=NP_NC block_count=9 best_source=agent_sample_30 loss=0.658105 phase1_score=(0.583333333, 75.80812244, 0.5)
[CHECK][phase1_pair_self_labeling.train.subproblem] episode=19450 subproblem_id=FN_FL block_count=11 best_source=wo_first_balanced loss=2.196499 phase1_score=(0.0, 209.344653104, 1.0)
[CHECK][phase1_pair_self_labeling.train] episode=19450 problem_id=EP19450 block_count=20 best_source=NP_NC:agent_sample_30|FN_FL:wo_first_balanced subproblem_count=2 loss=1.427302 learning_score=(0.583333333, 285.152775544, 1.5) phase1_score=(0.583333333, 285.152775544, 1.5)
[CHECK][phase1_pair_self_labeling.train.subproblem] episode=19451 subproblem_id=NP_NC block_count=41 best_source=agent_sample_47 loss=1.055908 phase1_score=(0.5, 15.207231184, 8.75)
[CHECK][phase1_pair_self_labeling.train.subproblem] episode=19451 subproblem_id=FN_FL block_count=49 best_source=agent_sample_57 loss=0.941375 phase1_score=(0.0, 10.364361687, 4.5)
[CHECK][phase1_pair_self_labeling.train] episode=19451 problem_id=EP19451 block_count=90 best_source=NP_NC:agent_sample_47|FN_FL:agent_sample_57 subproblem_count=2 loss=0.998641 learning_score=(0.5, 25.571592871, 13.25) phase1_score=(0.5, 25.571592871, 13.25)
[CHECK][phase1_pair_self_labeling.train.subproblem] episode=19452 subproblem_id=NP_NC block_count=47 best_source=agent_sample_39 loss=0.727884 phase1_score=(0.083333333, 15.380720472, 5.25)
[CHECK][phase1_pair_self_labeling.train.subproblem] episode=19452 subproblem_id=FN_FL block_count=48 best_source=agent_sample_37 loss=1.105293 phase1_score=(0.0, 12.381298338, 9.0)
[CHECK][phase1_pair_self_labeling.train] episode=19452 problem_id=EP19452 block_count=95 best_source=NP_NC:agent_sample_39|FN_FL:agent_sample_37 subproblem_count=2 loss=0.916589 learning_score=(0.083333333, 27.76201881, 14.25) phase1_score=(0.083333333, 27.76201881, 14.25)
[CHECK][phase1_pair_self_labeling.train.subproblem] episode=19453 subproblem_id=NP_NC block_count=23 best_source=agent_sample_25 loss=0.438355 phase1_score=(0.25, 36.220618432, 6.666666667)
[CHECK][phase1_pair_self_labeling.train.subproblem] episode=19453 subproblem_id=FN_FL block_count=26 best_source=agent_sample_34 loss=0.646779 phase1_score=(0.0, 17.79799304, 0.5)
[CHECK][phase1_pair_self_labeling.train] episode=19453 problem_id=EP19453 block_count=49 best_source=NP_NC:agent_sample_25|FN_FL:agent_sample_34 subproblem_count=2 loss=0.542567 learning_score=(0.25, 54.018611472, 7.166666667) phase1_score=(0.25, 54.018611472, 7.166666667)
[CHECK][phase1_pair_self_labeling.train.subproblem] episode=19454 subproblem_id=NP_NC block_count=21 best_source=agent_greedy loss=1.413093 phase1_score=(0.916666667, 195.551821917, 5.166666667)
[CHECK][phase1_pair_self_labeling.train.subproblem] episode=19454 subproblem_id=FN_FL block_count=15 best_source=agent_sample_34 loss=0.666373 phase1_score=(0.5, 53.224257303, 2.5)
[CHECK][phase1_pair_self_labeling.train] episode=19454 problem_id=EP19454 block_count=36 best_source=NP_NC:agent_greedy|FN_FL:agent_sample_34 subproblem_count=2 loss=1.039733 learning_score=(1.416666667, 248.77607922, 7.666666667) phase1_score=(1.416666667, 248.77607922, 7.666666667)
[CHECK][phase1_pair_self_labeling.train.subproblem] episode=19455 subproblem_id=NP_NC block_count=13 best_source=agent_sample_22 loss=0.223913 phase1_score=(0.5, 44.204926278, 4.75)
[CHECK][phase1_pair_self_labeling.train.subproblem] episode=19455 subproblem_id=FN_FL block_count=25 best_source=agent_sample_17 loss=0.828049 phase1_score=(0.5, 9.612067325, 2.5)
[CHECK][phase1_pair_self_labeling.train] episode=19455 problem_id=EP19455 block_count=38 best_source=NP_NC:agent_sample_22|FN_FL:agent_sample_17 subproblem_count=2 loss=0.525981 learning_score=(1.0, 53.816993603, 7.25) phase1_score=(1.0, 53.816993603, 7.25)
[CHECK][phase1_pair_self_labeling.train.subproblem] episode=19456 subproblem_id=NP_NC block_count=24 best_source=agent_sample_49 loss=0.455326 phase1_score=(1.0, 31.067430361, 10.0)
[CHECK][phase1_pair_self_labeling.train.subproblem] episode=19456 subproblem_id=FN_FL block_count=25 best_source=agent_sample_50 loss=0.872096 phase1_score=(1.0, 14.5538899, 0.0)
[CHECK][phase1_pair_self_labeling.train] episode=19456 problem_id=EP19456 block_count=49 best_source=NP_NC:agent_sample_49|FN_FL:agent_sample_50 subproblem_count=2 loss=0.663711 learning_score=(2.0, 45.621320262, 10.0) phase1_score=(2.0, 45.621320262, 10.0)
[CHECK][phase1_pair_self_labeling.train.subproblem] episode=19457 subproblem_id=NP_NC block_count=47 best_source=agent_sample_45 loss=0.855987 phase1_score=(0.166666667, 7.373739197, 3.916666667)
[CHECK][phase1_pair_self_labeling.train.subproblem] episode=19457 subproblem_id=FN_FL block_count=53 best_source=agent_greedy loss=0.776854 phase1_score=(0.5, 61.619810432, 1.5)
[CHECK][phase1_pair_self_labeling.train] episode=19457 problem_id=EP19457 block_count=100 best_source=NP_NC:agent_sample_45|FN_FL:agent_greedy subproblem_count=2 loss=0.816421 learning_score=(0.666666667, 68.993549629, 5.416666667) phase1_score=(0.666666667, 68.993549629, 5.416666667)
[CHECK][phase1_pair_self_labeling.train.subproblem] episode=19458 subproblem_id=NP_NC block_count=32 best_source=agent_sample_44 loss=0.521846 phase1_score=(0.5, 30.849754124, 3.583333333)
[CHECK][phase1_pair_self_labeling.train.subproblem] episode=19458 subproblem_id=FN_FL block_count=25 best_source=agent_sample_8 loss=0.901270 phase1_score=(0.5, 49.600705234, 1.0)
[CHECK][phase1_pair_self_labeling.train] episode=19458 problem_id=EP19458 block_count=57 best_source=NP_NC:agent_sample_44|FN_FL:agent_sample_8 subproblem_count=2 loss=0.711558 learning_score=(1.0, 80.450459358, 4.583333333) phase1_score=(1.0, 80.450459358, 4.583333333)
[CHECK][phase1_pair_self_labeling.train.subproblem] episode=19459 subproblem_id=NP_NC block_count=38 best_source=agent_sample_39 loss=0.718852 phase1_score=(0.666666667, 56.791062128, 1.75)
[CHECK][phase1_pair_self_labeling.train.subproblem] episode=19459 subproblem_id=FN_FL block_count=47 best_source=agent_sample_9 loss=1.036467 phase1_score=(0.0, 7.429591298, 7.0)
[CHECK][phase1_pair_self_labeling.train] episode=19459 problem_id=EP19459 block_count=85 best_source=NP_NC:agent_sample_39|FN_FL:agent_sample_9 subproblem_count=2 loss=0.877659 learning_score=(0.666666667, 64.220653426, 8.75) phase1_score=(0.666666667, 64.220653426, 8.75)
[CHECK][phase1_pair_self_labeling.train.subproblem] episode=19460 subproblem_id=NP_NC block_count=40 best_source=agent_sample_20 loss=0.697987 phase1_score=(0.25, 45.536409843, 11.666666667)
[CHECK][phase1_pair_self_labeling.train.subproblem] episode=19460 subproblem_id=FN_FL block_count=50 best_source=agent_sample_17 loss=1.237429 phase1_score=(0.5, 14.3659714, 3.0)
[CHECK][phase1_pair_self_labeling.train] episode=19460 problem_id=EP19460 block_count=90 best_source=NP_NC:agent_sample_20|FN_FL:agent_sample_17 subproblem_count=2 loss=0.967708 learning_score=(0.75, 59.902381243, 14.666666667) phase1_score=(0.75, 59.902381243, 14.666666667)
[CHECK][phase1_pair_self_labeling.train.subproblem] episode=19461 subproblem_id=NP_NC block_count=9 best_source=agent_sample_5 loss=0.681058 phase1_score=(1.5, 100.871976985, 6.583333333)
[CHECK][phase1_pair_self_labeling.train.subproblem] episode=19461 subproblem_id=FN_FL block_count=12 best_source=agent_sample_21 loss=0.525747 phase1_score=(1.0, 72.062091844, 10.0)
[CHECK][phase1_pair_self_labeling.train] episode=19461 problem_id=EP19461 block_count=21 best_source=NP_NC:agent_sample_5|FN_FL:agent_sample_21 subproblem_count=2 loss=0.603403 learning_score=(2.5, 172.934068828, 16.583333333) phase1_score=(2.5, 172.934068828, 16.583333333)
[CHECK][phase1_pair_self_labeling.train.subproblem] episode=19462 subproblem_id=NP_NC block_count=49 best_source=agent_sample_59 loss=0.847150 phase1_score=(0.333333333, 10.554971837, 9.0)
[CHECK][phase1_pair_self_labeling.train.subproblem] episode=19462 subproblem_id=FN_FL block_count=55 best_source=agent_sample_38 loss=1.320231 phase1_score=(1.0, 7.640332573, 5.5)
[CHECK][phase1_pair_self_labeling.train] episode=19462 problem_id=EP19462 block_count=104 best_source=NP_NC:agent_sample_59|FN_FL:agent_sample_38 subproblem_count=2 loss=1.083691 learning_score=(1.333333333, 18.19530441, 14.5) phase1_score=(1.333333333, 18.19530441, 14.5)
[CHECK][phase1_pair_self_labeling.train.subproblem] episode=19463 subproblem_id=NP_NC block_count=50 best_source=agent_sample_27 loss=1.077840 phase1_score=(0.083333333, 10.413791273, 5.0)
[CHECK][phase1_pair_self_labeling.train.subproblem] episode=19463 subproblem_id=FN_FL block_count=53 best_source=agent_sample_53 loss=0.999272 phase1_score=(0.0, 2.081752636, 3.0)
[CHECK][phase1_pair_self_labeling.train] episode=19463 problem_id=EP19463 block_count=103 best_source=NP_NC:agent_sample_27|FN_FL:agent_sample_53 subproblem_count=2 loss=1.038556 learning_score=(0.083333333, 12.495543909, 8.0) phase1_score=(0.083333333, 12.495543909, 8.0)
[CHECK][phase1_pair_self_labeling.train.subproblem] episode=19464 subproblem_id=NP_NC block_count=23 best_source=agent_sample_32 loss=0.697753 phase1_score=(1.5, 88.790678542, 7.75)
[CHECK][phase1_pair_self_labeling.train.subproblem] episode=19464 subproblem_id=FN_FL block_count=30 best_source=agent_sample_16 loss=0.885285 phase1_score=(0.5, 20.004225314, 1.0)
[CHECK][phase1_pair_self_labeling.train] episode=19464 problem_id=EP19464 block_count=53 best_source=NP_NC:agent_sample_32|FN_FL:agent_sample_16 subproblem_count=2 loss=0.791519 learning_score=(2.0, 108.794903856, 8.75) phase1_score=(2.0, 108.794903856, 8.75)
[CHECK][phase1_pair_self_labeling.train.subproblem] episode=19465 subproblem_id=NP_NC block_count=41 best_source=agent_sample_64 loss=0.596843 phase1_score=(0.083333333, 9.902422581, 5.5)
[CHECK][phase1_pair_self_labeling.train.subproblem] episode=19465 subproblem_id=FN_FL block_count=39 best_source=agent_sample_13 loss=0.831602 phase1_score=(1.0, 16.185752887, 2.5)
[CHECK][phase1_pair_self_labeling.train] episode=19465 problem_id=EP19465 block_count=80 best_source=NP_NC:agent_sample_64|FN_FL:agent_sample_13 subproblem_count=2 loss=0.714223 learning_score=(1.083333333, 26.088175469, 8.0) phase1_score=(1.083333333, 26.088175469, 8.0)
[CHECK][phase1_pair_self_labeling.train.subproblem] episode=19466 subproblem_id=NP_NC block_count=15 best_source=agent_sample_2 loss=0.685659 phase1_score=(0.583333333, 77.599606173, 7.0)
[CHECK][phase1_pair_self_labeling.train.subproblem] episode=19466 subproblem_id=FN_FL block_count=18 best_source=agent_sample_42 loss=0.401090 phase1_score=(2.0, 87.670954389, 9.5)
[CHECK][phase1_pair_self_labeling.train] episode=19466 problem_id=EP19466 block_count=33 best_source=NP_NC:agent_sample_2|FN_FL:agent_sample_42 subproblem_count=2 loss=0.543374 learning_score=(2.583333333, 165.270560562, 16.5) phase1_score=(2.583333333, 165.270560562, 16.5)
[CHECK][phase1_pair_self_labeling.train.subproblem] episode=19467 subproblem_id=NP_NC block_count=39 best_source=agent_sample_32 loss=0.852668 phase1_score=(0.333333333, 31.263148612, 5.833333333)
[CHECK][phase1_pair_self_labeling.train.subproblem] episode=19467 subproblem_id=FN_FL block_count=38 best_source=agent_sample_43 loss=0.722339 phase1_score=(1.0, 13.088938189, 1.5)
[CHECK][phase1_pair_self_labeling.train] episode=19467 problem_id=EP19467 block_count=77 best_source=NP_NC:agent_sample_32|FN_FL:agent_sample_43 subproblem_count=2 loss=0.787504 learning_score=(1.333333333, 44.352086801, 7.333333333) phase1_score=(1.333333333, 44.352086801, 7.333333333)
[CHECK][phase1_pair_self_labeling.train.subproblem] episode=19468 subproblem_id=NP_NC block_count=29 best_source=agent_sample_10 loss=0.989666 phase1_score=(1.666666667, 120.288490026, 10.5)
[CHECK][phase1_pair_self_labeling.train.subproblem] episode=19468 subproblem_id=FN_FL block_count=29 best_source=agent_sample_26 loss=0.585883 phase1_score=(0.5, 14.33925198, 4.0)
[CHECK][phase1_pair_self_labeling.train] episode=19468 problem_id=EP19468 block_count=58 best_source=NP_NC:agent_sample_10|FN_FL:agent_sample_26 subproblem_count=2 loss=0.787775 learning_score=(2.166666667, 134.627742006, 14.5) phase1_score=(2.166666667, 134.627742006, 14.5)
[CHECK][phase1_pair_self_labeling.train.subproblem] episode=19469 subproblem_id=NP_NC block_count=13 best_source=agent_sample_57 loss=0.540348 phase1_score=(0.75, 157.974344192, 3.75)
[CHECK][phase1_pair_self_labeling.train.subproblem] episode=19469 subproblem_id=FN_FL block_count=21 best_source=agent_sample_49 loss=0.485114 phase1_score=(1.0, 119.322729202, 3.5)
[CHECK][phase1_pair_self_labeling.train] episode=19469 problem_id=EP19469 block_count=34 best_source=NP_NC:agent_sample_57|FN_FL:agent_sample_49 subproblem_count=2 loss=0.512731 learning_score=(1.75, 277.297073395, 7.25) phase1_score=(1.75, 277.297073395, 7.25)
[CHECK][phase1_pair_self_labeling.train.subproblem] episode=19470 subproblem_id=NP_NC block_count=32 best_source=agent_sample_41 loss=0.726383 phase1_score=(1.833333333, 30.458587183, 8.833333333)
[CHECK][phase1_pair_self_labeling.train.subproblem] episode=19470 subproblem_id=FN_FL block_count=40 best_source=agent_sample_8 loss=0.925848 phase1_score=(0.5, 4.341662078, 6.0)
[CHECK][phase1_pair_self_labeling.train] episode=19470 problem_id=EP19470 block_count=72 best_source=NP_NC:agent_sample_41|FN_FL:agent_sample_8 subproblem_count=2 loss=0.826116 learning_score=(2.333333333, 34.800249261, 14.833333333) phase1_score=(2.333333333, 34.800249261, 14.833333333)
[CHECK][phase1_pair_self_labeling.train.subproblem] episode=19471 subproblem_id=NP_NC block_count=43 best_source=agent_sample_61 loss=0.636089 phase1_score=(0.25, 55.372152075, 3.333333333)
[CHECK][phase1_pair_self_labeling.train.subproblem] episode=19471 subproblem_id=FN_FL block_count=47 best_source=agent_sample_53 loss=1.026376 phase1_score=(0.5, 14.244722902, 1.0)
[CHECK][phase1_pair_self_labeling.train] episode=19471 problem_id=EP19471 block_count=90 best_source=NP_NC:agent_sample_61|FN_FL:agent_sample_53 subproblem_count=2 loss=0.831233 learning_score=(0.75, 69.616874977, 4.333333333) phase1_score=(0.75, 69.616874977, 4.333333333)
[CHECK][phase1_pair_self_labeling.train.subproblem] episode=19472 subproblem_id=NP_NC block_count=28 best_source=agent_sample_49 loss=0.621015 phase1_score=(0.5, 14.478351735, 2.416666667)
[CHECK][phase1_pair_self_labeling.train.subproblem] episode=19472 subproblem_id=FN_FL block_count=35 best_source=agent_sample_51 loss=0.657670 phase1_score=(1.0, 42.554182356, 6.5)
[CHECK][phase1_pair_self_labeling.train] episode=19472 problem_id=EP19472 block_count=63 best_source=NP_NC:agent_sample_49|FN_FL:agent_sample_51 subproblem_count=2 loss=0.639343 learning_score=(1.5, 57.032534091, 8.916666667) phase1_score=(1.5, 57.032534091, 8.916666667)
[CHECK][phase1_pair_self_labeling.train.subproblem] episode=19473 subproblem_id=NP_NC block_count=49 best_source=agent_sample_52 loss=0.742500 phase1_score=(0.333333333, 12.93158799, 8.833333333)
[CHECK][phase1_pair_self_labeling.train.subproblem] episode=19473 subproblem_id=FN_FL block_count=48 best_source=agent_greedy loss=0.610381 phase1_score=(0.5, 4.048239592, 3.5)
[CHECK][phase1_pair_self_labeling.train] episode=19473 problem_id=EP19473 block_count=97 best_source=NP_NC:agent_sample_52|FN_FL:agent_greedy subproblem_count=2 loss=0.676440 learning_score=(0.833333333, 16.979827582, 12.333333333) phase1_score=(0.833333333, 16.979827582, 12.333333333)
[CHECK][phase1_pair_self_labeling.train.subproblem] episode=19474 subproblem_id=NP_NC block_count=26 best_source=agent_sample_34 loss=0.360117 phase1_score=(0.333333333, 39.484958457, 4.333333333)
[CHECK][phase1_pair_self_labeling.train.subproblem] episode=19474 subproblem_id=FN_FL block_count=32 best_source=agent_sample_28 loss=0.603257 phase1_score=(0.5, 4.353852057, 3.0)
[CHECK][phase1_pair_self_labeling.train] episode=19474 problem_id=EP19474 block_count=58 best_source=NP_NC:agent_sample_34|FN_FL:agent_sample_28 subproblem_count=2 loss=0.481687 learning_score=(0.833333333, 43.838810513, 7.333333333) phase1_score=(0.833333333, 43.838810513, 7.333333333)
[CHECK][phase1_pair_self_labeling.train.subproblem] episode=19475 subproblem_id=NP_NC block_count=13 best_source=agent_sample_59 loss=0.532581 phase1_score=(1.0, 107.068991331, 7.0)
[CHECK][phase1_pair_self_labeling.train.subproblem] episode=19475 subproblem_id=FN_FL block_count=17 best_source=agent_sample_33 loss=0.325502 phase1_score=(0.5, 105.62361948, 2.5)
[CHECK][phase1_pair_self_labeling.train] episode=19475 problem_id=EP19475 block_count=30 best_source=NP_NC:agent_sample_59|FN_FL:agent_sample_33 subproblem_count=2 loss=0.429042 learning_score=(1.5, 212.692610811, 9.5) phase1_score=(1.5, 212.692610811, 9.5)
[CHECK][phase1_pair_self_labeling.train.subproblem] episode=19476 subproblem_id=NP_NC block_count=17 best_source=agent_sample_3 loss=0.403049 phase1_score=(0.5, 27.003004418, 9.583333333)
[CHECK][phase1_pair_self_labeling.train.subproblem] episode=19476 subproblem_id=FN_FL block_count=32 best_source=agent_sample_32 loss=0.647308 phase1_score=(0.5, 11.94054155, 3.5)
[CHECK][phase1_pair_self_labeling.train] episode=19476 problem_id=EP19476 block_count=49 best_source=NP_NC:agent_sample_3|FN_FL:agent_sample_32 subproblem_count=2 loss=0.525179 learning_score=(1.0, 38.943545968, 13.083333333) phase1_score=(1.0, 38.943545968, 13.083333333)
[CHECK][phase1_pair_self_labeling.train.subproblem] episode=19477 subproblem_id=NP_NC block_count=33 best_source=agent_sample_45 loss=0.663199 phase1_score=(0.75, 12.254278789, 6.166666667)
[CHECK][phase1_pair_self_labeling.train.subproblem] episode=19477 subproblem_id=FN_FL block_count=55 best_source=agent_sample_33 loss=1.034656 phase1_score=(1.0, 8.352384551, 7.5)
[CHECK][phase1_pair_self_labeling.train] episode=19477 problem_id=EP19477 block_count=88 best_source=NP_NC:agent_sample_45|FN_FL:agent_sample_33 subproblem_count=2 loss=0.848928 learning_score=(1.75, 20.60666334, 13.666666667) phase1_score=(1.75, 20.60666334, 13.666666667)
[CHECK][phase1_pair_self_labeling.train.subproblem] episode=19478 subproblem_id=NP_NC block_count=30 best_source=agent_greedy loss=0.433698 phase1_score=(0.5, 56.208255887, 6.416666667)
[CHECK][phase1_pair_self_labeling.train.subproblem] episode=19478 subproblem_id=FN_FL block_count=35 best_source=agent_sample_13 loss=0.583360 phase1_score=(0.0, 9.557040599, 8.0)
[CHECK][phase1_pair_self_labeling.train] episode=19478 problem_id=EP19478 block_count=65 best_source=NP_NC:agent_greedy|FN_FL:agent_sample_13 subproblem_count=2 loss=0.508529 learning_score=(0.5, 65.765296487, 14.416666667) phase1_score=(0.5, 65.765296487, 14.416666667)
[CHECK][phase1_pair_self_labeling.train.subproblem] episode=19479 subproblem_id=NP_NC block_count=31 best_source=agent_sample_9 loss=0.544998 phase1_score=(0.416666667, 6.69601766, 5.25)
[CHECK][phase1_pair_self_labeling.train.subproblem] episode=19479 subproblem_id=FN_FL block_count=22 best_source=agent_sample_11 loss=0.321947 phase1_score=(1.0, 7.697163989, 3.0)
[CHECK][phase1_pair_self_labeling.train] episode=19479 problem_id=EP19479 block_count=53 best_source=NP_NC:agent_sample_9|FN_FL:agent_sample_11 subproblem_count=2 loss=0.433473 learning_score=(1.416666667, 14.393181648, 8.25) phase1_score=(1.416666667, 14.393181648, 8.25)
[CHECK][phase1_pair_self_labeling.train.subproblem] episode=19480 subproblem_id=NP_NC block_count=30 best_source=agent_sample_61 loss=0.396097 phase1_score=(0.416666667, 10.438594901, 3.833333333)
[CHECK][phase1_pair_self_labeling.train.subproblem] episode=19480 subproblem_id=FN_FL block_count=42 best_source=agent_sample_57 loss=0.887113 phase1_score=(1.0, 7.582840076, 0.5)
[CHECK][phase1_pair_self_labeling.train] episode=19480 problem_id=EP19480 block_count=72 best_source=NP_NC:agent_sample_61|FN_FL:agent_sample_57 subproblem_count=2 loss=0.641605 learning_score=(1.416666667, 18.021434978, 4.333333333) phase1_score=(1.416666667, 18.021434978, 4.333333333)
[CHECK][phase1_pair_self_labeling.train.subproblem] episode=19481 subproblem_id=NP_NC block_count=16 best_source=agent_sample_5 loss=0.628831 phase1_score=(0.666666667, 37.877401381, 7.166666667)
[CHECK][phase1_pair_self_labeling.train.subproblem] episode=19481 subproblem_id=FN_FL block_count=28 best_source=agent_sample_14 loss=0.840456 phase1_score=(0.5, 11.225338275, 3.0)
[CHECK][phase1_pair_self_labeling.train] episode=19481 problem_id=EP19481 block_count=44 best_source=NP_NC:agent_sample_5|FN_FL:agent_sample_14 subproblem_count=2 loss=0.734643 learning_score=(1.166666667, 49.102739656, 10.166666667) phase1_score=(1.166666667, 49.102739656, 10.166666667)
[CHECK][phase1_pair_self_labeling.train.subproblem] episode=19482 subproblem_id=NP_NC block_count=13 best_source=agent_sample_25 loss=1.129723 phase1_score=(0.75, 837.336959807, 7.5)
[CHECK][phase1_pair_self_labeling.train.subproblem] episode=19482 subproblem_id=FN_FL block_count=16 best_source=agent_sample_2 loss=0.367575 phase1_score=(2.0, 93.630615831, 3.5)
[CHECK][phase1_pair_self_labeling.train] episode=19482 problem_id=EP19482 block_count=29 best_source=NP_NC:agent_sample_25|FN_FL:agent_sample_2 subproblem_count=2 loss=0.748649 learning_score=(2.75, 930.967575638, 11.0) phase1_score=(2.75, 930.967575638, 11.0)
[CHECK][phase1_pair_self_labeling.train.subproblem] episode=19483 subproblem_id=NP_NC block_count=37 best_source=agent_sample_44 loss=0.715777 phase1_score=(0.5, 19.131375301, 18.166666667)
[CHECK][phase1_pair_self_labeling.train.subproblem] episode=19483 subproblem_id=FN_FL block_count=52 best_source=agent_sample_53 loss=1.021587 phase1_score=(0.5, 9.833329062, 6.5)
[CHECK][phase1_pair_self_labeling.train] episode=19483 problem_id=EP19483 block_count=89 best_source=NP_NC:agent_sample_44|FN_FL:agent_sample_53 subproblem_count=2 loss=0.868682 learning_score=(1.0, 28.964704362, 24.666666667) phase1_score=(1.0, 28.964704362, 24.666666667)
[CHECK][phase1_pair_self_labeling.train.subproblem] episode=19484 subproblem_id=NP_NC block_count=21 best_source=agent_sample_32 loss=0.282879 phase1_score=(0.416666667, 25.013945632, 9.583333333)
[CHECK][phase1_pair_self_labeling.train.subproblem] episode=19484 subproblem_id=FN_FL block_count=22 best_source=agent_sample_38 loss=0.582300 phase1_score=(0.5, 4.794757707, 2.5)
[CHECK][phase1_pair_self_labeling.train] episode=19484 problem_id=EP19484 block_count=43 best_source=NP_NC:agent_sample_32|FN_FL:agent_sample_38 subproblem_count=2 loss=0.432590 learning_score=(0.916666667, 29.808703338, 12.083333333) phase1_score=(0.916666667, 29.808703338, 12.083333333)
[CHECK][phase1_pair_self_labeling.train.subproblem] episode=19485 subproblem_id=NP_NC block_count=37 best_source=agent_sample_19 loss=0.500829 phase1_score=(0.166666667, 16.898467477, 5.5)
[CHECK][phase1_pair_self_labeling.train.subproblem] episode=19485 subproblem_id=FN_FL block_count=45 best_source=agent_sample_13 loss=0.667207 phase1_score=(0.5, 24.566315074, 7.0)
[CHECK][phase1_pair_self_labeling.train] episode=19485 problem_id=EP19485 block_count=82 best_source=NP_NC:agent_sample_19|FN_FL:agent_sample_13 subproblem_count=2 loss=0.584018 learning_score=(0.666666667, 41.46478255, 12.5) phase1_score=(0.666666667, 41.46478255, 12.5)
[CHECK][phase1_pair_self_labeling.train.subproblem] episode=19486 subproblem_id=NP_NC block_count=30 best_source=agent_sample_60 loss=0.441509 phase1_score=(0.75, 19.16604811, 4.0)
[CHECK][phase1_pair_self_labeling.train.subproblem] episode=19486 subproblem_id=FN_FL block_count=19 best_source=agent_sample_63 loss=0.787450 phase1_score=(0.0, 19.66294464, 1.5)
[CHECK][phase1_pair_self_labeling.train] episode=19486 problem_id=EP19486 block_count=49 best_source=NP_NC:agent_sample_60|FN_FL:agent_sample_63 subproblem_count=2 loss=0.614479 learning_score=(0.75, 38.82899275, 5.5) phase1_score=(0.75, 38.82899275, 5.5)
[CHECK][phase1_pair_self_labeling.train.subproblem] episode=19487 subproblem_id=NP_NC block_count=44 best_source=agent_sample_4 loss=0.775363 phase1_score=(0.5, 24.511615232, 9.666666667)
[CHECK][phase1_pair_self_labeling.train.subproblem] episode=19487 subproblem_id=FN_FL block_count=46 best_source=agent_sample_6 loss=0.753281 phase1_score=(0.5, 15.982126271, 11.0)
[CHECK][phase1_pair_self_labeling.train] episode=19487 problem_id=EP19487 block_count=90 best_source=NP_NC:agent_sample_4|FN_FL:agent_sample_6 subproblem_count=2 loss=0.764322 learning_score=(1.0, 40.493741503, 20.666666667) phase1_score=(1.0, 40.493741503, 20.666666667)
[CHECK][phase1_pair_self_labeling.train.subproblem] episode=19488 subproblem_id=NP_NC block_count=16 best_source=bevel_first_balanced loss=7.154263 phase1_score=(0.166666667, 24.1492683, 4.5)
[CHECK][phase1_pair_self_labeling.train.subproblem] episode=19488 subproblem_id=FN_FL block_count=16 best_source=agent_sample_4 loss=0.538816 phase1_score=(0.5, 32.398076924, 0.5)
[CHECK][phase1_pair_self_labeling.train] episode=19488 problem_id=EP19488 block_count=32 best_source=NP_NC:bevel_first_balanced|FN_FL:agent_sample_4 subproblem_count=2 loss=3.846540 learning_score=(0.666666667, 56.547345224, 5.0) phase1_score=(0.666666667, 56.547345224, 5.0)
[CHECK][phase1_pair_self_labeling.train.subproblem] episode=19489 subproblem_id=NP_NC block_count=6 best_source=cut_first_balanced loss=1.003094 phase1_score=(1.0, 67.999448514, 7.0)
[CHECK][phase1_pair_self_labeling.train.subproblem] episode=19489 subproblem_id=FN_FL block_count=9 best_source=agent_greedy loss=0.086487 phase1_score=(2.5, 144.619614489, 3.5)
[CHECK][phase1_pair_self_labeling.train] episode=19489 problem_id=EP19489 block_count=15 best_source=NP_NC:cut_first_balanced|FN_FL:agent_greedy subproblem_count=2 loss=0.544791 learning_score=(3.5, 212.619063003, 10.5) phase1_score=(3.5, 212.619063003, 10.5)
[CHECK][phase1_pair_self_labeling.train.subproblem] episode=19490 subproblem_id=NP_NC block_count=25 best_source=agent_sample_54 loss=0.316712 phase1_score=(0.416666667, 20.973935743, 6.083333333)
[CHECK][phase1_pair_self_labeling.train.subproblem] episode=19490 subproblem_id=FN_FL block_count=43 best_source=agent_greedy loss=0.606339 phase1_score=(0.5, 26.500090528, 6.5)
[CHECK][phase1_pair_self_labeling.train] episode=19490 problem_id=EP19490 block_count=68 best_source=NP_NC:agent_sample_54|FN_FL:agent_greedy subproblem_count=2 loss=0.461526 learning_score=(0.916666667, 47.474026272, 12.583333333) phase1_score=(0.916666667, 47.474026272, 12.583333333)
[CHECK][phase1_pair_self_labeling.train.subproblem] episode=19491 subproblem_id=NP_NC block_count=15 best_source=agent_sample_9 loss=0.422890 phase1_score=(0.583333333, 53.123532585, 1.0)
[CHECK][phase1_pair_self_labeling.train.subproblem] episode=19491 subproblem_id=FN_FL block_count=20 best_source=agent_sample_16 loss=0.358717 phase1_score=(0.0, 48.904402465, 3.0)
[CHECK][phase1_pair_self_labeling.train] episode=19491 problem_id=EP19491 block_count=35 best_source=NP_NC:agent_sample_9|FN_FL:agent_sample_16 subproblem_count=2 loss=0.390804 learning_score=(0.583333333, 102.02793505, 4.0) phase1_score=(0.583333333, 102.02793505, 4.0)
[CHECK][phase1_pair_self_labeling.train.subproblem] episode=19492 subproblem_id=NP_NC block_count=11 best_source=agent_sample_10 loss=0.232168 phase1_score=(0.75, 58.379982398, 3.833333333)
[CHECK][phase1_pair_self_labeling.train.subproblem] episode=19492 subproblem_id=FN_FL block_count=17 best_source=agent_sample_49 loss=0.425675 phase1_score=(0.5, 33.069041834, 4.5)
[CHECK][phase1_pair_self_labeling.train] episode=19492 problem_id=EP19492 block_count=28 best_source=NP_NC:agent_sample_10|FN_FL:agent_sample_49 subproblem_count=2 loss=0.328921 learning_score=(1.25, 91.449024232, 8.333333333) phase1_score=(1.25, 91.449024232, 8.333333333)
[CHECK][phase1_pair_self_labeling.train.subproblem] episode=19493 subproblem_id=NP_NC block_count=23 best_source=agent_sample_35 loss=0.384091 phase1_score=(0.25, 24.596732925, 4.583333333)
[CHECK][phase1_pair_self_labeling.train.subproblem] episode=19493 subproblem_id=FN_FL block_count=35 best_source=agent_sample_24 loss=0.638954 phase1_score=(0.5, 99.827099564, 5.5)
[CHECK][phase1_pair_self_labeling.train] episode=19493 problem_id=EP19493 block_count=58 best_source=NP_NC:agent_sample_35|FN_FL:agent_sample_24 subproblem_count=2 loss=0.511523 learning_score=(0.75, 124.423832489, 10.083333333) phase1_score=(0.75, 124.423832489, 10.083333333)
[CHECK][phase1_pair_self_labeling.train.subproblem] episode=19494 subproblem_id=NP_NC block_count=43 best_source=agent_sample_62 loss=0.827383 phase1_score=(0.583333333, 53.327869697, 8.5)
[CHECK][phase1_pair_self_labeling.train.subproblem] episode=19494 subproblem_id=FN_FL block_count=48 best_source=agent_sample_42 loss=0.672881 phase1_score=(0.5, 10.600344466, 1.5)
[CHECK][phase1_pair_self_labeling.train] episode=19494 problem_id=EP19494 block_count=91 best_source=NP_NC:agent_sample_62|FN_FL:agent_sample_42 subproblem_count=2 loss=0.750132 learning_score=(1.083333333, 63.928214162, 10.0) phase1_score=(1.083333333, 63.928214162, 10.0)
[CHECK][phase1_pair_self_labeling.train.subproblem] episode=19495 subproblem_id=NP_NC block_count=17 best_source=agent_sample_62 loss=1.019906 phase1_score=(0.833333333, 317.366042144, 12.5)
[CHECK][phase1_pair_self_labeling.train.subproblem] episode=19495 subproblem_id=FN_FL block_count=27 best_source=agent_sample_25 loss=0.451077 phase1_score=(0.5, 8.124516768, 9.5)
[CHECK][phase1_pair_self_labeling.train] episode=19495 problem_id=EP19495 block_count=44 best_source=NP_NC:agent_sample_62|FN_FL:agent_sample_25 subproblem_count=2 loss=0.735492 learning_score=(1.333333333, 325.490558912, 22.0) phase1_score=(1.333333333, 325.490558912, 22.0)
[CHECK][phase1_pair_self_labeling.train.subproblem] episode=19496 subproblem_id=NP_NC block_count=17 best_source=agent_sample_42 loss=0.415098 phase1_score=(0.5, 40.18869005, 5.25)
[CHECK][phase1_pair_self_labeling.train.subproblem] episode=19496 subproblem_id=FN_FL block_count=33 best_source=agent_sample_60 loss=1.108630 phase1_score=(0.0, 34.397254799, 4.5)
[CHECK][phase1_pair_self_labeling.train] episode=19496 problem_id=EP19496 block_count=50 best_source=NP_NC:agent_sample_42|FN_FL:agent_sample_60 subproblem_count=2 loss=0.761864 learning_score=(0.5, 74.585944849, 9.75) phase1_score=(0.5, 74.585944849, 9.75)
[CHECK][phase1_pair_self_labeling.train.subproblem] episode=19497 subproblem_id=NP_NC block_count=42 best_source=agent_sample_8 loss=0.932816 phase1_score=(0.5, 37.559577769, 6.333333333)
[CHECK][phase1_pair_self_labeling.train.subproblem] episode=19497 subproblem_id=FN_FL block_count=46 best_source=agent_sample_27 loss=0.694581 phase1_score=(0.5, 18.824470524, 8.5)
[CHECK][phase1_pair_self_labeling.train] episode=19497 problem_id=EP19497 block_count=88 best_source=NP_NC:agent_sample_8|FN_FL:agent_sample_27 subproblem_count=2 loss=0.813698 learning_score=(1.0, 56.384048293, 14.833333333) phase1_score=(1.0, 56.384048293, 14.833333333)
[CHECK][phase1_pair_self_labeling.train.subproblem] episode=19498 subproblem_id=NP_NC block_count=16 best_source=agent_sample_18 loss=0.349314 phase1_score=(0.166666667, 130.081112785, 7.416666667)
[CHECK][phase1_pair_self_labeling.train.subproblem] episode=19498 subproblem_id=FN_FL block_count=19 best_source=agent_sample_29 loss=0.446547 phase1_score=(0.5, 20.863615261, 3.5)
[CHECK][phase1_pair_self_labeling.train] episode=19498 problem_id=EP19498 block_count=35 best_source=NP_NC:agent_sample_18|FN_FL:agent_sample_29 subproblem_count=2 loss=0.397930 learning_score=(0.666666667, 150.944728045, 10.916666667) phase1_score=(0.666666667, 150.944728045, 10.916666667)
[CHECK][phase1_pair_self_labeling.train.subproblem] episode=19499 subproblem_id=NP_NC block_count=10 best_source=agent_sample_9 loss=0.499654 phase1_score=(0.25, 9.326337968, 2.833333333)
[CHECK][phase1_pair_self_labeling.train.subproblem] episode=19499 subproblem_id=FN_FL block_count=5 best_source=agent_greedy loss=0.399057 phase1_score=(0.5, 51.826896103, 1.5)
[CHECK][phase1_pair_self_labeling.train] episode=19499 problem_id=EP19499 block_count=15 best_source=NP_NC:agent_sample_9|FN_FL:agent_greedy subproblem_count=2 loss=0.449355 learning_score=(0.75, 61.153234071, 4.333333333) phase1_score=(0.75, 61.153234071, 4.333333333)
[CHECK][phase1_pair_self_labeling.train.subproblem] episode=19500 subproblem_id=NP_NC block_count=18 best_source=agent_sample_59 loss=0.528169 phase1_score=(0.75, 300.991645048, 7.5)
[CHECK][phase1_pair_self_labeling.train.subproblem] episode=19500 subproblem_id=FN_FL block_count=32 best_source=agent_sample_11 loss=0.917443 phase1_score=(1.0, 36.027729871, 3.0)
[CHECK][phase1_pair_self_labeling.train] episode=19500 problem_id=EP19500 block_count=50 best_source=NP_NC:agent_sample_59|FN_FL:agent_sample_11 subproblem_count=2 loss=0.722806 learning_score=(1.75, 337.019374919, 10.5) phase1_score=(1.75, 337.019374919, 10.5)
[VALIDATION][phase1_pair_self_labeling.validate] episode=19500 validation_episodes=20 agent_best_rate=0.914530 checkpoint_score=(0.481481481462, 34.293118931376, 4.50641025641) best_checkpoint_saved=False
[CHECK][phase1_pair_self_labeling.train.subproblem] episode=19501 subproblem_id=NP_NC block_count=16 best_source=agent_sample_26 loss=0.482978 phase1_score=(0.5, 44.117021517, 9.666666667)
[CHECK][phase1_pair_self_labeling.train.subproblem] episode=19501 subproblem_id=FN_FL block_count=18 best_source=agent_sample_22 loss=0.589209 phase1_score=(0.0, 50.778593113, 5.0)
[CHECK][phase1_pair_self_labeling.train] episode=19501 problem_id=EP19501 block_count=34 best_source=NP_NC:agent_sample_26|FN_FL:agent_sample_22 subproblem_count=2 loss=0.536093 learning_score=(0.5, 94.895614629, 14.666666667) phase1_score=(0.5, 94.895614629, 14.666666667)
[CHECK][phase1_pair_self_labeling.train.subproblem] episode=19502 subproblem_id=NP_NC block_count=32 best_source=agent_sample_11 loss=0.660048 phase1_score=(0.5, 10.72045887, 3.833333333)
[CHECK][phase1_pair_self_labeling.train.subproblem] episode=19502 subproblem_id=FN_FL block_count=43 best_source=agent_sample_14 loss=0.655128 phase1_score=(1.0, 1.810735233, 6.0)
[CHECK][phase1_pair_self_labeling.train] episode=19502 problem_id=EP19502 block_count=75 best_source=NP_NC:agent_sample_11|FN_FL:agent_sample_14 subproblem_count=2 loss=0.657588 learning_score=(1.5, 12.531194104, 9.833333333) phase1_score=(1.5, 12.531194104, 9.833333333)
[CHECK][phase1_pair_self_labeling.train.subproblem] episode=19503 subproblem_id=NP_NC block_count=34 best_source=agent_sample_30 loss=0.721144 phase1_score=(0.916666667, 13.958811934, 15.25)
[CHECK][phase1_pair_self_labeling.train.subproblem] episode=19503 subproblem_id=FN_FL block_count=47 best_source=agent_sample_19 loss=0.901160 phase1_score=(0.5, 1.925456754, 7.5)
[CHECK][phase1_pair_self_labeling.train] episode=19503 problem_id=EP19503 block_count=81 best_source=NP_NC:agent_sample_30|FN_FL:agent_sample_19 subproblem_count=2 loss=0.811152 learning_score=(1.416666667, 15.884268688, 22.75) phase1_score=(1.416666667, 15.884268688, 22.75)
[CHECK][phase1_pair_self_labeling.train.subproblem] episode=19504 subproblem_id=NP_NC block_count=40 best_source=agent_sample_41 loss=0.829431 phase1_score=(0.5, 20.877438873, 6.083333333)
[CHECK][phase1_pair_self_labeling.train.subproblem] episode=19504 subproblem_id=FN_FL block_count=58 best_source=agent_sample_14 loss=1.024347 phase1_score=(0.5, 4.633368255, 5.5)
[CHECK][phase1_pair_self_labeling.train] episode=19504 problem_id=EP19504 block_count=98 best_source=NP_NC:agent_sample_41|FN_FL:agent_sample_14 subproblem_count=2 loss=0.926889 learning_score=(1.0, 25.510807128, 11.583333333) phase1_score=(1.0, 25.510807128, 11.583333333)
[CHECK][phase1_pair_self_labeling.train.subproblem] episode=19505 subproblem_id=NP_NC block_count=8 best_source=agent_sample_35 loss=0.562693 phase1_score=(1.0, 83.937169794, 3.5)
[CHECK][phase1_pair_self_labeling.train.subproblem] episode=19505 subproblem_id=FN_FL block_count=15 best_source=agent_sample_26 loss=0.407482 phase1_score=(1.5, 232.22403312, 12.0)
[CHECK][phase1_pair_self_labeling.train] episode=19505 problem_id=EP19505 block_count=23 best_source=NP_NC:agent_sample_35|FN_FL:agent_sample_26 subproblem_count=2 loss=0.485088 learning_score=(2.5, 316.161202914, 15.5) phase1_score=(2.5, 316.161202914, 15.5)
[CHECK][phase1_pair_self_labeling.train.subproblem] episode=19506 subproblem_id=NP_NC block_count=14 best_source=agent_sample_41 loss=0.562353 phase1_score=(0.75, 33.018072662, 9.25)
[CHECK][phase1_pair_self_labeling.train.subproblem] episode=19506 subproblem_id=FN_FL block_count=19 best_source=agent_sample_42 loss=0.343637 phase1_score=(1.0, 24.6126248, 3.0)
[CHECK][phase1_pair_self_labeling.train] episode=19506 problem_id=EP19506 block_count=33 best_source=NP_NC:agent_sample_41|FN_FL:agent_sample_42 subproblem_count=2 loss=0.452995 learning_score=(1.75, 57.630697462, 12.25) phase1_score=(1.75, 57.630697462, 12.25)
[CHECK][phase1_pair_self_labeling.train.subproblem] episode=19507 subproblem_id=NP_NC block_count=34 best_source=agent_sample_41 loss=0.558075 phase1_score=(0.583333333, 23.017971032, 8.916666667)
[CHECK][phase1_pair_self_labeling.train.subproblem] episode=19507 subproblem_id=FN_FL block_count=37 best_source=cut_first_balanced loss=6.590361 phase1_score=(0.5, 7.65646377, 9.5)
[CHECK][phase1_pair_self_labeling.train] episode=19507 problem_id=EP19507 block_count=71 best_source=NP_NC:agent_sample_41|FN_FL:cut_first_balanced subproblem_count=2 loss=3.574218 learning_score=(1.083333333, 30.674434802, 18.416666667) phase1_score=(1.083333333, 30.674434802, 18.416666667)
[CHECK][phase1_pair_self_labeling.train.subproblem] episode=19508 subproblem_id=NP_NC block_count=25 best_source=agent_sample_8 loss=0.410612 phase1_score=(0.333333333, 36.342402471, 11.25)
[CHECK][phase1_pair_self_labeling.train.subproblem] episode=19508 subproblem_id=FN_FL block_count=49 best_source=agent_sample_18 loss=0.919230 phase1_score=(1.0, 10.673782767, 9.0)
[CHECK][phase1_pair_self_labeling.train] episode=19508 problem_id=EP19508 block_count=74 best_source=NP_NC:agent_sample_8|FN_FL:agent_sample_18 subproblem_count=2 loss=0.664921 learning_score=(1.333333333, 47.016185238, 20.25) phase1_score=(1.333333333, 47.016185238, 20.25)
[CHECK][phase1_pair_self_labeling.train.subproblem] episode=19509 subproblem_id=NP_NC block_count=44 best_source=agent_sample_61 loss=0.744579 phase1_score=(0.333333333, 16.129787656, 11.666666667)
[CHECK][phase1_pair_self_labeling.train.subproblem] episode=19509 subproblem_id=FN_FL block_count=49 best_source=agent_sample_14 loss=1.009154 phase1_score=(1.0, 12.338940387, 9.5)
[CHECK][phase1_pair_self_labeling.train] episode=19509 problem_id=EP19509 block_count=93 best_source=NP_NC:agent_sample_61|FN_FL:agent_sample_14 subproblem_count=2 loss=0.876866 learning_score=(1.333333333, 28.468728043, 21.166666667) phase1_score=(1.333333333, 28.468728043, 21.166666667)
[CHECK][phase1_pair_self_labeling.train.subproblem] episode=19510 subproblem_id=NP_NC block_count=21 best_source=agent_sample_15 loss=0.303059 phase1_score=(1.083333333, 42.318513411, 9.416666667)
[CHECK][phase1_pair_self_labeling.train.subproblem] episode=19510 subproblem_id=FN_FL block_count=31 best_source=agent_sample_61 loss=0.680817 phase1_score=(0.5, 3.333219564, 3.5)
[CHECK][phase1_pair_self_labeling.train] episode=19510 problem_id=EP19510 block_count=52 best_source=NP_NC:agent_sample_15|FN_FL:agent_sample_61 subproblem_count=2 loss=0.491938 learning_score=(1.583333333, 45.651732974, 12.916666667) phase1_score=(1.583333333, 45.651732974, 12.916666667)
[CHECK][phase1_pair_self_labeling.train.subproblem] episode=19511 subproblem_id=NP_NC block_count=29 best_source=agent_greedy loss=0.393200 phase1_score=(0.416666667, 15.157517383, 10.75)
[CHECK][phase1_pair_self_labeling.train.subproblem] episode=19511 subproblem_id=FN_FL block_count=34 best_source=agent_sample_7 loss=0.606562 phase1_score=(1.5, 27.991326484, 8.0)
[CHECK][phase1_pair_self_labeling.train] episode=19511 problem_id=EP19511 block_count=63 best_source=NP_NC:agent_greedy|FN_FL:agent_sample_7 subproblem_count=2 loss=0.499881 learning_score=(1.916666667, 43.148843867, 18.75) phase1_score=(1.916666667, 43.148843867, 18.75)
[CHECK][phase1_pair_self_labeling.train.subproblem] episode=19512 subproblem_id=NP_NC block_count=18 best_source=agent_sample_25 loss=0.623905 phase1_score=(0.416666667, 87.140049382, 4.166666667)
[CHECK][phase1_pair_self_labeling.train.subproblem] episode=19512 subproblem_id=FN_FL block_count=21 best_source=agent_sample_33 loss=0.305307 phase1_score=(0.5, 1.056935284, 2.5)
[CHECK][phase1_pair_self_labeling.train] episode=19512 problem_id=EP19512 block_count=39 best_source=NP_NC:agent_sample_25|FN_FL:agent_sample_33 subproblem_count=2 loss=0.464606 learning_score=(0.916666667, 88.196984667, 6.666666667) phase1_score=(0.916666667, 88.196984667, 6.666666667)
[CHECK][phase1_pair_self_labeling.train.subproblem] episode=19513 subproblem_id=NP_NC block_count=46 best_source=agent_sample_15 loss=0.955677 phase1_score=(0.5, 12.588588544, 9.916666667)
[CHECK][phase1_pair_self_labeling.train.subproblem] episode=19513 subproblem_id=FN_FL block_count=49 best_source=agent_sample_37 loss=0.869533 phase1_score=(0.5, 8.384171638, 9.0)
[CHECK][phase1_pair_self_labeling.train] episode=19513 problem_id=EP19513 block_count=95 best_source=NP_NC:agent_sample_15|FN_FL:agent_sample_37 subproblem_count=2 loss=0.912605 learning_score=(1.0, 20.972760182, 18.916666667) phase1_score=(1.0, 20.972760182, 18.916666667)
[CHECK][phase1_pair_self_labeling.train.subproblem] episode=19514 subproblem_id=NP_NC block_count=25 best_source=agent_sample_28 loss=0.996554 phase1_score=(0.333333333, 184.409879682, 8.416666667)
[CHECK][phase1_pair_self_labeling.train.subproblem] episode=19514 subproblem_id=FN_FL block_count=32 best_source=agent_sample_35 loss=0.571782 phase1_score=(1.0, 98.841652601, 2.0)
[CHECK][phase1_pair_self_labeling.train] episode=19514 problem_id=EP19514 block_count=57 best_source=NP_NC:agent_sample_28|FN_FL:agent_sample_35 subproblem_count=2 loss=0.784168 learning_score=(1.333333333, 283.251532283, 10.416666667) phase1_score=(1.333333333, 283.251532283, 10.416666667)
[CHECK][phase1_pair_self_labeling.train.subproblem] episode=19515 subproblem_id=NP_NC block_count=17 best_source=agent_sample_26 loss=0.711184 phase1_score=(0.666666667, 101.206665647, 3.166666667)
[CHECK][phase1_pair_self_labeling.train.subproblem] episode=19515 subproblem_id=FN_FL block_count=25 best_source=agent_sample_42 loss=0.425118 phase1_score=(1.0, 15.765476986, 2.0)
[CHECK][phase1_pair_self_labeling.train] episode=19515 problem_id=EP19515 block_count=42 best_source=NP_NC:agent_sample_26|FN_FL:agent_sample_42 subproblem_count=2 loss=0.568151 learning_score=(1.666666667, 116.972142633, 5.166666667) phase1_score=(1.666666667, 116.972142633, 5.166666667)
[CHECK][phase1_pair_self_labeling.train.subproblem] episode=19516 subproblem_id=NP_NC block_count=27 best_source=agent_sample_13 loss=0.781339 phase1_score=(1.916666667, 241.829251783, 10.416666667)
[CHECK][phase1_pair_self_labeling.train.subproblem] episode=19516 subproblem_id=FN_FL block_count=32 best_source=agent_sample_52 loss=0.782596 phase1_score=(1.0, 41.383904099, 6.5)
[CHECK][phase1_pair_self_labeling.train] episode=19516 problem_id=EP19516 block_count=59 best_source=NP_NC:agent_sample_13|FN_FL:agent_sample_52 subproblem_count=2 loss=0.781967 learning_score=(2.916666667, 283.213155882, 16.916666667) phase1_score=(2.916666667, 283.213155882, 16.916666667)
[CHECK][phase1_pair_self_labeling.train.subproblem] episode=19517 subproblem_id=NP_NC block_count=20 best_source=agent_sample_32 loss=0.491142 phase1_score=(0.166666667, 9.332242292, 5.5)
[CHECK][phase1_pair_self_labeling.train.subproblem] episode=19517 subproblem_id=FN_FL block_count=35 best_source=agent_sample_26 loss=0.968150 phase1_score=(0.5, 3.740836884, 1.5)
[CHECK][phase1_pair_self_labeling.train] episode=19517 problem_id=EP19517 block_count=55 best_source=NP_NC:agent_sample_32|FN_FL:agent_sample_26 subproblem_count=2 loss=0.729646 learning_score=(0.666666667, 13.073079176, 7.0) phase1_score=(0.666666667, 13.073079176, 7.0)
[CHECK][phase1_pair_self_labeling.train.subproblem] episode=19518 subproblem_id=NP_NC block_count=56 best_source=agent_sample_64 loss=0.926269 phase1_score=(0.5, 15.605837601, 14.416666667)
[CHECK][phase1_pair_self_labeling.train.subproblem] episode=19518 subproblem_id=FN_FL block_count=53 best_source=agent_sample_49 loss=1.071370 phase1_score=(0.5, 12.578529002, 7.0)
[CHECK][phase1_pair_self_labeling.train] episode=19518 problem_id=EP19518 block_count=109 best_source=NP_NC:agent_sample_64|FN_FL:agent_sample_49 subproblem_count=2 loss=0.998820 learning_score=(1.0, 28.184366604, 21.416666667) phase1_score=(1.0, 28.184366604, 21.416666667)
[CHECK][phase1_pair_self_labeling.train.subproblem] episode=19519 subproblem_id=NP_NC block_count=34 best_source=agent_sample_31 loss=0.581152 phase1_score=(0.75, 25.420726986, 15.916666667)
[CHECK][phase1_pair_self_labeling.train.subproblem] episode=19519 subproblem_id=FN_FL block_count=41 best_source=agent_sample_37 loss=0.788153 phase1_score=(0.5, 45.757627694, 7.5)
[CHECK][phase1_pair_self_labeling.train] episode=19519 problem_id=EP19519 block_count=75 best_source=NP_NC:agent_sample_31|FN_FL:agent_sample_37 subproblem_count=2 loss=0.684653 learning_score=(1.25, 71.178354681, 23.416666667) phase1_score=(1.25, 71.178354681, 23.416666667)
[CHECK][phase1_pair_self_labeling.train.subproblem] episode=19520 subproblem_id=NP_NC block_count=35 best_source=agent_sample_15 loss=0.758228 phase1_score=(0.333333333, 14.615533667, 11.5)
[CHECK][phase1_pair_self_labeling.train.subproblem] episode=19520 subproblem_id=FN_FL block_count=46 best_source=agent_sample_13 loss=0.863776 phase1_score=(0.5, 6.245101621, 19.0)
[CHECK][phase1_pair_self_labeling.train] episode=19520 problem_id=EP19520 block_count=81 best_source=NP_NC:agent_sample_15|FN_FL:agent_sample_13 subproblem_count=2 loss=0.811002 learning_score=(0.833333333, 20.860635288, 30.5) phase1_score=(0.833333333, 20.860635288, 30.5)
[CHECK][phase1_pair_self_labeling.train.subproblem] episode=19521 subproblem_id=NP_NC block_count=14 best_source=agent_sample_36 loss=0.471040 phase1_score=(0.333333333, 65.883788026, 5.0)
[CHECK][phase1_pair_self_labeling.train.subproblem] episode=19521 subproblem_id=FN_FL block_count=25 best_source=agent_sample_38 loss=0.614551 phase1_score=(1.0, 8.870410998, 10.5)
[CHECK][phase1_pair_self_labeling.train] episode=19521 problem_id=EP19521 block_count=39 best_source=NP_NC:agent_sample_36|FN_FL:agent_sample_38 subproblem_count=2 loss=0.542796 learning_score=(1.333333333, 74.754199024, 15.5) phase1_score=(1.333333333, 74.754199024, 15.5)
[CHECK][phase1_pair_self_labeling.train.subproblem] episode=19522 subproblem_id=NP_NC block_count=25 best_source=agent_sample_27 loss=0.433195 phase1_score=(0.833333333, 43.524575244, 9.833333333)
[CHECK][phase1_pair_self_labeling.train.subproblem] episode=19522 subproblem_id=FN_FL block_count=28 best_source=agent_sample_50 loss=0.575925 phase1_score=(0.5, 4.630577398, 4.0)
[CHECK][phase1_pair_self_labeling.train] episode=19522 problem_id=EP19522 block_count=53 best_source=NP_NC:agent_sample_27|FN_FL:agent_sample_50 subproblem_count=2 loss=0.504560 learning_score=(1.333333333, 48.155152642, 13.833333333) phase1_score=(1.333333333, 48.155152642, 13.833333333)
[CHECK][phase1_pair_self_labeling.train.subproblem] episode=19523 subproblem_id=NP_NC block_count=37 best_source=agent_sample_42 loss=0.589911 phase1_score=(0.75, 24.995944794, 5.583333333)
[CHECK][phase1_pair_self_labeling.train.subproblem] episode=19523 subproblem_id=FN_FL block_count=40 best_source=agent_sample_26 loss=0.753290 phase1_score=(0.5, 5.525841818, 10.0)
[CHECK][phase1_pair_self_labeling.train] episode=19523 problem_id=EP19523 block_count=77 best_source=NP_NC:agent_sample_42|FN_FL:agent_sample_26 subproblem_count=2 loss=0.671601 learning_score=(1.25, 30.521786612, 15.583333333) phase1_score=(1.25, 30.521786612, 15.583333333)
[CHECK][phase1_pair_self_labeling.train.subproblem] episode=19524 subproblem_id=NP_NC block_count=19 best_source=agent_sample_54 loss=0.450387 phase1_score=(0.666666667, 27.34597661, 2.75)
[CHECK][phase1_pair_self_labeling.train.subproblem] episode=19524 subproblem_id=FN_FL block_count=32 best_source=agent_sample_28 loss=0.560305 phase1_score=(0.0, 13.612450619, 9.5)
[CHECK][phase1_pair_self_labeling.train] episode=19524 problem_id=EP19524 block_count=51 best_source=NP_NC:agent_sample_54|FN_FL:agent_sample_28 subproblem_count=2 loss=0.505346 learning_score=(0.666666667, 40.958427229, 12.25) phase1_score=(0.666666667, 40.958427229, 12.25)
[CHECK][phase1_pair_self_labeling.train.subproblem] episode=19525 subproblem_id=NP_NC block_count=33 best_source=agent_sample_30 loss=0.387310 phase1_score=(0.416666667, 35.264615862, 8.0)
[CHECK][phase1_pair_self_labeling.train.subproblem] episode=19525 subproblem_id=FN_FL block_count=30 best_source=agent_sample_48 loss=0.441757 phase1_score=(0.5, 5.47940834, 4.5)
[CHECK][phase1_pair_self_labeling.train] episode=19525 problem_id=EP19525 block_count=63 best_source=NP_NC:agent_sample_30|FN_FL:agent_sample_48 subproblem_count=2 loss=0.414534 learning_score=(0.916666667, 40.744024202, 12.5) phase1_score=(0.916666667, 40.744024202, 12.5)
[CHECK][phase1_pair_self_labeling.train.subproblem] episode=19526 subproblem_id=NP_NC block_count=25 best_source=agent_sample_5 loss=1.101891 phase1_score=(0.666666667, 380.145153326, 6.333333333)
[CHECK][phase1_pair_self_labeling.train.subproblem] episode=19526 subproblem_id=FN_FL block_count=38 best_source=agent_sample_6 loss=0.846969 phase1_score=(0.0, 3.634778663, 8.0)
[CHECK][phase1_pair_self_labeling.train] episode=19526 problem_id=EP19526 block_count=63 best_source=NP_NC:agent_sample_5|FN_FL:agent_sample_6 subproblem_count=2 loss=0.974430 learning_score=(0.666666667, 383.779931989, 14.333333333) phase1_score=(0.666666667, 383.779931989, 14.333333333)
[CHECK][phase1_pair_self_labeling.train.subproblem] episode=19527 subproblem_id=NP_NC block_count=18 best_source=agent_sample_27 loss=0.429576 phase1_score=(1.0, 33.652039457, 4.666666667)
[CHECK][phase1_pair_self_labeling.train.subproblem] episode=19527 subproblem_id=FN_FL block_count=16 best_source=agent_sample_21 loss=0.577493 phase1_score=(0.5, 30.447600478, 8.0)
[CHECK][phase1_pair_self_labeling.train] episode=19527 problem_id=EP19527 block_count=34 best_source=NP_NC:agent_sample_27|FN_FL:agent_sample_21 subproblem_count=2 loss=0.503535 learning_score=(1.5, 64.099639935, 12.666666667) phase1_score=(1.5, 64.099639935, 12.666666667)
[CHECK][phase1_pair_self_labeling.train.subproblem] episode=19528 subproblem_id=NP_NC block_count=9 best_source=agent_sample_4 loss=0.719070 phase1_score=(1.0, 65.442438527, 3.166666667)
[CHECK][phase1_pair_self_labeling.train.subproblem] episode=19528 subproblem_id=FN_FL block_count=13 best_source=agent_sample_15 loss=0.615141 phase1_score=(0.5, 35.281262364, 1.5)
[CHECK][phase1_pair_self_labeling.train] episode=19528 problem_id=EP19528 block_count=22 best_source=NP_NC:agent_sample_4|FN_FL:agent_sample_15 subproblem_count=2 loss=0.667105 learning_score=(1.5, 100.723700891, 4.666666667) phase1_score=(1.5, 100.723700891, 4.666666667)
[CHECK][phase1_pair_self_labeling.train.subproblem] episode=19529 subproblem_id=NP_NC block_count=10 best_source=agent_sample_9 loss=0.440511 phase1_score=(1.0, 61.890203814, 3.5)
[CHECK][phase1_pair_self_labeling.train.subproblem] episode=19529 subproblem_id=FN_FL block_count=18 best_source=agent_sample_49 loss=0.556804 phase1_score=(0.5, 58.489347335, 3.5)
[CHECK][phase1_pair_self_labeling.train] episode=19529 problem_id=EP19529 block_count=28 best_source=NP_NC:agent_sample_9|FN_FL:agent_sample_49 subproblem_count=2 loss=0.498658 learning_score=(1.5, 120.379551149, 7.0) phase1_score=(1.5, 120.379551149, 7.0)
[CHECK][phase1_pair_self_labeling.train.subproblem] episode=19530 subproblem_id=NP_NC block_count=19 best_source=agent_sample_14 loss=0.665069 phase1_score=(0.416666667, 92.893121948, 9.5)
[CHECK][phase1_pair_self_labeling.train.subproblem] episode=19530 subproblem_id=FN_FL block_count=17 best_source=agent_sample_18 loss=0.294191 phase1_score=(1.0, 56.084166999, 4.5)
[CHECK][phase1_pair_self_labeling.train] episode=19530 problem_id=EP19530 block_count=36 best_source=NP_NC:agent_sample_14|FN_FL:agent_sample_18 subproblem_count=2 loss=0.479630 learning_score=(1.416666667, 148.977288947, 14.0) phase1_score=(1.416666667, 148.977288947, 14.0)
[CHECK][phase1_pair_self_labeling.train.subproblem] episode=19531 subproblem_id=NP_NC block_count=43 best_source=agent_sample_60 loss=0.909399 phase1_score=(0.166666667, 19.880772358, 21.0)
[CHECK][phase1_pair_self_labeling.train.subproblem] episode=19531 subproblem_id=FN_FL block_count=57 best_source=agent_sample_44 loss=1.005371 phase1_score=(0.0, 11.598524029, 3.5)
[CHECK][phase1_pair_self_labeling.train] episode=19531 problem_id=EP19531 block_count=100 best_source=NP_NC:agent_sample_60|FN_FL:agent_sample_44 subproblem_count=2 loss=0.957385 learning_score=(0.166666667, 31.479296387, 24.5) phase1_score=(0.166666667, 31.479296387, 24.5)
[CHECK][phase1_pair_self_labeling.train.subproblem] episode=19532 subproblem_id=NP_NC block_count=25 best_source=agent_sample_45 loss=0.619933 phase1_score=(1.416666667, 41.265656633, 8.5)
[CHECK][phase1_pair_self_labeling.train.subproblem] episode=19532 subproblem_id=FN_FL block_count=32 best_source=agent_sample_13 loss=0.635101 phase1_score=(0.5, 5.342828056, 4.0)
[CHECK][phase1_pair_self_labeling.train] episode=19532 problem_id=EP19532 block_count=57 best_source=NP_NC:agent_sample_45|FN_FL:agent_sample_13 subproblem_count=2 loss=0.627517 learning_score=(1.916666667, 46.608484689, 12.5) phase1_score=(1.916666667, 46.608484689, 12.5)
[CHECK][phase1_pair_self_labeling.train.subproblem] episode=19533 subproblem_id=NP_NC block_count=28 best_source=agent_sample_48 loss=0.418773 phase1_score=(0.666666667, 27.731025767, 14.0)
[CHECK][phase1_pair_self_labeling.train.subproblem] episode=19533 subproblem_id=FN_FL block_count=32 best_source=agent_sample_18 loss=0.622389 phase1_score=(0.0, 14.675420233, 2.0)
[CHECK][phase1_pair_self_labeling.train] episode=19533 problem_id=EP19533 block_count=60 best_source=NP_NC:agent_sample_48|FN_FL:agent_sample_18 subproblem_count=2 loss=0.520581 learning_score=(0.666666667, 42.406446, 16.0) phase1_score=(0.666666667, 42.406446, 16.0)
[CHECK][phase1_pair_self_labeling.train.subproblem] episode=19534 subproblem_id=NP_NC block_count=48 best_source=agent_sample_32 loss=0.670426 phase1_score=(0.25, 23.33839234, 14.916666667)
[CHECK][phase1_pair_self_labeling.train.subproblem] episode=19534 subproblem_id=FN_FL block_count=56 best_source=agent_sample_61 loss=0.778101 phase1_score=(0.5, 26.712393695, 27.0)
[CHECK][phase1_pair_self_labeling.train] episode=19534 problem_id=EP19534 block_count=104 best_source=NP_NC:agent_sample_32|FN_FL:agent_sample_61 subproblem_count=2 loss=0.724264 learning_score=(0.75, 50.050786035, 41.916666667) phase1_score=(0.75, 50.050786035, 41.916666667)
[CHECK][phase1_pair_self_labeling.train.subproblem] episode=19535 subproblem_id=NP_NC block_count=35 best_source=agent_sample_40 loss=0.559325 phase1_score=(0.083333333, 36.663995309, 11.5)
[CHECK][phase1_pair_self_labeling.train.subproblem] episode=19535 subproblem_id=FN_FL block_count=56 best_source=agent_greedy loss=0.757947 phase1_score=(0.0, 16.253106665, 14.5)
[CHECK][phase1_pair_self_labeling.train] episode=19535 problem_id=EP19535 block_count=91 best_source=NP_NC:agent_sample_40|FN_FL:agent_greedy subproblem_count=2 loss=0.658636 learning_score=(0.083333333, 52.917101974, 26.0) phase1_score=(0.083333333, 52.917101974, 26.0)
[CHECK][phase1_pair_self_labeling.train.subproblem] episode=19536 subproblem_id=NP_NC block_count=13 best_source=agent_sample_42 loss=0.572719 phase1_score=(1.083333333, 101.376955531, 6.25)
[CHECK][phase1_pair_self_labeling.train.subproblem] episode=19536 subproblem_id=FN_FL block_count=22 best_source=agent_sample_33 loss=0.662782 phase1_score=(0.5, 20.6455347, 12.0)
[CHECK][phase1_pair_self_labeling.train] episode=19536 problem_id=EP19536 block_count=35 best_source=NP_NC:agent_sample_42|FN_FL:agent_sample_33 subproblem_count=2 loss=0.617750 learning_score=(1.583333333, 122.022490231, 18.25) phase1_score=(1.583333333, 122.022490231, 18.25)
[CHECK][phase1_pair_self_labeling.train.subproblem] episode=19537 subproblem_id=NP_NC block_count=25 best_source=agent_sample_27 loss=0.559249 phase1_score=(0.5, 23.251838581, 6.833333333)
[CHECK][phase1_pair_self_labeling.train.subproblem] episode=19537 subproblem_id=FN_FL block_count=30 best_source=agent_sample_15 loss=0.854067 phase1_score=(0.5, 27.813239603, 5.5)
[CHECK][phase1_pair_self_labeling.train] episode=19537 problem_id=EP19537 block_count=55 best_source=NP_NC:agent_sample_27|FN_FL:agent_sample_15 subproblem_count=2 loss=0.706658 learning_score=(1.0, 51.065078183, 12.333333333) phase1_score=(1.0, 51.065078183, 12.333333333)
[CHECK][phase1_pair_self_labeling.train.subproblem] episode=19538 subproblem_id=NP_NC block_count=32 best_source=wo_first_balanced loss=20.831505 phase1_score=(0.5, 10.072447496, 9.75)
[CHECK][phase1_pair_self_labeling.train.subproblem] episode=19538 subproblem_id=FN_FL block_count=34 best_source=agent_sample_5 loss=0.706140 phase1_score=(1.0, 6.75454561, 7.0)
[CHECK][phase1_pair_self_labeling.train] episode=19538 problem_id=EP19538 block_count=66 best_source=NP_NC:wo_first_balanced|FN_FL:agent_sample_5 subproblem_count=2 loss=10.768823 learning_score=(1.5, 16.826993106, 16.75) phase1_score=(1.5, 16.826993106, 16.75)
[CHECK][phase1_pair_self_labeling.train.subproblem] episode=19539 subproblem_id=NP_NC block_count=31 best_source=agent_sample_5 loss=0.367546 phase1_score=(0.416666667, 23.964423886, 15.083333333)
[CHECK][phase1_pair_self_labeling.train.subproblem] episode=19539 subproblem_id=FN_FL block_count=33 best_source=agent_sample_16 loss=0.775891 phase1_score=(1.0, 26.960232768, 11.0)
[CHECK][phase1_pair_self_labeling.train] episode=19539 problem_id=EP19539 block_count=64 best_source=NP_NC:agent_sample_5|FN_FL:agent_sample_16 subproblem_count=2 loss=0.571719 learning_score=(1.416666667, 50.924656654, 26.083333333) phase1_score=(1.416666667, 50.924656654, 26.083333333)
[CHECK][phase1_pair_self_labeling.train.subproblem] episode=19540 subproblem_id=NP_NC block_count=12 best_source=agent_sample_5 loss=0.525983 phase1_score=(4.166666667, 74.215998315, 3.333333333)
[CHECK][phase1_pair_self_labeling.train.subproblem] episode=19540 subproblem_id=FN_FL block_count=15 best_source=agent_sample_10 loss=0.712591 phase1_score=(0.0, 10.676882674, 3.0)
[CHECK][phase1_pair_self_labeling.train] episode=19540 problem_id=EP19540 block_count=27 best_source=NP_NC:agent_sample_5|FN_FL:agent_sample_10 subproblem_count=2 loss=0.619287 learning_score=(4.166666667, 84.89288099, 6.333333333) phase1_score=(4.166666667, 84.89288099, 6.333333333)
[CHECK][phase1_pair_self_labeling.train.subproblem] episode=19541 subproblem_id=NP_NC block_count=31 best_source=agent_sample_20 loss=0.424302 phase1_score=(0.5, 34.886337149, 18.25)
[CHECK][phase1_pair_self_labeling.train.subproblem] episode=19541 subproblem_id=FN_FL block_count=36 best_source=agent_sample_53 loss=0.637632 phase1_score=(0.5, 15.830157425, 10.5)
[CHECK][phase1_pair_self_labeling.train] episode=19541 problem_id=EP19541 block_count=67 best_source=NP_NC:agent_sample_20|FN_FL:agent_sample_53 subproblem_count=2 loss=0.530967 learning_score=(1.0, 50.716494574, 28.75) phase1_score=(1.0, 50.716494574, 28.75)
[CHECK][phase1_pair_self_labeling.train.subproblem] episode=19542 subproblem_id=NP_NC block_count=32 best_source=agent_sample_13 loss=0.460970 phase1_score=(0.416666667, 23.220487233, 9.166666667)
[CHECK][phase1_pair_self_labeling.train.subproblem] episode=19542 subproblem_id=FN_FL block_count=37 best_source=agent_sample_2 loss=0.613712 phase1_score=(0.5, 7.616922049, 10.0)
[CHECK][phase1_pair_self_labeling.train] episode=19542 problem_id=EP19542 block_count=69 best_source=NP_NC:agent_sample_13|FN_FL:agent_sample_2 subproblem_count=2 loss=0.537341 learning_score=(0.916666667, 30.837409283, 19.166666667) phase1_score=(0.916666667, 30.837409283, 19.166666667)
[CHECK][phase1_pair_self_labeling.train.subproblem] episode=19543 subproblem_id=NP_NC block_count=24 best_source=agent_sample_64 loss=0.423147 phase1_score=(0.416666667, 16.39637576, 3.0)
[CHECK][phase1_pair_self_labeling.train.subproblem] episode=19543 subproblem_id=FN_FL block_count=25 best_source=agent_sample_15 loss=0.630333 phase1_score=(1.0, 24.000535397, 7.0)
[CHECK][phase1_pair_self_labeling.train] episode=19543 problem_id=EP19543 block_count=49 best_source=NP_NC:agent_sample_64|FN_FL:agent_sample_15 subproblem_count=2 loss=0.526740 learning_score=(1.416666667, 40.396911157, 10.0) phase1_score=(1.416666667, 40.396911157, 10.0)
[CHECK][phase1_pair_self_labeling.train.subproblem] episode=19544 subproblem_id=NP_NC block_count=30 best_source=agent_sample_9 loss=1.025786 phase1_score=(0.5, 84.376038364, 6.75)
[CHECK][phase1_pair_self_labeling.train.subproblem] episode=19544 subproblem_id=FN_FL block_count=28 best_source=agent_sample_24 loss=0.581532 phase1_score=(1.0, 9.938564911, 6.0)
[CHECK][phase1_pair_self_labeling.train] episode=19544 problem_id=EP19544 block_count=58 best_source=NP_NC:agent_sample_9|FN_FL:agent_sample_24 subproblem_count=2 loss=0.803659 learning_score=(1.5, 94.314603275, 12.75) phase1_score=(1.5, 94.314603275, 12.75)
[CHECK][phase1_pair_self_labeling.train.subproblem] episode=19545 subproblem_id=NP_NC block_count=34 best_source=agent_sample_42 loss=0.551296 phase1_score=(0.416666667, 20.457564942, 8.833333333)
[CHECK][phase1_pair_self_labeling.train.subproblem] episode=19545 subproblem_id=FN_FL block_count=36 best_source=agent_sample_64 loss=0.753907 phase1_score=(0.5, 24.012779093, 8.0)
[CHECK][phase1_pair_self_labeling.train] episode=19545 problem_id=EP19545 block_count=70 best_source=NP_NC:agent_sample_42|FN_FL:agent_sample_64 subproblem_count=2 loss=0.652601 learning_score=(0.916666667, 44.470344035, 16.833333333) phase1_score=(0.916666667, 44.470344035, 16.833333333)
[CHECK][phase1_pair_self_labeling.train.subproblem] episode=19546 subproblem_id=NP_NC block_count=30 best_source=agent_sample_28 loss=0.483889 phase1_score=(0.416666667, 27.984163637, 14.916666667)
[CHECK][phase1_pair_self_labeling.train.subproblem] episode=19546 subproblem_id=FN_FL block_count=24 best_source=agent_sample_51 loss=0.497407 phase1_score=(1.0, 0.999835003, 10.5)
[CHECK][phase1_pair_self_labeling.train] episode=19546 problem_id=EP19546 block_count=54 best_source=NP_NC:agent_sample_28|FN_FL:agent_sample_51 subproblem_count=2 loss=0.490648 learning_score=(1.416666667, 28.98399864, 25.416666667) phase1_score=(1.416666667, 28.98399864, 25.416666667)
[CHECK][phase1_pair_self_labeling.train.subproblem] episode=19547 subproblem_id=NP_NC block_count=46 best_source=agent_sample_12 loss=0.873733 phase1_score=(0.5, 24.718123894, 11.333333333)
[CHECK][phase1_pair_self_labeling.train.subproblem] episode=19547 subproblem_id=FN_FL block_count=51 best_source=agent_sample_36 loss=1.031266 phase1_score=(0.5, 13.457250875, 23.0)
[CHECK][phase1_pair_self_labeling.train] episode=19547 problem_id=EP19547 block_count=97 best_source=NP_NC:agent_sample_12|FN_FL:agent_sample_36 subproblem_count=2 loss=0.952499 learning_score=(1.0, 38.175374769, 34.333333333) phase1_score=(1.0, 38.175374769, 34.333333333)
[CHECK][phase1_pair_self_labeling.train.subproblem] episode=19548 subproblem_id=NP_NC block_count=36 best_source=agent_greedy loss=1.177560 phase1_score=(0.25, 251.177111203, 7.416666667)
[CHECK][phase1_pair_self_labeling.train.subproblem] episode=19548 subproblem_id=FN_FL block_count=34 best_source=agent_sample_33 loss=0.797026 phase1_score=(0.5, 10.11476074, 4.5)
[CHECK][phase1_pair_self_labeling.train] episode=19548 problem_id=EP19548 block_count=70 best_source=NP_NC:agent_greedy|FN_FL:agent_sample_33 subproblem_count=2 loss=0.987293 learning_score=(0.75, 261.291871944, 11.916666667) phase1_score=(0.75, 261.291871944, 11.916666667)
[CHECK][phase1_pair_self_labeling.train.subproblem] episode=19549 subproblem_id=NP_NC block_count=11 best_source=agent_sample_18 loss=0.320889 phase1_score=(0.916666667, 43.632157263, 3.25)
[CHECK][phase1_pair_self_labeling.train.subproblem] episode=19549 subproblem_id=FN_FL block_count=8 best_source=agent_sample_45 loss=0.391102 phase1_score=(1.5, 56.264593132, 6.5)
[CHECK][phase1_pair_self_labeling.train] episode=19549 problem_id=EP19549 block_count=19 best_source=NP_NC:agent_sample_18|FN_FL:agent_sample_45 subproblem_count=2 loss=0.355996 learning_score=(2.416666667, 99.896750394, 9.75) phase1_score=(2.416666667, 99.896750394, 9.75)
[CHECK][phase1_pair_self_labeling.train.subproblem] episode=19550 subproblem_id=NP_NC block_count=11 best_source=agent_sample_27 loss=0.313579 phase1_score=(0.416666667, 29.847287151, 5.75)
[CHECK][phase1_pair_self_labeling.train.subproblem] episode=19550 subproblem_id=FN_FL block_count=26 best_source=agent_sample_61 loss=0.618203 phase1_score=(1.0, 9.501201166, 0.5)
[CHECK][phase1_pair_self_labeling.train] episode=19550 problem_id=EP19550 block_count=37 best_source=NP_NC:agent_sample_27|FN_FL:agent_sample_61 subproblem_count=2 loss=0.465891 learning_score=(1.416666667, 39.348488317, 6.25) phase1_score=(1.416666667, 39.348488317, 6.25)
[CHECK][phase1_pair_self_labeling.train.subproblem] episode=19551 subproblem_id=NP_NC block_count=28 best_source=agent_sample_44 loss=0.765072 phase1_score=(1.0, 61.289211526, 4.166666667)
[CHECK][phase1_pair_self_labeling.train.subproblem] episode=19551 subproblem_id=FN_FL block_count=38 best_source=agent_sample_53 loss=0.721009 phase1_score=(0.5, 1.021001536, 11.5)
[CHECK][phase1_pair_self_labeling.train] episode=19551 problem_id=EP19551 block_count=66 best_source=NP_NC:agent_sample_44|FN_FL:agent_sample_53 subproblem_count=2 loss=0.743041 learning_score=(1.5, 62.310213062, 15.666666667) phase1_score=(1.5, 62.310213062, 15.666666667)
[CHECK][phase1_pair_self_labeling.train.subproblem] episode=19552 subproblem_id=NP_NC block_count=41 best_source=agent_sample_32 loss=0.681355 phase1_score=(0.583333333, 6.94334312, 9.25)
[CHECK][phase1_pair_self_labeling.train.subproblem] episode=19552 subproblem_id=FN_FL block_count=34 best_source=agent_sample_10 loss=0.643403 phase1_score=(0.5, 8.267164379, 6.0)
[CHECK][phase1_pair_self_labeling.train] episode=19552 problem_id=EP19552 block_count=75 best_source=NP_NC:agent_sample_32|FN_FL:agent_sample_10 subproblem_count=2 loss=0.662379 learning_score=(1.083333333, 15.210507499, 15.25) phase1_score=(1.083333333, 15.210507499, 15.25)
[CHECK][phase1_pair_self_labeling.train.subproblem] episode=19553 subproblem_id=NP_NC block_count=30 best_source=agent_sample_52 loss=0.336736 phase1_score=(1.0, 33.795694542, 6.833333333)
[CHECK][phase1_pair_self_labeling.train.subproblem] episode=19553 subproblem_id=FN_FL block_count=38 best_source=agent_sample_52 loss=0.742084 phase1_score=(1.0, 12.125514493, 10.5)
[CHECK][phase1_pair_self_labeling.train] episode=19553 problem_id=EP19553 block_count=68 best_source=NP_NC:agent_sample_52|FN_FL:agent_sample_52 subproblem_count=2 loss=0.539410 learning_score=(2.0, 45.921209035, 17.333333333) phase1_score=(2.0, 45.921209035, 17.333333333)
[CHECK][phase1_pair_self_labeling.train.subproblem] episode=19554 subproblem_id=NP_NC block_count=49 best_source=agent_sample_5 loss=1.192309 phase1_score=(0.25, 21.668813618, 9.583333333)
[CHECK][phase1_pair_self_labeling.train.subproblem] episode=19554 subproblem_id=FN_FL block_count=64 best_source=agent_greedy loss=0.750858 phase1_score=(0.0, 13.342364743, 7.0)
[CHECK][phase1_pair_self_labeling.train] episode=19554 problem_id=EP19554 block_count=113 best_source=NP_NC:agent_sample_5|FN_FL:agent_greedy subproblem_count=2 loss=0.971584 learning_score=(0.25, 35.011178362, 16.583333333) phase1_score=(0.25, 35.011178362, 16.583333333)
[CHECK][phase1_pair_self_labeling.train.subproblem] episode=19555 subproblem_id=NP_NC block_count=20 best_source=agent_sample_26 loss=1.102611 phase1_score=(2.083333333, 237.496828288, 9.0)
[CHECK][phase1_pair_self_labeling.train.subproblem] episode=19555 subproblem_id=FN_FL block_count=30 best_source=agent_sample_21 loss=0.484463 phase1_score=(0.5, 6.841615512, 6.5)
[CHECK][phase1_pair_self_labeling.train] episode=19555 problem_id=EP19555 block_count=50 best_source=NP_NC:agent_sample_26|FN_FL:agent_sample_21 subproblem_count=2 loss=0.793537 learning_score=(2.583333333, 244.338443801, 15.5) phase1_score=(2.583333333, 244.338443801, 15.5)
[CHECK][phase1_pair_self_labeling.train.subproblem] episode=19556 subproblem_id=NP_NC block_count=48 best_source=agent_sample_29 loss=1.041849 phase1_score=(0.166666667, 32.346950205, 14.666666667)
[CHECK][phase1_pair_self_labeling.train.subproblem] episode=19556 subproblem_id=FN_FL block_count=51 best_source=agent_sample_31 loss=1.088039 phase1_score=(0.5, 6.881052055, 8.0)
[CHECK][phase1_pair_self_labeling.train] episode=19556 problem_id=EP19556 block_count=99 best_source=NP_NC:agent_sample_29|FN_FL:agent_sample_31 subproblem_count=2 loss=1.064944 learning_score=(0.666666667, 39.22800226, 22.666666667) phase1_score=(0.666666667, 39.22800226, 22.666666667)
[CHECK][phase1_pair_self_labeling.train.subproblem] episode=19557 subproblem_id=NP_NC block_count=13 best_source=agent_sample_14 loss=0.434503 phase1_score=(0.333333333, 49.296124979, 4.25)
[CHECK][phase1_pair_self_labeling.train.subproblem] episode=19557 subproblem_id=FN_FL block_count=13 best_source=agent_sample_5 loss=0.182234 phase1_score=(1.0, 109.344523749, 5.0)
[CHECK][phase1_pair_self_labeling.train] episode=19557 problem_id=EP19557 block_count=26 best_source=NP_NC:agent_sample_14|FN_FL:agent_sample_5 subproblem_count=2 loss=0.308369 learning_score=(1.333333333, 158.640648729, 9.25) phase1_score=(1.333333333, 158.640648729, 9.25)
[CHECK][phase1_pair_self_labeling.train.subproblem] episode=19558 subproblem_id=NP_NC block_count=20 best_source=agent_sample_14 loss=0.718621 phase1_score=(0.5, 32.799467635, 10.916666667)
[CHECK][phase1_pair_self_labeling.train.subproblem] episode=19558 subproblem_id=FN_FL block_count=30 best_source=agent_sample_10 loss=0.667555 phase1_score=(1.0, 7.042705259, 5.5)
[CHECK][phase1_pair_self_labeling.train] episode=19558 problem_id=EP19558 block_count=50 best_source=NP_NC:agent_sample_14|FN_FL:agent_sample_10 subproblem_count=2 loss=0.693088 learning_score=(1.5, 39.842172894, 16.416666667) phase1_score=(1.5, 39.842172894, 16.416666667)
[CHECK][phase1_pair_self_labeling.train.subproblem] episode=19559 subproblem_id=NP_NC block_count=56 best_source=agent_sample_18 loss=0.955046 phase1_score=(0.5, 31.163928779, 9.0)
[CHECK][phase1_pair_self_labeling.train.subproblem] episode=19559 subproblem_id=FN_FL block_count=51 best_source=agent_sample_14 loss=1.068373 phase1_score=(1.0, 7.284620455, 7.0)
[CHECK][phase1_pair_self_labeling.train] episode=19559 problem_id=EP19559 block_count=107 best_source=NP_NC:agent_sample_18|FN_FL:agent_sample_14 subproblem_count=2 loss=1.011709 learning_score=(1.5, 38.448549233, 16.0) phase1_score=(1.5, 38.448549233, 16.0)
[CHECK][phase1_pair_self_labeling.train.subproblem] episode=19560 subproblem_id=NP_NC block_count=56 best_source=agent_sample_48 loss=1.014578 phase1_score=(0.333333333, 20.532432507, 8.583333333)
[CHECK][phase1_pair_self_labeling.train.subproblem] episode=19560 subproblem_id=FN_FL block_count=46 best_source=cut_first_balanced loss=3.712734 phase1_score=(0.5, 13.445626576, 13.0)
[CHECK][phase1_pair_self_labeling.train] episode=19560 problem_id=EP19560 block_count=102 best_source=NP_NC:agent_sample_48|FN_FL:cut_first_balanced subproblem_count=2 loss=2.363656 learning_score=(0.833333333, 33.978059082, 21.583333333) phase1_score=(0.833333333, 33.978059082, 21.583333333)
[CHECK][phase1_pair_self_labeling.train.subproblem] episode=19561 subproblem_id=NP_NC block_count=35 best_source=agent_sample_59 loss=1.261692 phase1_score=(0.333333333, 167.495206702, 5.416666667)
[CHECK][phase1_pair_self_labeling.train.subproblem] episode=19561 subproblem_id=FN_FL block_count=48 best_source=agent_sample_37 loss=0.868376 phase1_score=(0.5, 12.357107943, 5.0)
[CHECK][phase1_pair_self_labeling.train] episode=19561 problem_id=EP19561 block_count=83 best_source=NP_NC:agent_sample_59|FN_FL:agent_sample_37 subproblem_count=2 loss=1.065034 learning_score=(0.833333333, 179.852314645, 10.416666667) phase1_score=(0.833333333, 179.852314645, 10.416666667)
[CHECK][phase1_pair_self_labeling.train.subproblem] episode=19562 subproblem_id=NP_NC block_count=38 best_source=agent_sample_34 loss=0.598023 phase1_score=(0.333333333, 25.982172332, 5.583333333)
[CHECK][phase1_pair_self_labeling.train.subproblem] episode=19562 subproblem_id=FN_FL block_count=49 best_source=agent_sample_11 loss=1.036973 phase1_score=(0.5, 9.049493201, 2.5)
[CHECK][phase1_pair_self_labeling.train] episode=19562 problem_id=EP19562 block_count=87 best_source=NP_NC:agent_sample_34|FN_FL:agent_sample_11 subproblem_count=2 loss=0.817498 learning_score=(0.833333333, 35.031665532, 8.083333333) phase1_score=(0.833333333, 35.031665532, 8.083333333)
[CHECK][phase1_pair_self_labeling.train.subproblem] episode=19563 subproblem_id=NP_NC block_count=27 best_source=agent_sample_34 loss=0.825615 phase1_score=(0.75, 34.590561642, 5.75)
[CHECK][phase1_pair_self_labeling.train.subproblem] episode=19563 subproblem_id=FN_FL block_count=44 best_source=agent_sample_33 loss=0.905038 phase1_score=(1.0, 15.828381714, 1.0)
[CHECK][phase1_pair_self_labeling.train] episode=19563 problem_id=EP19563 block_count=71 best_source=NP_NC:agent_sample_34|FN_FL:agent_sample_33 subproblem_count=2 loss=0.865326 learning_score=(1.75, 50.418943356, 6.75) phase1_score=(1.75, 50.418943356, 6.75)
[CHECK][phase1_pair_self_labeling.train.subproblem] episode=19564 subproblem_id=NP_NC block_count=34 best_source=agent_sample_34 loss=0.830701 phase1_score=(0.166666667, 27.559962794, 9.75)
[CHECK][phase1_pair_self_labeling.train.subproblem] episode=19564 subproblem_id=FN_FL block_count=33 best_source=agent_sample_44 loss=0.696573 phase1_score=(1.0, 2.000139908, 4.0)
[CHECK][phase1_pair_self_labeling.train] episode=19564 problem_id=EP19564 block_count=67 best_source=NP_NC:agent_sample_34|FN_FL:agent_sample_44 subproblem_count=2 loss=0.763637 learning_score=(1.166666667, 29.560102701, 13.75) phase1_score=(1.166666667, 29.560102701, 13.75)
[CHECK][phase1_pair_self_labeling.train.subproblem] episode=19565 subproblem_id=NP_NC block_count=38 best_source=agent_sample_52 loss=0.940707 phase1_score=(0.416666667, 46.0051189, 7.583333333)
[CHECK][phase1_pair_self_labeling.train.subproblem] episode=19565 subproblem_id=FN_FL block_count=42 best_source=agent_sample_55 loss=0.856281 phase1_score=(0.5, 5.433249278, 0.5)
[CHECK][phase1_pair_self_labeling.train] episode=19565 problem_id=EP19565 block_count=80 best_source=NP_NC:agent_sample_52|FN_FL:agent_sample_55 subproblem_count=2 loss=0.898494 learning_score=(0.916666667, 51.438368178, 8.083333333) phase1_score=(0.916666667, 51.438368178, 8.083333333)
[CHECK][phase1_pair_self_labeling.train.subproblem] episode=19566 subproblem_id=NP_NC block_count=34 best_source=agent_sample_63 loss=0.702644 phase1_score=(0.25, 19.355725161, 5.0)
[CHECK][phase1_pair_self_labeling.train.subproblem] episode=19566 subproblem_id=FN_FL block_count=40 best_source=agent_sample_15 loss=0.857484 phase1_score=(1.0, 8.899632484, 2.5)
[CHECK][phase1_pair_self_labeling.train] episode=19566 problem_id=EP19566 block_count=74 best_source=NP_NC:agent_sample_63|FN_FL:agent_sample_15 subproblem_count=2 loss=0.780064 learning_score=(1.25, 28.255357645, 7.5) phase1_score=(1.25, 28.255357645, 7.5)
[CHECK][phase1_pair_self_labeling.train.subproblem] episode=19567 subproblem_id=NP_NC block_count=39 best_source=cut_first_balanced loss=6.271174 phase1_score=(0.5, 214.225260465, 13.25)
[CHECK][phase1_pair_self_labeling.train.subproblem] episode=19567 subproblem_id=FN_FL block_count=31 best_source=agent_sample_3 loss=0.688248 phase1_score=(0.5, 16.245268329, 1.5)
[CHECK][phase1_pair_self_labeling.train] episode=19567 problem_id=EP19567 block_count=70 best_source=NP_NC:cut_first_balanced|FN_FL:agent_sample_3 subproblem_count=2 loss=3.479711 learning_score=(1.0, 230.470528794, 14.75) phase1_score=(1.0, 230.470528794, 14.75)
[CHECK][phase1_pair_self_labeling.train.subproblem] episode=19568 subproblem_id=NP_NC block_count=29 best_source=agent_sample_30 loss=0.400375 phase1_score=(0.5, 34.765715526, 4.916666667)
[CHECK][phase1_pair_self_labeling.train.subproblem] episode=19568 subproblem_id=FN_FL block_count=44 best_source=agent_sample_54 loss=0.894880 phase1_score=(1.0, 1.013461666, 4.0)
[CHECK][phase1_pair_self_labeling.train] episode=19568 problem_id=EP19568 block_count=73 best_source=NP_NC:agent_sample_30|FN_FL:agent_sample_54 subproblem_count=2 loss=0.647627 learning_score=(1.5, 35.779177193, 8.916666667) phase1_score=(1.5, 35.779177193, 8.916666667)
[CHECK][phase1_pair_self_labeling.train.subproblem] episode=19569 subproblem_id=NP_NC block_count=45 best_source=agent_sample_14 loss=0.915249 phase1_score=(0.333333333, 27.920879542, 7.25)
[CHECK][phase1_pair_self_labeling.train.subproblem] episode=19569 subproblem_id=FN_FL block_count=47 best_source=bevel_first_balanced loss=11.037721 phase1_score=(1.0, 11.533004148, 5.5)
[CHECK][phase1_pair_self_labeling.train] episode=19569 problem_id=EP19569 block_count=92 best_source=NP_NC:agent_sample_14|FN_FL:bevel_first_balanced subproblem_count=2 loss=5.976485 learning_score=(1.333333333, 39.45388369, 12.75) phase1_score=(1.333333333, 39.45388369, 12.75)
[CHECK][phase1_pair_self_labeling.train.subproblem] episode=19570 subproblem_id=NP_NC block_count=28 best_source=agent_sample_26 loss=0.695176 phase1_score=(1.0, 33.142020228, 4.166666667)
[CHECK][phase1_pair_self_labeling.train.subproblem] episode=19570 subproblem_id=FN_FL block_count=28 best_source=agent_sample_4 loss=0.633473 phase1_score=(0.0, 49.716022193, 4.0)
[CHECK][phase1_pair_self_labeling.train] episode=19570 problem_id=EP19570 block_count=56 best_source=NP_NC:agent_sample_26|FN_FL:agent_sample_4 subproblem_count=2 loss=0.664325 learning_score=(1.0, 82.85804242, 8.166666667) phase1_score=(1.0, 82.85804242, 8.166666667)
[CHECK][phase1_pair_self_labeling.train.subproblem] episode=19571 subproblem_id=NP_NC block_count=21 best_source=agent_sample_10 loss=1.293533 phase1_score=(4.0, 662.484523321, 5.333333333)
[CHECK][phase1_pair_self_labeling.train.subproblem] episode=19571 subproblem_id=FN_FL block_count=31 best_source=agent_sample_4 loss=0.951524 phase1_score=(1.0, 6.309383945, 1.5)
[CHECK][phase1_pair_self_labeling.train] episode=19571 problem_id=EP19571 block_count=52 best_source=NP_NC:agent_sample_10|FN_FL:agent_sample_4 subproblem_count=2 loss=1.122528 learning_score=(5.0, 668.793907266, 6.833333333) phase1_score=(5.0, 668.793907266, 6.833333333)
[CHECK][phase1_pair_self_labeling.train.subproblem] episode=19572 subproblem_id=NP_NC block_count=48 best_source=agent_sample_5 loss=1.027662 phase1_score=(0.0, 13.217736572, 6.583333333)
[CHECK][phase1_pair_self_labeling.train.subproblem] episode=19572 subproblem_id=FN_FL block_count=51 best_source=agent_sample_23 loss=1.095709 phase1_score=(1.0, 4.863377616, 4.5)
[CHECK][phase1_pair_self_labeling.train] episode=19572 problem_id=EP19572 block_count=99 best_source=NP_NC:agent_sample_5|FN_FL:agent_sample_23 subproblem_count=2 loss=1.061686 learning_score=(1.0, 18.081114187, 11.083333333) phase1_score=(1.0, 18.081114187, 11.083333333)
[CHECK][phase1_pair_self_labeling.train.subproblem] episode=19573 subproblem_id=NP_NC block_count=7 best_source=agent_greedy loss=0.364215 phase1_score=(1.0, 54.913917593, 2.333333333)
[CHECK][phase1_pair_self_labeling.train.subproblem] episode=19573 subproblem_id=FN_FL block_count=17 best_source=agent_sample_5 loss=0.462413 phase1_score=(0.5, 2.448456018, 2.0)
[CHECK][phase1_pair_self_labeling.train] episode=19573 problem_id=EP19573 block_count=24 best_source=NP_NC:agent_greedy|FN_FL:agent_sample_5 subproblem_count=2 loss=0.413314 learning_score=(1.5, 57.362373612, 4.333333333) phase1_score=(1.5, 57.362373612, 4.333333333)
[CHECK][phase1_pair_self_labeling.train.subproblem] episode=19574 subproblem_id=NP_NC block_count=43 best_source=agent_sample_24 loss=0.727401 phase1_score=(0.5, 25.059891268, 2.833333333)
[CHECK][phase1_pair_self_labeling.train.subproblem] episode=19574 subproblem_id=FN_FL block_count=49 best_source=agent_sample_49 loss=1.214672 phase1_score=(0.5, 12.172682669, 5.5)
[CHECK][phase1_pair_self_labeling.train] episode=19574 problem_id=EP19574 block_count=92 best_source=NP_NC:agent_sample_24|FN_FL:agent_sample_49 subproblem_count=2 loss=0.971037 learning_score=(1.0, 37.232573937, 8.333333333) phase1_score=(1.0, 37.232573937, 8.333333333)
[CHECK][phase1_pair_self_labeling.train.subproblem] episode=19575 subproblem_id=NP_NC block_count=23 best_source=agent_sample_58 loss=0.345905 phase1_score=(0.333333333, 38.622148948, 7.25)
[CHECK][phase1_pair_self_labeling.train.subproblem] episode=19575 subproblem_id=FN_FL block_count=34 best_source=agent_sample_40 loss=1.065695 phase1_score=(0.5, 16.052240193, 3.0)
[CHECK][phase1_pair_self_labeling.train] episode=19575 problem_id=EP19575 block_count=57 best_source=NP_NC:agent_sample_58|FN_FL:agent_sample_40 subproblem_count=2 loss=0.705800 learning_score=(0.833333333, 54.67438914, 10.25) phase1_score=(0.833333333, 54.67438914, 10.25)
[CHECK][phase1_pair_self_labeling.train.subproblem] episode=19576 subproblem_id=NP_NC block_count=32 best_source=agent_sample_10 loss=0.729115 phase1_score=(1.25, 35.375318628, 4.916666667)
[CHECK][phase1_pair_self_labeling.train.subproblem] episode=19576 subproblem_id=FN_FL block_count=34 best_source=agent_sample_26 loss=0.978112 phase1_score=(0.5, 6.69020766, 6.5)
[CHECK][phase1_pair_self_labeling.train] episode=19576 problem_id=EP19576 block_count=66 best_source=NP_NC:agent_sample_10|FN_FL:agent_sample_26 subproblem_count=2 loss=0.853614 learning_score=(1.75, 42.065526289, 11.416666667) phase1_score=(1.75, 42.065526289, 11.416666667)
[CHECK][phase1_pair_self_labeling.train.subproblem] episode=19577 subproblem_id=NP_NC block_count=34 best_source=agent_sample_51 loss=1.136443 phase1_score=(0.333333333, 122.629378351, 4.916666667)
[CHECK][phase1_pair_self_labeling.train.subproblem] episode=19577 subproblem_id=FN_FL block_count=46 best_source=agent_sample_3 loss=1.142997 phase1_score=(0.0, 4.083587921, 6.0)
[CHECK][phase1_pair_self_labeling.train] episode=19577 problem_id=EP19577 block_count=80 best_source=NP_NC:agent_sample_51|FN_FL:agent_sample_3 subproblem_count=2 loss=1.139720 learning_score=(0.333333333, 126.712966272, 10.916666667) phase1_score=(0.333333333, 126.712966272, 10.916666667)
[CHECK][phase1_pair_self_labeling.train.subproblem] episode=19578 subproblem_id=NP_NC block_count=13 best_source=agent_sample_11 loss=0.362499 phase1_score=(0.666666667, 68.26041036, 4.75)
[CHECK][phase1_pair_self_labeling.train.subproblem] episode=19578 subproblem_id=FN_FL block_count=16 best_source=agent_sample_17 loss=0.608728 phase1_score=(0.5, 38.365162767, 4.5)
[CHECK][phase1_pair_self_labeling.train] episode=19578 problem_id=EP19578 block_count=29 best_source=NP_NC:agent_sample_11|FN_FL:agent_sample_17 subproblem_count=2 loss=0.485614 learning_score=(1.166666667, 106.625573127, 9.25) phase1_score=(1.166666667, 106.625573127, 9.25)
[CHECK][phase1_pair_self_labeling.train.subproblem] episode=19579 subproblem_id=NP_NC block_count=12 best_source=agent_sample_20 loss=0.842346 phase1_score=(3.416666667, 117.970486227, 6.5)
[CHECK][phase1_pair_self_labeling.train.subproblem] episode=19579 subproblem_id=FN_FL block_count=7 best_source=agent_greedy loss=0.344262 phase1_score=(0.5, 11.542037919, 2.5)
[CHECK][phase1_pair_self_labeling.train] episode=19579 problem_id=EP19579 block_count=19 best_source=NP_NC:agent_sample_20|FN_FL:agent_greedy subproblem_count=2 loss=0.593304 learning_score=(3.916666667, 129.512524146, 9.0) phase1_score=(3.916666667, 129.512524146, 9.0)
[CHECK][phase1_pair_self_labeling.train.subproblem] episode=19580 subproblem_id=NP_NC block_count=27 best_source=agent_sample_33 loss=0.945036 phase1_score=(0.25, 83.440458142, 4.666666667)
[CHECK][phase1_pair_self_labeling.train.subproblem] episode=19580 subproblem_id=FN_FL block_count=33 best_source=agent_sample_62 loss=1.225340 phase1_score=(0.0, 14.320038124, 5.0)
[CHECK][phase1_pair_self_labeling.train] episode=19580 problem_id=EP19580 block_count=60 best_source=NP_NC:agent_sample_33|FN_FL:agent_sample_62 subproblem_count=2 loss=1.085188 learning_score=(0.25, 97.760496266, 9.666666667) phase1_score=(0.25, 97.760496266, 9.666666667)
[CHECK][phase1_pair_self_labeling.train.subproblem] episode=19581 subproblem_id=NP_NC block_count=38 best_source=agent_sample_55 loss=1.019165 phase1_score=(0.166666667, 19.630756415, 6.166666667)
[CHECK][phase1_pair_self_labeling.train.subproblem] episode=19581 subproblem_id=FN_FL block_count=39 best_source=agent_sample_47 loss=0.954210 phase1_score=(0.5, 31.452850969, 4.0)
[CHECK][phase1_pair_self_labeling.train] episode=19581 problem_id=EP19581 block_count=77 best_source=NP_NC:agent_sample_55|FN_FL:agent_sample_47 subproblem_count=2 loss=0.986688 learning_score=(0.666666667, 51.083607384, 10.166666667) phase1_score=(0.666666667, 51.083607384, 10.166666667)
[CHECK][phase1_pair_self_labeling.train.subproblem] episode=19582 subproblem_id=NP_NC block_count=42 best_source=agent_sample_39 loss=0.919276 phase1_score=(0.333333333, 30.440364454, 5.25)
[CHECK][phase1_pair_self_labeling.train.subproblem] episode=19582 subproblem_id=FN_FL block_count=43 best_source=wo_first_balanced loss=3.358941 phase1_score=(1.0, 6.607774861, 8.5)
[CHECK][phase1_pair_self_labeling.train] episode=19582 problem_id=EP19582 block_count=85 best_source=NP_NC:agent_sample_39|FN_FL:wo_first_balanced subproblem_count=2 loss=2.139108 learning_score=(1.333333333, 37.048139315, 13.75) phase1_score=(1.333333333, 37.048139315, 13.75)
[CHECK][phase1_pair_self_labeling.train.subproblem] episode=19583 subproblem_id=NP_NC block_count=33 best_source=agent_sample_63 loss=0.923542 phase1_score=(0.5, 26.914336957, 9.25)
[CHECK][phase1_pair_self_labeling.train.subproblem] episode=19583 subproblem_id=FN_FL block_count=27 best_source=agent_sample_53 loss=0.825331 phase1_score=(0.5, 99.122445304, 11.5)
[CHECK][phase1_pair_self_labeling.train] episode=19583 problem_id=EP19583 block_count=60 best_source=NP_NC:agent_sample_63|FN_FL:agent_sample_53 subproblem_count=2 loss=0.874436 learning_score=(1.0, 126.036782261, 20.75) phase1_score=(1.0, 126.036782261, 20.75)
[CHECK][phase1_pair_self_labeling.train.subproblem] episode=19584 subproblem_id=NP_NC block_count=31 best_source=agent_sample_53 loss=0.983653 phase1_score=(0.333333333, 13.557495162, 3.583333333)
[CHECK][phase1_pair_self_labeling.train.subproblem] episode=19584 subproblem_id=FN_FL block_count=33 best_source=agent_sample_29 loss=1.018342 phase1_score=(0.5, 9.080552906, 4.0)
[CHECK][phase1_pair_self_labeling.train] episode=19584 problem_id=EP19584 block_count=64 best_source=NP_NC:agent_sample_53|FN_FL:agent_sample_29 subproblem_count=2 loss=1.000998 learning_score=(0.833333333, 22.638048068, 7.583333333) phase1_score=(0.833333333, 22.638048068, 7.583333333)
[CHECK][phase1_pair_self_labeling.train.subproblem] episode=19585 subproblem_id=NP_NC block_count=39 best_source=agent_sample_62 loss=1.002841 phase1_score=(0.416666667, 15.205297265, 11.25)
[CHECK][phase1_pair_self_labeling.train.subproblem] episode=19585 subproblem_id=FN_FL block_count=33 best_source=agent_sample_43 loss=1.060302 phase1_score=(0.5, 8.802644104, 2.0)
[CHECK][phase1_pair_self_labeling.train] episode=19585 problem_id=EP19585 block_count=72 best_source=NP_NC:agent_sample_62|FN_FL:agent_sample_43 subproblem_count=2 loss=1.031571 learning_score=(0.916666667, 24.007941369, 13.25) phase1_score=(0.916666667, 24.007941369, 13.25)
[CHECK][phase1_pair_self_labeling.train.subproblem] episode=19586 subproblem_id=NP_NC block_count=30 best_source=agent_sample_52 loss=0.967544 phase1_score=(1.083333333, 37.389754763, 8.75)
[CHECK][phase1_pair_self_labeling.train.subproblem] episode=19586 subproblem_id=FN_FL block_count=44 best_source=agent_sample_9 loss=1.056218 phase1_score=(0.0, 28.283521195, 8.5)
[CHECK][phase1_pair_self_labeling.train] episode=19586 problem_id=EP19586 block_count=74 best_source=NP_NC:agent_sample_52|FN_FL:agent_sample_9 subproblem_count=2 loss=1.011881 learning_score=(1.083333333, 65.673275958, 17.25) phase1_score=(1.083333333, 65.673275958, 17.25)
[CHECK][phase1_pair_self_labeling.train.subproblem] episode=19587 subproblem_id=NP_NC block_count=7 best_source=agent_sample_9 loss=0.607451 phase1_score=(0.25, 33.997643461, 2.416666667)
[CHECK][phase1_pair_self_labeling.train.subproblem] episode=19587 subproblem_id=FN_FL block_count=13 best_source=agent_greedy loss=0.347498 phase1_score=(0.5, 32.972215026, 1.5)
[CHECK][phase1_pair_self_labeling.train] episode=19587 problem_id=EP19587 block_count=20 best_source=NP_NC:agent_sample_9|FN_FL:agent_greedy subproblem_count=2 loss=0.477475 learning_score=(0.75, 66.969858487, 3.916666667) phase1_score=(0.75, 66.969858487, 3.916666667)
[CHECK][phase1_pair_self_labeling.train.subproblem] episode=19588 subproblem_id=NP_NC block_count=40 best_source=agent_sample_54 loss=1.062272 phase1_score=(0.416666667, 19.309846713, 5.416666667)
[CHECK][phase1_pair_self_labeling.train.subproblem] episode=19588 subproblem_id=FN_FL block_count=69 best_source=agent_sample_11 loss=1.864550 phase1_score=(0.0, 22.26090796, 3.5)
[CHECK][phase1_pair_self_labeling.train] episode=19588 problem_id=EP19588 block_count=109 best_source=NP_NC:agent_sample_54|FN_FL:agent_sample_11 subproblem_count=2 loss=1.463411 learning_score=(0.416666667, 41.570754673, 8.916666667) phase1_score=(0.416666667, 41.570754673, 8.916666667)
[CHECK][phase1_pair_self_labeling.train.subproblem] episode=19589 subproblem_id=NP_NC block_count=31 best_source=agent_sample_56 loss=0.901768 phase1_score=(0.416666667, 78.977395618, 7.083333333)
[CHECK][phase1_pair_self_labeling.train.subproblem] episode=19589 subproblem_id=FN_FL block_count=35 best_source=agent_sample_35 loss=0.920436 phase1_score=(0.0, 36.116567992, 8.5)
[CHECK][phase1_pair_self_labeling.train] episode=19589 problem_id=EP19589 block_count=66 best_source=NP_NC:agent_sample_56|FN_FL:agent_sample_35 subproblem_count=2 loss=0.911102 learning_score=(0.416666667, 115.09396361, 15.583333333) phase1_score=(0.416666667, 115.09396361, 15.583333333)
[CHECK][phase1_pair_self_labeling.train.subproblem] episode=19590 subproblem_id=NP_NC block_count=6 best_source=agent_greedy loss=0.765902 phase1_score=(7.25, 409.692353219, 8.25)
[CHECK][phase1_pair_self_labeling.train.subproblem] episode=19590 subproblem_id=FN_FL block_count=10 best_source=agent_sample_4 loss=0.307135 phase1_score=(0.5, 122.516134977, 7.5)
[CHECK][phase1_pair_self_labeling.train] episode=19590 problem_id=EP19590 block_count=16 best_source=NP_NC:agent_greedy|FN_FL:agent_sample_4 subproblem_count=2 loss=0.536518 learning_score=(7.75, 532.208488196, 15.75) phase1_score=(7.75, 532.208488196, 15.75)
[CHECK][phase1_pair_self_labeling.train.subproblem] episode=19591 subproblem_id=NP_NC block_count=34 best_source=agent_sample_24 loss=0.717795 phase1_score=(0.416666667, 15.787435734, 12.25)
[CHECK][phase1_pair_self_labeling.train.subproblem] episode=19591 subproblem_id=FN_FL block_count=50 best_source=agent_sample_42 loss=1.503115 phase1_score=(0.5, 14.882643147, 8.5)
[CHECK][phase1_pair_self_labeling.train] episode=19591 problem_id=EP19591 block_count=84 best_source=NP_NC:agent_sample_24|FN_FL:agent_sample_42 subproblem_count=2 loss=1.110455 learning_score=(0.916666667, 30.670078881, 20.75) phase1_score=(0.916666667, 30.670078881, 20.75)
[CHECK][phase1_pair_self_labeling.train.subproblem] episode=19592 subproblem_id=NP_NC block_count=17 best_source=agent_sample_6 loss=0.560615 phase1_score=(0.666666667, 27.821571315, 5.833333333)
[CHECK][phase1_pair_self_labeling.train.subproblem] episode=19592 subproblem_id=FN_FL block_count=12 best_source=agent_sample_15 loss=0.424522 phase1_score=(1.5, 30.115498587, 7.5)
[CHECK][phase1_pair_self_labeling.train] episode=19592 problem_id=EP19592 block_count=29 best_source=NP_NC:agent_sample_6|FN_FL:agent_sample_15 subproblem_count=2 loss=0.492569 learning_score=(2.166666667, 57.937069901, 13.333333333) phase1_score=(2.166666667, 57.937069901, 13.333333333)
[CHECK][phase1_pair_self_labeling.train.subproblem] episode=19593 subproblem_id=NP_NC block_count=40 best_source=agent_sample_37 loss=1.011546 phase1_score=(0.25, 37.727088005, 20.166666667)
[CHECK][phase1_pair_self_labeling.train.subproblem] episode=19593 subproblem_id=FN_FL block_count=47 best_source=agent_sample_50 loss=1.272086 phase1_score=(0.0, 11.203666339, 6.0)
[CHECK][phase1_pair_self_labeling.train] episode=19593 problem_id=EP19593 block_count=87 best_source=NP_NC:agent_sample_37|FN_FL:agent_sample_50 subproblem_count=2 loss=1.141816 learning_score=(0.25, 48.930754344, 26.166666667) phase1_score=(0.25, 48.930754344, 26.166666667)
[CHECK][phase1_pair_self_labeling.train.subproblem] episode=19594 subproblem_id=NP_NC block_count=30 best_source=agent_sample_4 loss=0.631303 phase1_score=(0.583333333, 9.240968818, 5.5)
[CHECK][phase1_pair_self_labeling.train.subproblem] episode=19594 subproblem_id=FN_FL block_count=52 best_source=agent_sample_37 loss=1.402428 phase1_score=(0.5, 11.909281738, 14.5)
[CHECK][phase1_pair_self_labeling.train] episode=19594 problem_id=EP19594 block_count=82 best_source=NP_NC:agent_sample_4|FN_FL:agent_sample_37 subproblem_count=2 loss=1.016865 learning_score=(1.083333333, 21.150250556, 20.0) phase1_score=(1.083333333, 21.150250556, 20.0)
[CHECK][phase1_pair_self_labeling.train.subproblem] episode=19595 subproblem_id=NP_NC block_count=13 best_source=bevel_first_balanced loss=4.062828 phase1_score=(1.083333333, 143.996854164, 1.5)
[CHECK][phase1_pair_self_labeling.train.subproblem] episode=19595 subproblem_id=FN_FL block_count=16 best_source=agent_sample_16 loss=0.560483 phase1_score=(0.0, 37.508828315, 2.5)
[CHECK][phase1_pair_self_labeling.train] episode=19595 problem_id=EP19595 block_count=29 best_source=NP_NC:bevel_first_balanced|FN_FL:agent_sample_16 subproblem_count=2 loss=2.311655 learning_score=(1.083333333, 181.505682479, 4.0) phase1_score=(1.083333333, 181.505682479, 4.0)
[CHECK][phase1_pair_self_labeling.train.subproblem] episode=19596 subproblem_id=NP_NC block_count=27 best_source=agent_sample_59 loss=0.678903 phase1_score=(1.166666667, 141.495660588, 7.333333333)
[CHECK][phase1_pair_self_labeling.train.subproblem] episode=19596 subproblem_id=FN_FL block_count=34 best_source=agent_sample_46 loss=0.869464 phase1_score=(0.5, 14.89833619, 10.0)
[CHECK][phase1_pair_self_labeling.train] episode=19596 problem_id=EP19596 block_count=61 best_source=NP_NC:agent_sample_59|FN_FL:agent_sample_46 subproblem_count=2 loss=0.774183 learning_score=(1.666666667, 156.393996778, 17.333333333) phase1_score=(1.666666667, 156.393996778, 17.333333333)
[CHECK][phase1_pair_self_labeling.train.subproblem] episode=19597 subproblem_id=NP_NC block_count=38 best_source=agent_sample_3 loss=0.806900 phase1_score=(0.083333333, 18.510537049, 3.25)
[CHECK][phase1_pair_self_labeling.train.subproblem] episode=19597 subproblem_id=FN_FL block_count=58 best_source=agent_sample_61 loss=1.398336 phase1_score=(0.5, 12.344505073, 4.0)
[CHECK][phase1_pair_self_labeling.train] episode=19597 problem_id=EP19597 block_count=96 best_source=NP_NC:agent_sample_3|FN_FL:agent_sample_61 subproblem_count=2 loss=1.102618 learning_score=(0.583333333, 30.855042122, 7.25) phase1_score=(0.583333333, 30.855042122, 7.25)
[CHECK][phase1_pair_self_labeling.train.subproblem] episode=19598 subproblem_id=NP_NC block_count=11 best_source=agent_sample_2 loss=0.776397 phase1_score=(0.25, 21.17612378, 8.5)
[CHECK][phase1_pair_self_labeling.train.subproblem] episode=19598 subproblem_id=FN_FL block_count=14 best_source=agent_sample_6 loss=0.410545 phase1_score=(0.5, 41.844736565, 7.0)
[CHECK][phase1_pair_self_labeling.train] episode=19598 problem_id=EP19598 block_count=25 best_source=NP_NC:agent_sample_2|FN_FL:agent_sample_6 subproblem_count=2 loss=0.593471 learning_score=(0.75, 63.020860345, 15.5) phase1_score=(0.75, 63.020860345, 15.5)
[CHECK][phase1_pair_self_labeling.train.subproblem] episode=19599 subproblem_id=NP_NC block_count=22 best_source=agent_sample_7 loss=0.651754 phase1_score=(1.0, 62.032739148, 8.416666667)
[CHECK][phase1_pair_self_labeling.train.subproblem] episode=19599 subproblem_id=FN_FL block_count=29 best_source=agent_sample_53 loss=0.954302 phase1_score=(0.5, 15.924654831, 3.5)
[CHECK][phase1_pair_self_labeling.train] episode=19599 problem_id=EP19599 block_count=51 best_source=NP_NC:agent_sample_7|FN_FL:agent_sample_53 subproblem_count=2 loss=0.803028 learning_score=(1.5, 77.957393979, 11.916666667) phase1_score=(1.5, 77.957393979, 11.916666667)
[CHECK][phase1_pair_self_labeling.train.subproblem] episode=19600 subproblem_id=NP_NC block_count=28 best_source=agent_sample_64 loss=0.558639 phase1_score=(0.25, 13.88925407, 3.333333333)
[CHECK][phase1_pair_self_labeling.train.subproblem] episode=19600 subproblem_id=FN_FL block_count=34 best_source=agent_sample_14 loss=0.975082 phase1_score=(1.0, 9.594576488, 5.5)
[CHECK][phase1_pair_self_labeling.train] episode=19600 problem_id=EP19600 block_count=62 best_source=NP_NC:agent_sample_64|FN_FL:agent_sample_14 subproblem_count=2 loss=0.766860 learning_score=(1.25, 23.483830558, 8.833333333) phase1_score=(1.25, 23.483830558, 8.833333333)
[VALIDATION][phase1_pair_self_labeling.validate] episode=19600 validation_episodes=20 agent_best_rate=0.940171 checkpoint_score=(0.480056980043, 32.869246104504, 4.206552706547) best_checkpoint_saved=False
[CHECK][phase1_pair_self_labeling.train.subproblem] episode=19601 subproblem_id=NP_NC block_count=13 best_source=agent_sample_11 loss=0.897437 phase1_score=(0.083333333, 87.516399902, 4.916666667)
[CHECK][phase1_pair_self_labeling.train.subproblem] episode=19601 subproblem_id=FN_FL block_count=11 best_source=agent_sample_60 loss=0.922535 phase1_score=(0.5, 117.778930386, 2.5)
[CHECK][phase1_pair_self_labeling.train] episode=19601 problem_id=EP19601 block_count=24 best_source=NP_NC:agent_sample_11|FN_FL:agent_sample_60 subproblem_count=2 loss=0.909986 learning_score=(0.583333333, 205.295330289, 7.416666667) phase1_score=(0.583333333, 205.295330289, 7.416666667)
[CHECK][phase1_pair_self_labeling.train.subproblem] episode=19602 subproblem_id=NP_NC block_count=34 best_source=agent_sample_15 loss=0.535334 phase1_score=(1.0, 30.067579491, 9.416666667)
[CHECK][phase1_pair_self_labeling.train.subproblem] episode=19602 subproblem_id=FN_FL block_count=50 best_source=agent_sample_7 loss=1.270926 phase1_score=(0.0, 31.800210659, 8.5)
[CHECK][phase1_pair_self_labeling.train] episode=19602 problem_id=EP19602 block_count=84 best_source=NP_NC:agent_sample_15|FN_FL:agent_sample_7 subproblem_count=2 loss=0.903130 learning_score=(1.0, 61.86779015, 17.916666667) phase1_score=(1.0, 61.86779015, 17.916666667)
[CHECK][phase1_pair_self_labeling.train.subproblem] episode=19603 subproblem_id=NP_NC block_count=21 best_source=agent_sample_33 loss=0.776354 phase1_score=(0.75, 47.685002243, 5.5)
[CHECK][phase1_pair_self_labeling.train.subproblem] episode=19603 subproblem_id=FN_FL block_count=23 best_source=agent_sample_29 loss=0.650304 phase1_score=(1.0, 5.958309364, 1.5)
[CHECK][phase1_pair_self_labeling.train] episode=19603 problem_id=EP19603 block_count=44 best_source=NP_NC:agent_sample_33|FN_FL:agent_sample_29 subproblem_count=2 loss=0.713329 learning_score=(1.75, 53.643311607, 7.0) phase1_score=(1.75, 53.643311607, 7.0)
[CHECK][phase1_pair_self_labeling.train.subproblem] episode=19604 subproblem_id=NP_NC block_count=15 best_source=agent_sample_36 loss=0.470800 phase1_score=(0.25, 20.066208227, 6.75)
[CHECK][phase1_pair_self_labeling.train.subproblem] episode=19604 subproblem_id=FN_FL block_count=23 best_source=agent_sample_30 loss=0.678890 phase1_score=(0.5, 10.324030458, 1.0)
[CHECK][phase1_pair_self_labeling.train] episode=19604 problem_id=EP19604 block_count=38 best_source=NP_NC:agent_sample_36|FN_FL:agent_sample_30 subproblem_count=2 loss=0.574845 learning_score=(0.75, 30.390238685, 7.75) phase1_score=(0.75, 30.390238685, 7.75)
[CHECK][phase1_pair_self_labeling.train.subproblem] episode=19605 subproblem_id=NP_NC block_count=41 best_source=agent_sample_20 loss=0.995894 phase1_score=(0.333333333, 57.044379234, 7.166666667)
[CHECK][phase1_pair_self_labeling.train.subproblem] episode=19605 subproblem_id=FN_FL block_count=52 best_source=agent_sample_40 loss=1.245149 phase1_score=(0.5, 21.591289814, 4.5)
[CHECK][phase1_pair_self_labeling.train] episode=19605 problem_id=EP19605 block_count=93 best_source=NP_NC:agent_sample_20|FN_FL:agent_sample_40 subproblem_count=2 loss=1.120522 learning_score=(0.833333333, 78.635669048, 11.666666667) phase1_score=(0.833333333, 78.635669048, 11.666666667)
[CHECK][phase1_pair_self_labeling.train.subproblem] episode=19606 subproblem_id=NP_NC block_count=40 best_source=agent_sample_64 loss=0.686251 phase1_score=(0.25, 23.249100136, 15.0)
[CHECK][phase1_pair_self_labeling.train.subproblem] episode=19606 subproblem_id=FN_FL block_count=43 best_source=agent_sample_15 loss=1.086743 phase1_score=(0.0, 20.262461529, 3.5)
[CHECK][phase1_pair_self_labeling.train] episode=19606 problem_id=EP19606 block_count=83 best_source=NP_NC:agent_sample_64|FN_FL:agent_sample_15 subproblem_count=2 loss=0.886497 learning_score=(0.25, 43.511561665, 18.5) phase1_score=(0.25, 43.511561665, 18.5)
[CHECK][phase1_pair_self_labeling.train.subproblem] episode=19607 subproblem_id=NP_NC block_count=7 best_source=agent_sample_5 loss=1.037280 phase1_score=(1.166666667, 42.590663072, 2.75)
[CHECK][phase1_pair_self_labeling.train.subproblem] episode=19607 subproblem_id=FN_FL block_count=16 best_source=agent_sample_36 loss=0.619632 phase1_score=(0.5, 30.353478193, 3.0)
[CHECK][phase1_pair_self_labeling.train] episode=19607 problem_id=EP19607 block_count=23 best_source=NP_NC:agent_sample_5|FN_FL:agent_sample_36 subproblem_count=2 loss=0.828456 learning_score=(1.666666667, 72.944141265, 5.75) phase1_score=(1.666666667, 72.944141265, 5.75)
[CHECK][phase1_pair_self_labeling.train.subproblem] episode=19608 subproblem_id=NP_NC block_count=42 best_source=agent_sample_20 loss=1.142828 phase1_score=(0.333333333, 60.445801967, 10.166666667)
[CHECK][phase1_pair_self_labeling.train.subproblem] episode=19608 subproblem_id=FN_FL block_count=39 best_source=agent_sample_41 loss=0.948911 phase1_score=(0.0, 24.215789556, 0.5)
[CHECK][phase1_pair_self_labeling.train] episode=19608 problem_id=EP19608 block_count=81 best_source=NP_NC:agent_sample_20|FN_FL:agent_sample_41 subproblem_count=2 loss=1.045870 learning_score=(0.333333333, 84.661591522, 10.666666667) phase1_score=(0.333333333, 84.661591522, 10.666666667)
[CHECK][phase1_pair_self_labeling.train.subproblem] episode=19609 subproblem_id=NP_NC block_count=40 best_source=agent_sample_40 loss=1.214669 phase1_score=(0.666666667, 26.852038635, 24.583333333)
[CHECK][phase1_pair_self_labeling.train.subproblem] episode=19609 subproblem_id=FN_FL block_count=52 best_source=agent_sample_12 loss=1.411196 phase1_score=(0.5, 5.390384932, 13.5)
[CHECK][phase1_pair_self_labeling.train] episode=19609 problem_id=EP19609 block_count=92 best_source=NP_NC:agent_sample_40|FN_FL:agent_sample_12 subproblem_count=2 loss=1.312933 learning_score=(1.166666667, 32.242423567, 38.083333333) phase1_score=(1.166666667, 32.242423567, 38.083333333)
[CHECK][phase1_pair_self_labeling.train.subproblem] episode=19610 subproblem_id=NP_NC block_count=11 best_source=agent_sample_12 loss=0.545049 phase1_score=(0.25, 27.168225638, 2.75)
[CHECK][phase1_pair_self_labeling.train.subproblem] episode=19610 subproblem_id=FN_FL block_count=12 best_source=agent_sample_6 loss=0.364970 phase1_score=(1.5, 15.692464584, 7.0)
[CHECK][phase1_pair_self_labeling.train] episode=19610 problem_id=EP19610 block_count=23 best_source=NP_NC:agent_sample_12|FN_FL:agent_sample_6 subproblem_count=2 loss=0.455009 learning_score=(1.75, 42.860690222, 9.75) phase1_score=(1.75, 42.860690222, 9.75)
[CHECK][phase1_pair_self_labeling.train.subproblem] episode=19611 subproblem_id=NP_NC block_count=30 best_source=agent_sample_19 loss=0.998632 phase1_score=(0.333333333, 38.630730545, 6.916666667)
[CHECK][phase1_pair_self_labeling.train.subproblem] episode=19611 subproblem_id=FN_FL block_count=48 best_source=agent_sample_61 loss=1.336853 phase1_score=(0.5, 16.222519324, 10.5)
[CHECK][phase1_pair_self_labeling.train] episode=19611 problem_id=EP19611 block_count=78 best_source=NP_NC:agent_sample_19|FN_FL:agent_sample_61 subproblem_count=2 loss=1.167742 learning_score=(0.833333333, 54.853249869, 17.416666667) phase1_score=(0.833333333, 54.853249869, 17.416666667)
[CHECK][phase1_pair_self_labeling.train.subproblem] episode=19612 subproblem_id=NP_NC block_count=16 best_source=agent_sample_63 loss=0.506054 phase1_score=(1.416666667, 57.290493243, 2.916666667)
[CHECK][phase1_pair_self_labeling.train.subproblem] episode=19612 subproblem_id=FN_FL block_count=19 best_source=agent_sample_61 loss=0.725571 phase1_score=(0.5, 23.338155059, 1.5)
[CHECK][phase1_pair_self_labeling.train] episode=19612 problem_id=EP19612 block_count=35 best_source=NP_NC:agent_sample_63|FN_FL:agent_sample_61 subproblem_count=2 loss=0.615813 learning_score=(1.916666667, 80.628648302, 4.416666667) phase1_score=(1.916666667, 80.628648302, 4.416666667)
[CHECK][phase1_pair_self_labeling.train.subproblem] episode=19613 subproblem_id=NP_NC block_count=16 best_source=agent_sample_3 loss=0.618969 phase1_score=(0.333333333, 28.347788342, 1.833333333)
[CHECK][phase1_pair_self_labeling.train.subproblem] episode=19613 subproblem_id=FN_FL block_count=16 best_source=agent_sample_64 loss=0.674248 phase1_score=(1.0, 65.893840553, 2.5)
[CHECK][phase1_pair_self_labeling.train] episode=19613 problem_id=EP19613 block_count=32 best_source=NP_NC:agent_sample_3|FN_FL:agent_sample_64 subproblem_count=2 loss=0.646608 learning_score=(1.333333333, 94.241628894, 4.333333333) phase1_score=(1.333333333, 94.241628894, 4.333333333)
[CHECK][phase1_pair_self_labeling.train.subproblem] episode=19614 subproblem_id=NP_NC block_count=13 best_source=agent_sample_7 loss=0.632424 phase1_score=(1.166666667, 260.367323055, 1.416666667)
[CHECK][phase1_pair_self_labeling.train.subproblem] episode=19614 subproblem_id=FN_FL block_count=12 best_source=agent_sample_35 loss=0.613856 phase1_score=(0.5, 17.423704933, 5.5)
[CHECK][phase1_pair_self_labeling.train] episode=19614 problem_id=EP19614 block_count=25 best_source=NP_NC:agent_sample_7|FN_FL:agent_sample_35 subproblem_count=2 loss=0.623140 learning_score=(1.666666667, 277.791027988, 6.916666667) phase1_score=(1.666666667, 277.791027988, 6.916666667)
[CHECK][phase1_pair_self_labeling.train.subproblem] episode=19615 subproblem_id=NP_NC block_count=47 best_source=agent_sample_26 loss=1.082240 phase1_score=(0.166666667, 29.325902341, 7.833333333)
[CHECK][phase1_pair_self_labeling.train.subproblem] episode=19615 subproblem_id=FN_FL block_count=56 best_source=agent_sample_53 loss=1.484788 phase1_score=(1.0, 12.123144116, 8.5)
[CHECK][phase1_pair_self_labeling.train] episode=19615 problem_id=EP19615 block_count=103 best_source=NP_NC:agent_sample_26|FN_FL:agent_sample_53 subproblem_count=2 loss=1.283514 learning_score=(1.166666667, 41.449046457, 16.333333333) phase1_score=(1.166666667, 41.449046457, 16.333333333)
[CHECK][phase1_pair_self_labeling.train.subproblem] episode=19616 subproblem_id=NP_NC block_count=11 best_source=agent_sample_46 loss=0.711122 phase1_score=(0.5, 36.897098149, 3.333333333)
[CHECK][phase1_pair_self_labeling.train.subproblem] episode=19616 subproblem_id=FN_FL block_count=20 best_source=agent_sample_8 loss=0.518388 phase1_score=(0.0, 4.339470258, 4.5)
[CHECK][phase1_pair_self_labeling.train] episode=19616 problem_id=EP19616 block_count=31 best_source=NP_NC:agent_sample_46|FN_FL:agent_sample_8 subproblem_count=2 loss=0.614755 learning_score=(0.5, 41.236568407, 7.833333333) phase1_score=(0.5, 41.236568407, 7.833333333)
[CHECK][phase1_pair_self_labeling.train.subproblem] episode=19617 subproblem_id=NP_NC block_count=19 best_source=agent_sample_56 loss=0.915390 phase1_score=(1.25, 185.922710929, 3.916666667)
[CHECK][phase1_pair_self_labeling.train.subproblem] episode=19617 subproblem_id=FN_FL block_count=22 best_source=agent_sample_3 loss=0.406728 phase1_score=(1.0, 16.839713467, 4.0)
[CHECK][phase1_pair_self_labeling.train] episode=19617 problem_id=EP19617 block_count=41 best_source=NP_NC:agent_sample_56|FN_FL:agent_sample_3 subproblem_count=2 loss=0.661059 learning_score=(2.25, 202.762424397, 7.916666667) phase1_score=(2.25, 202.762424397, 7.916666667)
[CHECK][phase1_pair_self_labeling.train.subproblem] episode=19618 subproblem_id=NP_NC block_count=51 best_source=agent_sample_22 loss=1.170807 phase1_score=(0.25, 27.770678183, 7.5)
[CHECK][phase1_pair_self_labeling.train.subproblem] episode=19618 subproblem_id=FN_FL block_count=49 best_source=agent_sample_23 loss=1.221434 phase1_score=(1.0, 7.025256541, 5.5)
[CHECK][phase1_pair_self_labeling.train] episode=19618 problem_id=EP19618 block_count=100 best_source=NP_NC:agent_sample_22|FN_FL:agent_sample_23 subproblem_count=2 loss=1.196121 learning_score=(1.25, 34.795934725, 13.0) phase1_score=(1.25, 34.795934725, 13.0)
[CHECK][phase1_pair_self_labeling.train.subproblem] episode=19619 subproblem_id=NP_NC block_count=14 best_source=agent_sample_24 loss=0.807806 phase1_score=(1.333333333, 61.005403352, 4.583333333)
[CHECK][phase1_pair_self_labeling.train.subproblem] episode=19619 subproblem_id=FN_FL block_count=25 best_source=agent_sample_5 loss=0.810897 phase1_score=(0.0, 110.491442331, 5.5)
[CHECK][phase1_pair_self_labeling.train] episode=19619 problem_id=EP19619 block_count=39 best_source=NP_NC:agent_sample_24|FN_FL:agent_sample_5 subproblem_count=2 loss=0.809352 learning_score=(1.333333333, 171.496845683, 10.083333333) phase1_score=(1.333333333, 171.496845683, 10.083333333)
[CHECK][phase1_pair_self_labeling.train.subproblem] episode=19620 subproblem_id=NP_NC block_count=31 best_source=agent_sample_4 loss=0.942048 phase1_score=(0.25, 18.268365276, 8.25)
[CHECK][phase1_pair_self_labeling.train.subproblem] episode=19620 subproblem_id=FN_FL block_count=35 best_source=agent_sample_57 loss=0.905998 phase1_score=(0.5, 18.284528855, 10.0)
[CHECK][phase1_pair_self_labeling.train] episode=19620 problem_id=EP19620 block_count=66 best_source=NP_NC:agent_sample_4|FN_FL:agent_sample_57 subproblem_count=2 loss=0.924023 learning_score=(0.75, 36.552894132, 18.25) phase1_score=(0.75, 36.552894132, 18.25)
[CHECK][phase1_pair_self_labeling.train.subproblem] episode=19621 subproblem_id=NP_NC block_count=13 best_source=agent_sample_9 loss=0.652889 phase1_score=(2.0, 70.929959592, 4.083333333)
[CHECK][phase1_pair_self_labeling.train.subproblem] episode=19621 subproblem_id=FN_FL block_count=6 best_source=agent_sample_2 loss=0.806492 phase1_score=(3.0, 84.973438415, 2.0)
[CHECK][phase1_pair_self_labeling.train] episode=19621 problem_id=EP19621 block_count=19 best_source=NP_NC:agent_sample_9|FN_FL:agent_sample_2 subproblem_count=2 loss=0.729690 learning_score=(5.0, 155.903398008, 6.083333333) phase1_score=(5.0, 155.903398008, 6.083333333)
[CHECK][phase1_pair_self_labeling.train.subproblem] episode=19622 subproblem_id=NP_NC block_count=14 best_source=agent_sample_6 loss=0.634989 phase1_score=(3.25, 92.72274132, 9.833333333)
[CHECK][phase1_pair_self_labeling.train.subproblem] episode=19622 subproblem_id=FN_FL block_count=17 best_source=agent_sample_24 loss=0.636920 phase1_score=(1.0, 27.932418664, 2.5)
[CHECK][phase1_pair_self_labeling.train] episode=19622 problem_id=EP19622 block_count=31 best_source=NP_NC:agent_sample_6|FN_FL:agent_sample_24 subproblem_count=2 loss=0.635954 learning_score=(4.25, 120.655159984, 12.333333333) phase1_score=(4.25, 120.655159984, 12.333333333)
[CHECK][phase1_pair_self_labeling.train.subproblem] episode=19623 subproblem_id=NP_NC block_count=16 best_source=agent_sample_59 loss=0.851248 phase1_score=(0.916666667, 197.354845654, 6.416666667)
[CHECK][phase1_pair_self_labeling.train.subproblem] episode=19623 subproblem_id=FN_FL block_count=13 best_source=agent_sample_59 loss=0.601887 phase1_score=(0.0, 168.785077347, 7.5)
[CHECK][phase1_pair_self_labeling.train] episode=19623 problem_id=EP19623 block_count=29 best_source=NP_NC:agent_sample_59|FN_FL:agent_sample_59 subproblem_count=2 loss=0.726567 learning_score=(0.916666667, 366.139923001, 13.916666667) phase1_score=(0.916666667, 366.139923001, 13.916666667)
[CHECK][phase1_pair_self_labeling.train.subproblem] episode=19624 subproblem_id=NP_NC block_count=33 best_source=agent_sample_5 loss=0.733972 phase1_score=(0.583333333, 17.509737129, 10.0)
[CHECK][phase1_pair_self_labeling.train.subproblem] episode=19624 subproblem_id=FN_FL block_count=27 best_source=agent_sample_51 loss=0.511195 phase1_score=(0.0, 20.295384624, 3.0)
[CHECK][phase1_pair_self_labeling.train] episode=19624 problem_id=EP19624 block_count=60 best_source=NP_NC:agent_sample_5|FN_FL:agent_sample_51 subproblem_count=2 loss=0.622583 learning_score=(0.583333333, 37.805121754, 13.0) phase1_score=(0.583333333, 37.805121754, 13.0)
[CHECK][phase1_pair_self_labeling.train.subproblem] episode=19625 subproblem_id=NP_NC block_count=23 best_source=agent_sample_13 loss=1.080031 phase1_score=(0.75, 38.420723711, 6.333333333)
[CHECK][phase1_pair_self_labeling.train.subproblem] episode=19625 subproblem_id=FN_FL block_count=30 best_source=agent_sample_12 loss=0.730073 phase1_score=(0.0, 14.059604951, 1.5)
[CHECK][phase1_pair_self_labeling.train] episode=19625 problem_id=EP19625 block_count=53 best_source=NP_NC:agent_sample_13|FN_FL:agent_sample_12 subproblem_count=2 loss=0.905052 learning_score=(0.75, 52.480328663, 7.833333333) phase1_score=(0.75, 52.480328663, 7.833333333)
[CHECK][phase1_pair_self_labeling.train.subproblem] episode=19626 subproblem_id=NP_NC block_count=8 best_source=agent_sample_5 loss=0.602576 phase1_score=(0.25, 96.352640089, 5.5)
[CHECK][phase1_pair_self_labeling.train.subproblem] episode=19626 subproblem_id=FN_FL block_count=16 best_source=agent_sample_14 loss=0.363189 phase1_score=(1.0, 15.878098986, 1.5)
[CHECK][phase1_pair_self_labeling.train] episode=19626 problem_id=EP19626 block_count=24 best_source=NP_NC:agent_sample_5|FN_FL:agent_sample_14 subproblem_count=2 loss=0.482882 learning_score=(1.25, 112.230739075, 7.0) phase1_score=(1.25, 112.230739075, 7.0)
[CHECK][phase1_pair_self_labeling.train.subproblem] episode=19627 subproblem_id=NP_NC block_count=16 best_source=agent_sample_39 loss=0.898068 phase1_score=(0.666666667, 54.089066638, 3.166666667)
[CHECK][phase1_pair_self_labeling.train.subproblem] episode=19627 subproblem_id=FN_FL block_count=22 best_source=agent_sample_39 loss=0.375183 phase1_score=(1.0, 84.16088773, 2.0)
[CHECK][phase1_pair_self_labeling.train] episode=19627 problem_id=EP19627 block_count=38 best_source=NP_NC:agent_sample_39|FN_FL:agent_sample_39 subproblem_count=2 loss=0.636625 learning_score=(1.666666667, 138.249954368, 5.166666667) phase1_score=(1.666666667, 138.249954368, 5.166666667)
[CHECK][phase1_pair_self_labeling.train.subproblem] episode=19628 subproblem_id=NP_NC block_count=7 best_source=agent_greedy loss=0.522477 phase1_score=(1.5, 125.956580206, 2.5)
[CHECK][phase1_pair_self_labeling.train.subproblem] episode=19628 subproblem_id=FN_FL block_count=9 best_source=agent_sample_11 loss=0.310785 phase1_score=(1.5, 57.021643123, 2.5)
[CHECK][phase1_pair_self_labeling.train] episode=19628 problem_id=EP19628 block_count=16 best_source=NP_NC:agent_greedy|FN_FL:agent_sample_11 subproblem_count=2 loss=0.416631 learning_score=(3.0, 182.978223329, 5.0) phase1_score=(3.0, 182.978223329, 5.0)
[CHECK][phase1_pair_self_labeling.train.subproblem] episode=19629 subproblem_id=NP_NC block_count=4 best_source=agent_sample_2 loss=0.699596 phase1_score=(0.5, 19.292736587, 1.0)
[CHECK][phase1_pair_self_labeling.train.subproblem] episode=19629 subproblem_id=FN_FL block_count=16 best_source=agent_sample_37 loss=0.661383 phase1_score=(0.0, 27.960455795, 2.0)
[CHECK][phase1_pair_self_labeling.train] episode=19629 problem_id=EP19629 block_count=20 best_source=NP_NC:agent_sample_2|FN_FL:agent_sample_37 subproblem_count=2 loss=0.680490 learning_score=(0.5, 47.253192382, 3.0) phase1_score=(0.5, 47.253192382, 3.0)
[CHECK][phase1_pair_self_labeling.train.subproblem] episode=19630 subproblem_id=NP_NC block_count=29 best_source=agent_sample_58 loss=0.706161 phase1_score=(0.25, 43.944942569, 3.5)
[CHECK][phase1_pair_self_labeling.train.subproblem] episode=19630 subproblem_id=FN_FL block_count=48 best_source=agent_sample_20 loss=0.818630 phase1_score=(0.5, 5.468882338, 3.5)
[CHECK][phase1_pair_self_labeling.train] episode=19630 problem_id=EP19630 block_count=77 best_source=NP_NC:agent_sample_58|FN_FL:agent_sample_20 subproblem_count=2 loss=0.762396 learning_score=(0.75, 49.413824907, 7.0) phase1_score=(0.75, 49.413824907, 7.0)
[CHECK][phase1_pair_self_labeling.train.subproblem] episode=19631 subproblem_id=NP_NC block_count=6 best_source=cut_first_balanced loss=7.732408 phase1_score=(1.333333333, 82.75273619, 2.0)
[CHECK][phase1_pair_self_labeling.train.subproblem] episode=19631 subproblem_id=FN_FL block_count=11 best_source=agent_sample_11 loss=0.560848 phase1_score=(1.0, 10.308064021, 6.5)
[CHECK][phase1_pair_self_labeling.train] episode=19631 problem_id=EP19631 block_count=17 best_source=NP_NC:cut_first_balanced|FN_FL:agent_sample_11 subproblem_count=2 loss=4.146628 learning_score=(2.333333333, 93.060800212, 8.5) phase1_score=(2.333333333, 93.060800212, 8.5)
[CHECK][phase1_pair_self_labeling.train.subproblem] episode=19632 subproblem_id=NP_NC block_count=40 best_source=agent_sample_16 loss=0.847958 phase1_score=(0.5, 25.946519184, 3.75)
[CHECK][phase1_pair_self_labeling.train.subproblem] episode=19632 subproblem_id=FN_FL block_count=44 best_source=agent_sample_4 loss=0.974409 phase1_score=(1.0, 6.05030939, 2.0)
[CHECK][phase1_pair_self_labeling.train] episode=19632 problem_id=EP19632 block_count=84 best_source=NP_NC:agent_sample_16|FN_FL:agent_sample_4 subproblem_count=2 loss=0.911184 learning_score=(1.5, 31.996828573, 5.75) phase1_score=(1.5, 31.996828573, 5.75)
[CHECK][phase1_pair_self_labeling.train.subproblem] episode=19633 subproblem_id=NP_NC block_count=47 best_source=agent_sample_36 loss=0.980768 phase1_score=(0.5, 20.835832273, 8.75)
[CHECK][phase1_pair_self_labeling.train.subproblem] episode=19633 subproblem_id=FN_FL block_count=51 best_source=agent_sample_37 loss=1.179324 phase1_score=(0.5, 14.185049258, 5.5)
[CHECK][phase1_pair_self_labeling.train] episode=19633 problem_id=EP19633 block_count=98 best_source=NP_NC:agent_sample_36|FN_FL:agent_sample_37 subproblem_count=2 loss=1.080046 learning_score=(1.0, 35.020881531, 14.25) phase1_score=(1.0, 35.020881531, 14.25)
[CHECK][phase1_pair_self_labeling.train.subproblem] episode=19634 subproblem_id=NP_NC block_count=28 best_source=agent_sample_6 loss=0.683223 phase1_score=(0.166666667, 11.31486961, 2.083333333)
[CHECK][phase1_pair_self_labeling.train.subproblem] episode=19634 subproblem_id=FN_FL block_count=28 best_source=agent_sample_64 loss=0.780335 phase1_score=(0.0, 51.469733289, 5.0)
[CHECK][phase1_pair_self_labeling.train] episode=19634 problem_id=EP19634 block_count=56 best_source=NP_NC:agent_sample_6|FN_FL:agent_sample_64 subproblem_count=2 loss=0.731779 learning_score=(0.166666667, 62.784602899, 7.083333333) phase1_score=(0.166666667, 62.784602899, 7.083333333)
[CHECK][phase1_pair_self_labeling.train.subproblem] episode=19635 subproblem_id=NP_NC block_count=14 best_source=agent_sample_40 loss=0.677699 phase1_score=(0.5, 20.262630451, 3.333333333)
[CHECK][phase1_pair_self_labeling.train.subproblem] episode=19635 subproblem_id=FN_FL block_count=11 best_source=agent_sample_8 loss=0.309130 phase1_score=(0.5, 29.72810917, 1.5)
[CHECK][phase1_pair_self_labeling.train] episode=19635 problem_id=EP19635 block_count=25 best_source=NP_NC:agent_sample_40|FN_FL:agent_sample_8 subproblem_count=2 loss=0.493415 learning_score=(1.0, 49.990739621, 4.833333333) phase1_score=(1.0, 49.990739621, 4.833333333)
[CHECK][phase1_pair_self_labeling.train.subproblem] episode=19636 subproblem_id=NP_NC block_count=48 best_source=agent_sample_41 loss=0.810199 phase1_score=(0.25, 32.084278983, 7.416666667)
[CHECK][phase1_pair_self_labeling.train.subproblem] episode=19636 subproblem_id=FN_FL block_count=48 best_source=agent_sample_49 loss=0.781463 phase1_score=(0.5, 8.768457579, 3.5)
[CHECK][phase1_pair_self_labeling.train] episode=19636 problem_id=EP19636 block_count=96 best_source=NP_NC:agent_sample_41|FN_FL:agent_sample_49 subproblem_count=2 loss=0.795831 learning_score=(0.75, 40.852736562, 10.916666667) phase1_score=(0.75, 40.852736562, 10.916666667)
[CHECK][phase1_pair_self_labeling.train.subproblem] episode=19637 subproblem_id=NP_NC block_count=36 best_source=agent_sample_25 loss=0.749929 phase1_score=(0.416666667, 5.070833036, 5.083333333)
[CHECK][phase1_pair_self_labeling.train.subproblem] episode=19637 subproblem_id=FN_FL block_count=55 best_source=agent_sample_21 loss=0.962355 phase1_score=(0.5, 6.469370533, 2.0)
[CHECK][phase1_pair_self_labeling.train] episode=19637 problem_id=EP19637 block_count=91 best_source=NP_NC:agent_sample_25|FN_FL:agent_sample_21 subproblem_count=2 loss=0.856142 learning_score=(0.916666667, 11.540203569, 7.083333333) phase1_score=(0.916666667, 11.540203569, 7.083333333)
[CHECK][phase1_pair_self_labeling.train.subproblem] episode=19638 subproblem_id=NP_NC block_count=28 best_source=agent_sample_25 loss=0.682833 phase1_score=(0.5, 18.971262593, 5.25)
[CHECK][phase1_pair_self_labeling.train.subproblem] episode=19638 subproblem_id=FN_FL block_count=45 best_source=agent_sample_52 loss=1.081102 phase1_score=(0.5, 118.528976707, 3.5)
[CHECK][phase1_pair_self_labeling.train] episode=19638 problem_id=EP19638 block_count=73 best_source=NP_NC:agent_sample_25|FN_FL:agent_sample_52 subproblem_count=2 loss=0.881967 learning_score=(1.0, 137.5002393, 8.75) phase1_score=(1.0, 137.5002393, 8.75)
[CHECK][phase1_pair_self_labeling.train.subproblem] episode=19639 subproblem_id=NP_NC block_count=36 best_source=agent_sample_49 loss=0.798179 phase1_score=(0.5, 34.737649325, 8.916666667)
[CHECK][phase1_pair_self_labeling.train.subproblem] episode=19639 subproblem_id=FN_FL block_count=48 best_source=agent_sample_51 loss=0.930200 phase1_score=(1.0, 5.232203868, 5.0)
[CHECK][phase1_pair_self_labeling.train] episode=19639 problem_id=EP19639 block_count=84 best_source=NP_NC:agent_sample_49|FN_FL:agent_sample_51 subproblem_count=2 loss=0.864190 learning_score=(1.5, 39.969853193, 13.916666667) phase1_score=(1.5, 39.969853193, 13.916666667)
[CHECK][phase1_pair_self_labeling.train.subproblem] episode=19640 subproblem_id=NP_NC block_count=12 best_source=cut_first_balanced loss=2.101011 phase1_score=(0.25, 91.439724346, 4.5)
[CHECK][phase1_pair_self_labeling.train.subproblem] episode=19640 subproblem_id=FN_FL block_count=11 best_source=agent_greedy loss=0.148179 phase1_score=(1.0, 155.185616717, 3.0)
[CHECK][phase1_pair_self_labeling.train] episode=19640 problem_id=EP19640 block_count=23 best_source=NP_NC:cut_first_balanced|FN_FL:agent_greedy subproblem_count=2 loss=1.124595 learning_score=(1.25, 246.625341064, 7.5) phase1_score=(1.25, 246.625341064, 7.5)
[CHECK][phase1_pair_self_labeling.train.subproblem] episode=19641 subproblem_id=NP_NC block_count=13 best_source=agent_sample_7 loss=0.354781 phase1_score=(0.833333333, 51.378638673, 4.166666667)
[CHECK][phase1_pair_self_labeling.train.subproblem] episode=19641 subproblem_id=FN_FL block_count=13 best_source=agent_sample_9 loss=0.348155 phase1_score=(1.5, 72.916259537, 8.0)
[CHECK][phase1_pair_self_labeling.train] episode=19641 problem_id=EP19641 block_count=26 best_source=NP_NC:agent_sample_7|FN_FL:agent_sample_9 subproblem_count=2 loss=0.351468 learning_score=(2.333333333, 124.29489821, 12.166666667) phase1_score=(2.333333333, 124.29489821, 12.166666667)
[CHECK][phase1_pair_self_labeling.train.subproblem] episode=19642 subproblem_id=NP_NC block_count=28 best_source=agent_sample_14 loss=1.102982 phase1_score=(1.75, 142.338917941, 3.083333333)
[CHECK][phase1_pair_self_labeling.train.subproblem] episode=19642 subproblem_id=FN_FL block_count=37 best_source=agent_sample_2 loss=0.623292 phase1_score=(0.0, 16.385825179, 3.5)
[CHECK][phase1_pair_self_labeling.train] episode=19642 problem_id=EP19642 block_count=65 best_source=NP_NC:agent_sample_14|FN_FL:agent_sample_2 subproblem_count=2 loss=0.863137 learning_score=(1.75, 158.72474312, 6.583333333) phase1_score=(1.75, 158.72474312, 6.583333333)
[CHECK][phase1_pair_self_labeling.train.subproblem] episode=19643 subproblem_id=NP_NC block_count=40 best_source=agent_sample_12 loss=0.927633 phase1_score=(0.333333333, 12.658197406, 4.833333333)
[CHECK][phase1_pair_self_labeling.train.subproblem] episode=19643 subproblem_id=FN_FL block_count=54 best_source=agent_sample_41 loss=0.839413 phase1_score=(0.5, 4.294642987, 2.0)
[CHECK][phase1_pair_self_labeling.train] episode=19643 problem_id=EP19643 block_count=94 best_source=NP_NC:agent_sample_12|FN_FL:agent_sample_41 subproblem_count=2 loss=0.883523 learning_score=(0.833333333, 16.952840392, 6.833333333) phase1_score=(0.833333333, 16.952840392, 6.833333333)
[CHECK][phase1_pair_self_labeling.train.subproblem] episode=19644 subproblem_id=NP_NC block_count=35 best_source=agent_sample_39 loss=0.636685 phase1_score=(0.5, 39.751666533, 5.916666667)
[CHECK][phase1_pair_self_labeling.train.subproblem] episode=19644 subproblem_id=FN_FL block_count=41 best_source=agent_sample_11 loss=0.734855 phase1_score=(0.0, 1.590562118, 2.0)
[CHECK][phase1_pair_self_labeling.train] episode=19644 problem_id=EP19644 block_count=76 best_source=NP_NC:agent_sample_39|FN_FL:agent_sample_11 subproblem_count=2 loss=0.685770 learning_score=(0.5, 41.342228651, 7.916666667) phase1_score=(0.5, 41.342228651, 7.916666667)
[CHECK][phase1_pair_self_labeling.train.subproblem] episode=19645 subproblem_id=NP_NC block_count=26 best_source=agent_sample_58 loss=0.855215 phase1_score=(0.416666667, 149.116041224, 8.75)
[CHECK][phase1_pair_self_labeling.train.subproblem] episode=19645 subproblem_id=FN_FL block_count=26 best_source=agent_sample_27 loss=0.511286 phase1_score=(1.0, 28.648776905, 5.5)
[CHECK][phase1_pair_self_labeling.train] episode=19645 problem_id=EP19645 block_count=52 best_source=NP_NC:agent_sample_58|FN_FL:agent_sample_27 subproblem_count=2 loss=0.683250 learning_score=(1.416666667, 177.764818129, 14.25) phase1_score=(1.416666667, 177.764818129, 14.25)
[CHECK][phase1_pair_self_labeling.train.subproblem] episode=19646 subproblem_id=NP_NC block_count=33 best_source=agent_sample_9 loss=0.912353 phase1_score=(1.0, 24.66058161, 7.0)
[CHECK][phase1_pair_self_labeling.train.subproblem] episode=19646 subproblem_id=FN_FL block_count=43 best_source=agent_sample_5 loss=0.761406 phase1_score=(0.0, 40.118716161, 2.5)
[CHECK][phase1_pair_self_labeling.train] episode=19646 problem_id=EP19646 block_count=76 best_source=NP_NC:agent_sample_9|FN_FL:agent_sample_5 subproblem_count=2 loss=0.836879 learning_score=(1.0, 64.779297771, 9.5) phase1_score=(1.0, 64.779297771, 9.5)
[CHECK][phase1_pair_self_labeling.train.subproblem] episode=19647 subproblem_id=NP_NC block_count=43 best_source=agent_sample_22 loss=0.875710 phase1_score=(0.25, 25.61555579, 2.916666667)
[CHECK][phase1_pair_self_labeling.train.subproblem] episode=19647 subproblem_id=FN_FL block_count=40 best_source=agent_sample_3 loss=0.675603 phase1_score=(0.5, 8.444158366, 3.0)
[CHECK][phase1_pair_self_labeling.train] episode=19647 problem_id=EP19647 block_count=83 best_source=NP_NC:agent_sample_22|FN_FL:agent_sample_3 subproblem_count=2 loss=0.775657 learning_score=(0.75, 34.059714156, 5.916666667) phase1_score=(0.75, 34.059714156, 5.916666667)
[CHECK][phase1_pair_self_labeling.train.subproblem] episode=19648 subproblem_id=NP_NC block_count=20 best_source=agent_sample_5 loss=0.502001 phase1_score=(0.333333333, 83.974213967, 0.75)
[CHECK][phase1_pair_self_labeling.train.subproblem] episode=19648 subproblem_id=FN_FL block_count=35 best_source=agent_sample_31 loss=0.764442 phase1_score=(1.0, 10.292734262, 2.0)
[CHECK][phase1_pair_self_labeling.train] episode=19648 problem_id=EP19648 block_count=55 best_source=NP_NC:agent_sample_5|FN_FL:agent_sample_31 subproblem_count=2 loss=0.633222 learning_score=(1.333333333, 94.266948229, 2.75) phase1_score=(1.333333333, 94.266948229, 2.75)
[CHECK][phase1_pair_self_labeling.train.subproblem] episode=19649 subproblem_id=NP_NC block_count=24 best_source=agent_sample_41 loss=0.632171 phase1_score=(0.416666667, 16.791583782, 6.75)
[CHECK][phase1_pair_self_labeling.train.subproblem] episode=19649 subproblem_id=FN_FL block_count=25 best_source=agent_sample_63 loss=0.502320 phase1_score=(1.0, 30.614238515, 4.5)
[CHECK][phase1_pair_self_labeling.train] episode=19649 problem_id=EP19649 block_count=49 best_source=NP_NC:agent_sample_41|FN_FL:agent_sample_63 subproblem_count=2 loss=0.567245 learning_score=(1.416666667, 47.405822297, 11.25) phase1_score=(1.416666667, 47.405822297, 11.25)
[CHECK][phase1_pair_self_labeling.train.subproblem] episode=19650 subproblem_id=NP_NC block_count=10 best_source=agent_sample_5 loss=0.419085 phase1_score=(1.833333333, 67.300948765, 4.5)
[CHECK][phase1_pair_self_labeling.train.subproblem] episode=19650 subproblem_id=FN_FL block_count=9 best_source=agent_sample_4 loss=0.332089 phase1_score=(0.5, 89.680913077, 2.0)
[CHECK][phase1_pair_self_labeling.train] episode=19650 problem_id=EP19650 block_count=19 best_source=NP_NC:agent_sample_5|FN_FL:agent_sample_4 subproblem_count=2 loss=0.375587 learning_score=(2.333333333, 156.981861842, 6.5) phase1_score=(2.333333333, 156.981861842, 6.5)
[CHECK][phase1_pair_self_labeling.train.subproblem] episode=19651 subproblem_id=NP_NC block_count=30 best_source=agent_sample_17 loss=0.756985 phase1_score=(0.5, 87.567962931, 2.25)
[CHECK][phase1_pair_self_labeling.train.subproblem] episode=19651 subproblem_id=FN_FL block_count=46 best_source=agent_sample_31 loss=0.890420 phase1_score=(0.5, 5.374371997, 1.5)
[CHECK][phase1_pair_self_labeling.train] episode=19651 problem_id=EP19651 block_count=76 best_source=NP_NC:agent_sample_17|FN_FL:agent_sample_31 subproblem_count=2 loss=0.823702 learning_score=(1.0, 92.942334928, 3.75) phase1_score=(1.0, 92.942334928, 3.75)
[CHECK][phase1_pair_self_labeling.train.subproblem] episode=19652 subproblem_id=NP_NC block_count=30 best_source=agent_sample_7 loss=0.743431 phase1_score=(2.0, 86.140078661, 5.0)
[CHECK][phase1_pair_self_labeling.train.subproblem] episode=19652 subproblem_id=FN_FL block_count=29 best_source=agent_sample_50 loss=0.553085 phase1_score=(0.5, 40.521980805, 3.5)
[CHECK][phase1_pair_self_labeling.train] episode=19652 problem_id=EP19652 block_count=59 best_source=NP_NC:agent_sample_7|FN_FL:agent_sample_50 subproblem_count=2 loss=0.648258 learning_score=(2.5, 126.662059466, 8.5) phase1_score=(2.5, 126.662059466, 8.5)
[CHECK][phase1_pair_self_labeling.train.subproblem] episode=19653 subproblem_id=NP_NC block_count=18 best_source=agent_sample_28 loss=1.098568 phase1_score=(0.75, 173.552668209, 2.75)
[CHECK][phase1_pair_self_labeling.train.subproblem] episode=19653 subproblem_id=FN_FL block_count=24 best_source=agent_sample_52 loss=0.287078 phase1_score=(0.0, 40.186520592, 5.0)
[CHECK][phase1_pair_self_labeling.train] episode=19653 problem_id=EP19653 block_count=42 best_source=NP_NC:agent_sample_28|FN_FL:agent_sample_52 subproblem_count=2 loss=0.692823 learning_score=(0.75, 213.739188801, 7.75) phase1_score=(0.75, 213.739188801, 7.75)
[CHECK][phase1_pair_self_labeling.train.subproblem] episode=19654 subproblem_id=NP_NC block_count=19 best_source=agent_sample_5 loss=0.538937 phase1_score=(0.416666667, 29.71662491, 13.166666667)
[CHECK][phase1_pair_self_labeling.train.subproblem] episode=19654 subproblem_id=FN_FL block_count=22 best_source=agent_sample_62 loss=0.448156 phase1_score=(0.0, 19.592660349, 2.0)
[CHECK][phase1_pair_self_labeling.train] episode=19654 problem_id=EP19654 block_count=41 best_source=NP_NC:agent_sample_5|FN_FL:agent_sample_62 subproblem_count=2 loss=0.493547 learning_score=(0.416666667, 49.309285259, 15.166666667) phase1_score=(0.416666667, 49.309285259, 15.166666667)
[CHECK][phase1_pair_self_labeling.train.subproblem] episode=19655 subproblem_id=NP_NC block_count=17 best_source=bevel_first_balanced loss=8.929029 phase1_score=(0.416666667, 56.339771912, 6.333333333)
[CHECK][phase1_pair_self_labeling.train.subproblem] episode=19655 subproblem_id=FN_FL block_count=26 best_source=agent_sample_58 loss=0.721634 phase1_score=(0.0, 41.960449281, 3.5)
[CHECK][phase1_pair_self_labeling.train] episode=19655 problem_id=EP19655 block_count=43 best_source=NP_NC:bevel_first_balanced|FN_FL:agent_sample_58 subproblem_count=2 loss=4.825332 learning_score=(0.416666667, 98.300221193, 9.833333333) phase1_score=(0.416666667, 98.300221193, 9.833333333)
[CHECK][phase1_pair_self_labeling.train.subproblem] episode=19656 subproblem_id=NP_NC block_count=44 best_source=agent_sample_23 loss=0.905653 phase1_score=(0.333333333, 16.294119181, 16.0)
[CHECK][phase1_pair_self_labeling.train.subproblem] episode=19656 subproblem_id=FN_FL block_count=40 best_source=agent_sample_3 loss=0.776365 phase1_score=(0.5, 36.522510311, 3.0)
[CHECK][phase1_pair_self_labeling.train] episode=19656 problem_id=EP19656 block_count=84 best_source=NP_NC:agent_sample_23|FN_FL:agent_sample_3 subproblem_count=2 loss=0.841009 learning_score=(0.833333333, 52.816629493, 19.0) phase1_score=(0.833333333, 52.816629493, 19.0)
[CHECK][phase1_pair_self_labeling.train.subproblem] episode=19657 subproblem_id=NP_NC block_count=36 best_source=agent_sample_15 loss=0.643611 phase1_score=(0.333333333, 23.587422138, 9.25)
[CHECK][phase1_pair_self_labeling.train.subproblem] episode=19657 subproblem_id=FN_FL block_count=42 best_source=agent_sample_15 loss=0.711327 phase1_score=(0.5, 26.45894307, 5.0)
[CHECK][phase1_pair_self_labeling.train] episode=19657 problem_id=EP19657 block_count=78 best_source=NP_NC:agent_sample_15|FN_FL:agent_sample_15 subproblem_count=2 loss=0.677469 learning_score=(0.833333333, 50.046365208, 14.25) phase1_score=(0.833333333, 50.046365208, 14.25)
[CHECK][phase1_pair_self_labeling.train.subproblem] episode=19658 subproblem_id=NP_NC block_count=34 best_source=agent_sample_32 loss=0.667376 phase1_score=(1.416666667, 34.433468934, 2.666666667)
[CHECK][phase1_pair_self_labeling.train.subproblem] episode=19658 subproblem_id=FN_FL block_count=45 best_source=agent_sample_2 loss=0.937469 phase1_score=(0.5, 5.993884535, 2.0)
[CHECK][phase1_pair_self_labeling.train] episode=19658 problem_id=EP19658 block_count=79 best_source=NP_NC:agent_sample_32|FN_FL:agent_sample_2 subproblem_count=2 loss=0.802422 learning_score=(1.916666667, 40.427353469, 4.666666667) phase1_score=(1.916666667, 40.427353469, 4.666666667)
[CHECK][phase1_pair_self_labeling.train.subproblem] episode=19659 subproblem_id=NP_NC block_count=22 best_source=agent_sample_21 loss=0.641600 phase1_score=(0.666666667, 20.771505266, 4.333333333)
[CHECK][phase1_pair_self_labeling.train.subproblem] episode=19659 subproblem_id=FN_FL block_count=25 best_source=agent_sample_8 loss=0.561593 phase1_score=(0.0, 27.515776842, 3.5)
[CHECK][phase1_pair_self_labeling.train] episode=19659 problem_id=EP19659 block_count=47 best_source=NP_NC:agent_sample_21|FN_FL:agent_sample_8 subproblem_count=2 loss=0.601596 learning_score=(0.666666667, 48.287282108, 7.833333333) phase1_score=(0.666666667, 48.287282108, 7.833333333)
[CHECK][phase1_pair_self_labeling.train.subproblem] episode=19660 subproblem_id=NP_NC block_count=14 best_source=agent_sample_3 loss=0.480371 phase1_score=(3.0, 101.09422822, 8.75)
[CHECK][phase1_pair_self_labeling.train.subproblem] episode=19660 subproblem_id=FN_FL block_count=14 best_source=agent_sample_5 loss=0.320673 phase1_score=(0.0, 26.528894224, 0.5)
[CHECK][phase1_pair_self_labeling.train] episode=19660 problem_id=EP19660 block_count=28 best_source=NP_NC:agent_sample_3|FN_FL:agent_sample_5 subproblem_count=2 loss=0.400522 learning_score=(3.0, 127.623122444, 9.25) phase1_score=(3.0, 127.623122444, 9.25)
[CHECK][phase1_pair_self_labeling.train.subproblem] episode=19661 subproblem_id=NP_NC block_count=48 best_source=agent_sample_4 loss=0.988194 phase1_score=(0.333333333, 12.687613504, 1.25)
[CHECK][phase1_pair_self_labeling.train.subproblem] episode=19661 subproblem_id=FN_FL block_count=55 best_source=agent_sample_39 loss=0.983396 phase1_score=(0.5, 4.735693642, 6.5)
[CHECK][phase1_pair_self_labeling.train] episode=19661 problem_id=EP19661 block_count=103 best_source=NP_NC:agent_sample_4|FN_FL:agent_sample_39 subproblem_count=2 loss=0.985795 learning_score=(0.833333333, 17.423307147, 7.75) phase1_score=(0.833333333, 17.423307147, 7.75)
[CHECK][phase1_pair_self_labeling.train.subproblem] episode=19662 subproblem_id=NP_NC block_count=29 best_source=agent_sample_21 loss=1.564677 phase1_score=(0.833333333, 567.873070895, 10.333333333)
[CHECK][phase1_pair_self_labeling.train.subproblem] episode=19662 subproblem_id=FN_FL block_count=23 best_source=agent_sample_41 loss=0.474721 phase1_score=(0.0, 46.214283666, 1.5)
[CHECK][phase1_pair_self_labeling.train] episode=19662 problem_id=EP19662 block_count=52 best_source=NP_NC:agent_sample_21|FN_FL:agent_sample_41 subproblem_count=2 loss=1.019699 learning_score=(0.833333333, 614.087354561, 11.833333333) phase1_score=(0.833333333, 614.087354561, 11.833333333)
[CHECK][phase1_pair_self_labeling.train.subproblem] episode=19663 subproblem_id=NP_NC block_count=26 best_source=agent_sample_35 loss=1.367073 phase1_score=(2.25, 53.457531453, 3.583333333)
[CHECK][phase1_pair_self_labeling.train.subproblem] episode=19663 subproblem_id=FN_FL block_count=31 best_source=agent_sample_39 loss=0.653982 phase1_score=(1.0, 10.904592481, 2.5)
[CHECK][phase1_pair_self_labeling.train] episode=19663 problem_id=EP19663 block_count=57 best_source=NP_NC:agent_sample_35|FN_FL:agent_sample_39 subproblem_count=2 loss=1.010528 learning_score=(3.25, 64.362123934, 6.083333333) phase1_score=(3.25, 64.362123934, 6.083333333)
[CHECK][phase1_pair_self_labeling.train.subproblem] episode=19664 subproblem_id=NP_NC block_count=29 best_source=agent_sample_62 loss=0.661950 phase1_score=(1.166666667, 11.660996229, 5.5)
[CHECK][phase1_pair_self_labeling.train.subproblem] episode=19664 subproblem_id=FN_FL block_count=46 best_source=agent_sample_55 loss=0.847895 phase1_score=(1.0, 11.592011654, 3.0)
[CHECK][phase1_pair_self_labeling.train] episode=19664 problem_id=EP19664 block_count=75 best_source=NP_NC:agent_sample_62|FN_FL:agent_sample_55 subproblem_count=2 loss=0.754923 learning_score=(2.166666667, 23.253007883, 8.5) phase1_score=(2.166666667, 23.253007883, 8.5)
[CHECK][phase1_pair_self_labeling.train.subproblem] episode=19665 subproblem_id=NP_NC block_count=8 best_source=agent_sample_9 loss=0.512119 phase1_score=(0.5, 28.201972803, 1.5)
[CHECK][phase1_pair_self_labeling.train.subproblem] episode=19665 subproblem_id=FN_FL block_count=9 best_source=agent_sample_21 loss=0.514874 phase1_score=(0.5, 25.096863489, 0.5)
[CHECK][phase1_pair_self_labeling.train] episode=19665 problem_id=EP19665 block_count=17 best_source=NP_NC:agent_sample_9|FN_FL:agent_sample_21 subproblem_count=2 loss=0.513497 learning_score=(1.0, 53.298836292, 2.0) phase1_score=(1.0, 53.298836292, 2.0)
[CHECK][phase1_pair_self_labeling.train.subproblem] episode=19666 subproblem_id=NP_NC block_count=21 best_source=agent_sample_5 loss=0.726701 phase1_score=(0.5, 12.657077237, 5.666666667)
[CHECK][phase1_pair_self_labeling.train.subproblem] episode=19666 subproblem_id=FN_FL block_count=21 best_source=agent_sample_36 loss=0.466680 phase1_score=(1.0, 25.470566672, 2.0)
[CHECK][phase1_pair_self_labeling.train] episode=19666 problem_id=EP19666 block_count=42 best_source=NP_NC:agent_sample_5|FN_FL:agent_sample_36 subproblem_count=2 loss=0.596690 learning_score=(1.5, 38.12764391, 7.666666667) phase1_score=(1.5, 38.12764391, 7.666666667)
[CHECK][phase1_pair_self_labeling.train.subproblem] episode=19667 subproblem_id=NP_NC block_count=41 best_source=agent_sample_60 loss=0.807816 phase1_score=(0.416666667, 24.701984574, 1.25)
[CHECK][phase1_pair_self_labeling.train.subproblem] episode=19667 subproblem_id=FN_FL block_count=52 best_source=agent_sample_6 loss=1.000254 phase1_score=(0.5, 3.980487599, 1.5)
[CHECK][phase1_pair_self_labeling.train] episode=19667 problem_id=EP19667 block_count=93 best_source=NP_NC:agent_sample_60|FN_FL:agent_sample_6 subproblem_count=2 loss=0.904035 learning_score=(0.916666667, 28.682472173, 2.75) phase1_score=(0.916666667, 28.682472173, 2.75)
[CHECK][phase1_pair_self_labeling.train.subproblem] episode=19668 subproblem_id=NP_NC block_count=33 best_source=agent_sample_62 loss=0.703957 phase1_score=(0.416666667, 10.742677088, 2.5)
[CHECK][phase1_pair_self_labeling.train.subproblem] episode=19668 subproblem_id=FN_FL block_count=48 best_source=agent_sample_10 loss=0.988826 phase1_score=(0.0, 12.110491853, 8.5)
[CHECK][phase1_pair_self_labeling.train] episode=19668 problem_id=EP19668 block_count=81 best_source=NP_NC:agent_sample_62|FN_FL:agent_sample_10 subproblem_count=2 loss=0.846391 learning_score=(0.416666667, 22.853168941, 11.0) phase1_score=(0.416666667, 22.853168941, 11.0)
[CHECK][phase1_pair_self_labeling.train.subproblem] episode=19669 subproblem_id=NP_NC block_count=45 best_source=agent_sample_12 loss=0.670123 phase1_score=(0.416666667, 22.122298567, 4.083333333)
[CHECK][phase1_pair_self_labeling.train.subproblem] episode=19669 subproblem_id=FN_FL block_count=63 best_source=agent_sample_21 loss=1.278863 phase1_score=(0.5, 12.657353904, 1.5)
[CHECK][phase1_pair_self_labeling.train] episode=19669 problem_id=EP19669 block_count=108 best_source=NP_NC:agent_sample_12|FN_FL:agent_sample_21 subproblem_count=2 loss=0.974493 learning_score=(0.916666667, 34.779652471, 5.583333333) phase1_score=(0.916666667, 34.779652471, 5.583333333)
[CHECK][phase1_pair_self_labeling.train.subproblem] episode=19670 subproblem_id=NP_NC block_count=39 best_source=agent_sample_58 loss=0.821603 phase1_score=(0.333333333, 48.971906658, 3.666666667)
[CHECK][phase1_pair_self_labeling.train.subproblem] episode=19670 subproblem_id=FN_FL block_count=40 best_source=agent_sample_12 loss=0.741066 phase1_score=(0.5, 5.269320235, 2.0)
[CHECK][phase1_pair_self_labeling.train] episode=19670 problem_id=EP19670 block_count=79 best_source=NP_NC:agent_sample_58|FN_FL:agent_sample_12 subproblem_count=2 loss=0.781335 learning_score=(0.833333333, 54.241226893, 5.666666667) phase1_score=(0.833333333, 54.241226893, 5.666666667)
[CHECK][phase1_pair_self_labeling.train.subproblem] episode=19671 subproblem_id=NP_NC block_count=41 best_source=agent_sample_14 loss=1.158269 phase1_score=(0.416666667, 26.185604703, 7.833333333)
[CHECK][phase1_pair_self_labeling.train.subproblem] episode=19671 subproblem_id=FN_FL block_count=55 best_source=agent_sample_17 loss=1.024054 phase1_score=(0.0, 14.829545952, 2.0)
[CHECK][phase1_pair_self_labeling.train] episode=19671 problem_id=EP19671 block_count=96 best_source=NP_NC:agent_sample_14|FN_FL:agent_sample_17 subproblem_count=2 loss=1.091162 learning_score=(0.416666667, 41.015150655, 9.833333333) phase1_score=(0.416666667, 41.015150655, 9.833333333)
[CHECK][phase1_pair_self_labeling.train.subproblem] episode=19672 subproblem_id=NP_NC block_count=24 best_source=agent_sample_59 loss=0.763538 phase1_score=(1.0, 54.090159734, 4.666666667)
[CHECK][phase1_pair_self_labeling.train.subproblem] episode=19672 subproblem_id=FN_FL block_count=41 best_source=agent_sample_34 loss=0.901059 phase1_score=(0.0, 12.931798625, 2.0)
[CHECK][phase1_pair_self_labeling.train] episode=19672 problem_id=EP19672 block_count=65 best_source=NP_NC:agent_sample_59|FN_FL:agent_sample_34 subproblem_count=2 loss=0.832299 learning_score=(1.0, 67.021958359, 6.666666667) phase1_score=(1.0, 67.021958359, 6.666666667)
[CHECK][phase1_pair_self_labeling.train.subproblem] episode=19673 subproblem_id=NP_NC block_count=6 best_source=agent_sample_28 loss=0.724209 phase1_score=(2.166666667, 112.43096923, 5.5)
[CHECK][phase1_pair_self_labeling.train.subproblem] episode=19673 subproblem_id=FN_FL block_count=23 best_source=agent_sample_10 loss=0.645834 phase1_score=(1.0, 10.646427796, 0.0)
[CHECK][phase1_pair_self_labeling.train] episode=19673 problem_id=EP19673 block_count=29 best_source=NP_NC:agent_sample_28|FN_FL:agent_sample_10 subproblem_count=2 loss=0.685022 learning_score=(3.166666667, 123.077397026, 5.5) phase1_score=(3.166666667, 123.077397026, 5.5)
[CHECK][phase1_pair_self_labeling.train.subproblem] episode=19674 subproblem_id=NP_NC block_count=8 best_source=agent_sample_22 loss=0.738738 phase1_score=(0.083333333, 7.079696727, 2.5)
[CHECK][phase1_pair_self_labeling.train.subproblem] episode=19674 subproblem_id=FN_FL block_count=12 best_source=agent_sample_59 loss=0.456805 phase1_score=(0.0, 91.87273549, 0.5)
[CHECK][phase1_pair_self_labeling.train] episode=19674 problem_id=EP19674 block_count=20 best_source=NP_NC:agent_sample_22|FN_FL:agent_sample_59 subproblem_count=2 loss=0.597771 learning_score=(0.083333333, 98.952432217, 3.0) phase1_score=(0.083333333, 98.952432217, 3.0)
[CHECK][phase1_pair_self_labeling.train.subproblem] episode=19675 subproblem_id=NP_NC block_count=32 best_source=agent_sample_61 loss=1.009905 phase1_score=(0.5, 40.013328799, 6.5)
[CHECK][phase1_pair_self_labeling.train.subproblem] episode=19675 subproblem_id=FN_FL block_count=31 best_source=agent_sample_2 loss=0.528726 phase1_score=(0.5, 2.686287694, 0.5)
[CHECK][phase1_pair_self_labeling.train] episode=19675 problem_id=EP19675 block_count=63 best_source=NP_NC:agent_sample_61|FN_FL:agent_sample_2 subproblem_count=2 loss=0.769315 learning_score=(1.0, 42.699616493, 7.0) phase1_score=(1.0, 42.699616493, 7.0)
[CHECK][phase1_pair_self_labeling.train.subproblem] episode=19676 subproblem_id=NP_NC block_count=17 best_source=agent_sample_45 loss=0.732653 phase1_score=(1.25, 66.301310616, 0.5)
[CHECK][phase1_pair_self_labeling.train.subproblem] episode=19676 subproblem_id=FN_FL block_count=21 best_source=agent_sample_49 loss=0.517717 phase1_score=(0.5, 6.621909968, 3.0)
[CHECK][phase1_pair_self_labeling.train] episode=19676 problem_id=EP19676 block_count=38 best_source=NP_NC:agent_sample_45|FN_FL:agent_sample_49 subproblem_count=2 loss=0.625185 learning_score=(1.75, 72.923220584, 3.5) phase1_score=(1.75, 72.923220584, 3.5)
[CHECK][phase1_pair_self_labeling.train.subproblem] episode=19677 subproblem_id=NP_NC block_count=51 best_source=agent_sample_46 loss=0.978197 phase1_score=(0.333333333, 7.953613789, 2.0)
[CHECK][phase1_pair_self_labeling.train.subproblem] episode=19677 subproblem_id=FN_FL block_count=32 best_source=agent_sample_15 loss=0.582813 phase1_score=(0.5, 34.675903518, 3.5)
[CHECK][phase1_pair_self_labeling.train] episode=19677 problem_id=EP19677 block_count=83 best_source=NP_NC:agent_sample_46|FN_FL:agent_sample_15 subproblem_count=2 loss=0.780505 learning_score=(0.833333333, 42.629517307, 5.5) phase1_score=(0.833333333, 42.629517307, 5.5)
[CHECK][phase1_pair_self_labeling.train.subproblem] episode=19678 subproblem_id=NP_NC block_count=9 best_source=agent_sample_3 loss=0.774699 phase1_score=(1.0, 61.162478212, 4.5)
[CHECK][phase1_pair_self_labeling.train.subproblem] episode=19678 subproblem_id=FN_FL block_count=18 best_source=agent_sample_42 loss=0.470092 phase1_score=(0.5, 31.054343473, 2.0)
[CHECK][phase1_pair_self_labeling.train] episode=19678 problem_id=EP19678 block_count=27 best_source=NP_NC:agent_sample_3|FN_FL:agent_sample_42 subproblem_count=2 loss=0.622396 learning_score=(1.5, 92.216821684, 6.5) phase1_score=(1.5, 92.216821684, 6.5)
[CHECK][phase1_pair_self_labeling.train.subproblem] episode=19679 subproblem_id=NP_NC block_count=40 best_source=agent_sample_61 loss=0.712430 phase1_score=(0.5, 18.358506055, 2.416666667)
[CHECK][phase1_pair_self_labeling.train.subproblem] episode=19679 subproblem_id=FN_FL block_count=62 best_source=agent_sample_26 loss=1.185247 phase1_score=(1.0, 2.981279372, 3.5)
[CHECK][phase1_pair_self_labeling.train] episode=19679 problem_id=EP19679 block_count=102 best_source=NP_NC:agent_sample_61|FN_FL:agent_sample_26 subproblem_count=2 loss=0.948839 learning_score=(1.5, 21.339785427, 5.916666667) phase1_score=(1.5, 21.339785427, 5.916666667)
[CHECK][phase1_pair_self_labeling.train.subproblem] episode=19680 subproblem_id=NP_NC block_count=43 best_source=agent_sample_5 loss=0.805139 phase1_score=(0.333333333, 7.311701462, 5.0)
[CHECK][phase1_pair_self_labeling.train.subproblem] episode=19680 subproblem_id=FN_FL block_count=55 best_source=agent_sample_46 loss=1.247013 phase1_score=(0.0, 11.415806406, 1.5)
[CHECK][phase1_pair_self_labeling.train] episode=19680 problem_id=EP19680 block_count=98 best_source=NP_NC:agent_sample_5|FN_FL:agent_sample_46 subproblem_count=2 loss=1.026076 learning_score=(0.333333333, 18.727507869, 6.5) phase1_score=(0.333333333, 18.727507869, 6.5)
[CHECK][phase1_pair_self_labeling.train.subproblem] episode=19681 subproblem_id=NP_NC block_count=37 best_source=agent_sample_24 loss=0.640368 phase1_score=(0.416666667, 7.973559681, 3.583333333)
[CHECK][phase1_pair_self_labeling.train.subproblem] episode=19681 subproblem_id=FN_FL block_count=50 best_source=agent_sample_58 loss=1.179542 phase1_score=(0.0, 11.148964452, 3.0)
[CHECK][phase1_pair_self_labeling.train] episode=19681 problem_id=EP19681 block_count=87 best_source=NP_NC:agent_sample_24|FN_FL:agent_sample_58 subproblem_count=2 loss=0.909955 learning_score=(0.416666667, 19.122524133, 6.583333333) phase1_score=(0.416666667, 19.122524133, 6.583333333)
[CHECK][phase1_pair_self_labeling.train.subproblem] episode=19682 subproblem_id=NP_NC block_count=21 best_source=agent_sample_48 loss=0.616520 phase1_score=(0.166666667, 17.959975818, 8.75)
[CHECK][phase1_pair_self_labeling.train.subproblem] episode=19682 subproblem_id=FN_FL block_count=25 best_source=agent_sample_3 loss=0.718878 phase1_score=(0.5, 8.047110714, 1.0)
[CHECK][phase1_pair_self_labeling.train] episode=19682 problem_id=EP19682 block_count=46 best_source=NP_NC:agent_sample_48|FN_FL:agent_sample_3 subproblem_count=2 loss=0.667699 learning_score=(0.666666667, 26.007086532, 9.75) phase1_score=(0.666666667, 26.007086532, 9.75)
[CHECK][phase1_pair_self_labeling.train.subproblem] episode=19683 subproblem_id=NP_NC block_count=20 best_source=agent_sample_51 loss=0.956101 phase1_score=(0.75, 50.204935579, 5.416666667)
[CHECK][phase1_pair_self_labeling.train.subproblem] episode=19683 subproblem_id=FN_FL block_count=22 best_source=agent_sample_33 loss=0.547234 phase1_score=(0.0, 19.546439876, 2.0)
[CHECK][phase1_pair_self_labeling.train] episode=19683 problem_id=EP19683 block_count=42 best_source=NP_NC:agent_sample_51|FN_FL:agent_sample_33 subproblem_count=2 loss=0.751667 learning_score=(0.75, 69.751375455, 7.416666667) phase1_score=(0.75, 69.751375455, 7.416666667)
[CHECK][phase1_pair_self_labeling.train.subproblem] episode=19684 subproblem_id=NP_NC block_count=24 best_source=agent_sample_18 loss=0.847264 phase1_score=(0.166666667, 33.204945878, 5.916666667)
[CHECK][phase1_pair_self_labeling.train.subproblem] episode=19684 subproblem_id=FN_FL block_count=28 best_source=agent_sample_29 loss=0.547430 phase1_score=(0.5, 24.907955063, 2.5)
[CHECK][phase1_pair_self_labeling.train] episode=19684 problem_id=EP19684 block_count=52 best_source=NP_NC:agent_sample_18|FN_FL:agent_sample_29 subproblem_count=2 loss=0.697347 learning_score=(0.666666667, 58.112900941, 8.416666667) phase1_score=(0.666666667, 58.112900941, 8.416666667)
[CHECK][phase1_pair_self_labeling.train.subproblem] episode=19685 subproblem_id=NP_NC block_count=30 best_source=agent_sample_46 loss=0.864305 phase1_score=(0.75, 18.840747554, 5.916666667)
[CHECK][phase1_pair_self_labeling.train.subproblem] episode=19685 subproblem_id=FN_FL block_count=46 best_source=agent_sample_26 loss=0.800473 phase1_score=(1.0, 3.466521314, 1.0)
[CHECK][phase1_pair_self_labeling.train] episode=19685 problem_id=EP19685 block_count=76 best_source=NP_NC:agent_sample_46|FN_FL:agent_sample_26 subproblem_count=2 loss=0.832389 learning_score=(1.75, 22.307268868, 6.916666667) phase1_score=(1.75, 22.307268868, 6.916666667)
[CHECK][phase1_pair_self_labeling.train.subproblem] episode=19686 subproblem_id=NP_NC block_count=24 best_source=agent_sample_64 loss=0.905482 phase1_score=(1.5, 62.739478065, 12.75)
[CHECK][phase1_pair_self_labeling.train.subproblem] episode=19686 subproblem_id=FN_FL block_count=32 best_source=agent_sample_25 loss=0.671361 phase1_score=(0.0, 29.428508588, 3.5)
[CHECK][phase1_pair_self_labeling.train] episode=19686 problem_id=EP19686 block_count=56 best_source=NP_NC:agent_sample_64|FN_FL:agent_sample_25 subproblem_count=2 loss=0.788421 learning_score=(1.5, 92.167986653, 16.25) phase1_score=(1.5, 92.167986653, 16.25)
[CHECK][phase1_pair_self_labeling.train.subproblem] episode=19687 subproblem_id=NP_NC block_count=33 best_source=agent_sample_6 loss=0.574545 phase1_score=(0.416666667, 32.030722568, 4.25)
[CHECK][phase1_pair_self_labeling.train.subproblem] episode=19687 subproblem_id=FN_FL block_count=45 best_source=agent_sample_45 loss=0.839540 phase1_score=(0.5, 7.768140158, 0.5)
[CHECK][phase1_pair_self_labeling.train] episode=19687 problem_id=EP19687 block_count=78 best_source=NP_NC:agent_sample_6|FN_FL:agent_sample_45 subproblem_count=2 loss=0.707042 learning_score=(0.916666667, 39.798862726, 4.75) phase1_score=(0.916666667, 39.798862726, 4.75)
[CHECK][phase1_pair_self_labeling.train.subproblem] episode=19688 subproblem_id=NP_NC block_count=39 best_source=agent_sample_6 loss=1.448596 phase1_score=(0.416666667, 247.188946533, 6.25)
[CHECK][phase1_pair_self_labeling.train.subproblem] episode=19688 subproblem_id=FN_FL block_count=46 best_source=agent_sample_12 loss=0.954850 phase1_score=(0.5, 3.913769585, 2.5)
[CHECK][phase1_pair_self_labeling.train] episode=19688 problem_id=EP19688 block_count=85 best_source=NP_NC:agent_sample_6|FN_FL:agent_sample_12 subproblem_count=2 loss=1.201723 learning_score=(0.916666667, 251.102716118, 8.75) phase1_score=(0.916666667, 251.102716118, 8.75)
[CHECK][phase1_pair_self_labeling.train.subproblem] episode=19689 subproblem_id=NP_NC block_count=48 best_source=agent_sample_22 loss=2.011075 phase1_score=(0.5, 204.886027374, 14.333333333)
[CHECK][phase1_pair_self_labeling.train.subproblem] episode=19689 subproblem_id=FN_FL block_count=56 best_source=agent_sample_52 loss=1.146343 phase1_score=(0.5, 16.315222242, 2.0)
[CHECK][phase1_pair_self_labeling.train] episode=19689 problem_id=EP19689 block_count=104 best_source=NP_NC:agent_sample_22|FN_FL:agent_sample_52 subproblem_count=2 loss=1.578709 learning_score=(1.0, 221.201249616, 16.333333333) phase1_score=(1.0, 221.201249616, 16.333333333)
[CHECK][phase1_pair_self_labeling.train.subproblem] episode=19690 subproblem_id=NP_NC block_count=24 best_source=agent_sample_46 loss=0.399538 phase1_score=(0.333333333, 17.125735272, 2.833333333)
[CHECK][phase1_pair_self_labeling.train.subproblem] episode=19690 subproblem_id=FN_FL block_count=27 best_source=agent_sample_5 loss=0.422565 phase1_score=(0.5, 38.103146106, 5.5)
[CHECK][phase1_pair_self_labeling.train] episode=19690 problem_id=EP19690 block_count=51 best_source=NP_NC:agent_sample_46|FN_FL:agent_sample_5 subproblem_count=2 loss=0.411052 learning_score=(0.833333333, 55.228881378, 8.333333333) phase1_score=(0.833333333, 55.228881378, 8.333333333)
[CHECK][phase1_pair_self_labeling.train.subproblem] episode=19691 subproblem_id=NP_NC block_count=17 best_source=agent_sample_15 loss=0.867778 phase1_score=(0.75, 42.950511592, 5.333333333)
[CHECK][phase1_pair_self_labeling.train.subproblem] episode=19691 subproblem_id=FN_FL block_count=19 best_source=agent_sample_14 loss=0.538379 phase1_score=(0.5, 10.89296032, 2.5)
[CHECK][phase1_pair_self_labeling.train] episode=19691 problem_id=EP19691 block_count=36 best_source=NP_NC:agent_sample_15|FN_FL:agent_sample_14 subproblem_count=2 loss=0.703078 learning_score=(1.25, 53.843471912, 7.833333333) phase1_score=(1.25, 53.843471912, 7.833333333)
[CHECK][phase1_pair_self_labeling.train.subproblem] episode=19692 subproblem_id=NP_NC block_count=19 best_source=agent_sample_21 loss=0.420362 phase1_score=(1.833333333, 216.117213686, 3.0)
[CHECK][phase1_pair_self_labeling.train.subproblem] episode=19692 subproblem_id=FN_FL block_count=24 best_source=agent_sample_46 loss=0.608833 phase1_score=(0.5, 12.327259888, 2.5)
[CHECK][phase1_pair_self_labeling.train] episode=19692 problem_id=EP19692 block_count=43 best_source=NP_NC:agent_sample_21|FN_FL:agent_sample_46 subproblem_count=2 loss=0.514598 learning_score=(2.333333333, 228.444473574, 5.5) phase1_score=(2.333333333, 228.444473574, 5.5)
[CHECK][phase1_pair_self_labeling.train.subproblem] episode=19693 subproblem_id=NP_NC block_count=45 best_source=agent_sample_2 loss=0.714233 phase1_score=(0.5, 34.973721388, 3.916666667)
[CHECK][phase1_pair_self_labeling.train.subproblem] episode=19693 subproblem_id=FN_FL block_count=58 best_source=agent_sample_48 loss=1.130442 phase1_score=(1.0, 3.084182358, 4.5)
[CHECK][phase1_pair_self_labeling.train] episode=19693 problem_id=EP19693 block_count=103 best_source=NP_NC:agent_sample_2|FN_FL:agent_sample_48 subproblem_count=2 loss=0.922338 learning_score=(1.5, 38.057903746, 8.416666667) phase1_score=(1.5, 38.057903746, 8.416666667)
[CHECK][phase1_pair_self_labeling.train.subproblem] episode=19694 subproblem_id=NP_NC block_count=28 best_source=agent_sample_15 loss=0.565993 phase1_score=(0.25, 19.272564442, 5.666666667)
[CHECK][phase1_pair_self_labeling.train.subproblem] episode=19694 subproblem_id=FN_FL block_count=43 best_source=agent_sample_62 loss=0.967250 phase1_score=(0.5, 12.044113789, 1.5)
[CHECK][phase1_pair_self_labeling.train] episode=19694 problem_id=EP19694 block_count=71 best_source=NP_NC:agent_sample_15|FN_FL:agent_sample_62 subproblem_count=2 loss=0.766621 learning_score=(0.75, 31.316678231, 7.166666667) phase1_score=(0.75, 31.316678231, 7.166666667)
[CHECK][phase1_pair_self_labeling.train.subproblem] episode=19695 subproblem_id=NP_NC block_count=16 best_source=agent_sample_25 loss=0.435682 phase1_score=(0.5, 40.068051563, 5.5)
[CHECK][phase1_pair_self_labeling.train.subproblem] episode=19695 subproblem_id=FN_FL block_count=27 best_source=agent_sample_25 loss=0.847647 phase1_score=(0.5, 7.925040872, 4.5)
[CHECK][phase1_pair_self_labeling.train] episode=19695 problem_id=EP19695 block_count=43 best_source=NP_NC:agent_sample_25|FN_FL:agent_sample_25 subproblem_count=2 loss=0.641664 learning_score=(1.0, 47.993092435, 10.0) phase1_score=(1.0, 47.993092435, 10.0)
[CHECK][phase1_pair_self_labeling.train.subproblem] episode=19696 subproblem_id=NP_NC block_count=43 best_source=agent_sample_7 loss=0.731777 phase1_score=(0.416666667, 17.369602061, 0.916666667)
[CHECK][phase1_pair_self_labeling.train.subproblem] episode=19696 subproblem_id=FN_FL block_count=46 best_source=agent_sample_41 loss=1.012464 phase1_score=(0.0, 41.978542353, 5.0)
[CHECK][phase1_pair_self_labeling.train] episode=19696 problem_id=EP19696 block_count=89 best_source=NP_NC:agent_sample_7|FN_FL:agent_sample_41 subproblem_count=2 loss=0.872121 learning_score=(0.416666667, 59.348144414, 5.916666667) phase1_score=(0.416666667, 59.348144414, 5.916666667)
[CHECK][phase1_pair_self_labeling.train.subproblem] episode=19697 subproblem_id=NP_NC block_count=41 best_source=agent_sample_21 loss=1.264272 phase1_score=(0.416666667, 60.943805918, 6.75)
[CHECK][phase1_pair_self_labeling.train.subproblem] episode=19697 subproblem_id=FN_FL block_count=52 best_source=agent_sample_19 loss=0.781126 phase1_score=(1.0, 7.814999894, 3.5)
[CHECK][phase1_pair_self_labeling.train] episode=19697 problem_id=EP19697 block_count=93 best_source=NP_NC:agent_sample_21|FN_FL:agent_sample_19 subproblem_count=2 loss=1.022699 learning_score=(1.416666667, 68.758805813, 10.25) phase1_score=(1.416666667, 68.758805813, 10.25)
[CHECK][phase1_pair_self_labeling.train.subproblem] episode=19698 subproblem_id=NP_NC block_count=14 best_source=cut_first_balanced loss=13.370869 phase1_score=(0.416666667, 29.302820666, 4.25)
[CHECK][phase1_pair_self_labeling.train.subproblem] episode=19698 subproblem_id=FN_FL block_count=13 best_source=agent_sample_5 loss=0.712723 phase1_score=(0.5, 38.066987843, 1.0)
[CHECK][phase1_pair_self_labeling.train] episode=19698 problem_id=EP19698 block_count=27 best_source=NP_NC:cut_first_balanced|FN_FL:agent_sample_5 subproblem_count=2 loss=7.041796 learning_score=(0.916666667, 67.369808509, 5.25) phase1_score=(0.916666667, 67.369808509, 5.25)
[CHECK][phase1_pair_self_labeling.train.subproblem] episode=19699 subproblem_id=NP_NC block_count=25 best_source=agent_sample_54 loss=0.548291 phase1_score=(0.583333333, 39.829547846, 7.75)
[CHECK][phase1_pair_self_labeling.train.subproblem] episode=19699 subproblem_id=FN_FL block_count=27 best_source=agent_sample_13 loss=0.749875 phase1_score=(1.0, 10.420561599, 2.5)
[CHECK][phase1_pair_self_labeling.train] episode=19699 problem_id=EP19699 block_count=52 best_source=NP_NC:agent_sample_54|FN_FL:agent_sample_13 subproblem_count=2 loss=0.649083 learning_score=(1.583333333, 50.250109444, 10.25) phase1_score=(1.583333333, 50.250109444, 10.25)
[CHECK][phase1_pair_self_labeling.train.subproblem] episode=19700 subproblem_id=NP_NC block_count=37 best_source=agent_sample_26 loss=0.967572 phase1_score=(0.25, 15.000833254, 3.75)
[CHECK][phase1_pair_self_labeling.train.subproblem] episode=19700 subproblem_id=FN_FL block_count=26 best_source=agent_sample_21 loss=0.563934 phase1_score=(0.5, 12.915746855, 1.5)
[CHECK][phase1_pair_self_labeling.train] episode=19700 problem_id=EP19700 block_count=63 best_source=NP_NC:agent_sample_26|FN_FL:agent_sample_21 subproblem_count=2 loss=0.765753 learning_score=(0.75, 27.91658011, 5.25) phase1_score=(0.75, 27.91658011, 5.25)
[VALIDATION][phase1_pair_self_labeling.validate] episode=19700 validation_episodes=20 agent_best_rate=0.905983 checkpoint_score=(0.480056980043, 33.43810826194, 2.679487179487) best_checkpoint_saved=False
[CHECK][phase1_pair_self_labeling.train.subproblem] episode=19701 subproblem_id=NP_NC block_count=18 best_source=agent_sample_28 loss=0.636653 phase1_score=(0.5, 39.018271459, 5.333333333)
[CHECK][phase1_pair_self_labeling.train.subproblem] episode=19701 subproblem_id=FN_FL block_count=23 best_source=agent_sample_43 loss=0.603110 phase1_score=(1.0, 22.957873156, 2.0)
[CHECK][phase1_pair_self_labeling.train] episode=19701 problem_id=EP19701 block_count=41 best_source=NP_NC:agent_sample_28|FN_FL:agent_sample_43 subproblem_count=2 loss=0.619881 learning_score=(1.5, 61.976144616, 7.333333333) phase1_score=(1.5, 61.976144616, 7.333333333)
[CHECK][phase1_pair_self_labeling.train.subproblem] episode=19702 subproblem_id=NP_NC block_count=10 best_source=agent_sample_7 loss=0.227390 phase1_score=(0.75, 58.988127039, 5.166666667)
[CHECK][phase1_pair_self_labeling.train.subproblem] episode=19702 subproblem_id=FN_FL block_count=8 best_source=agent_greedy loss=0.200375 phase1_score=(0.5, 69.57872786, 1.0)
[CHECK][phase1_pair_self_labeling.train] episode=19702 problem_id=EP19702 block_count=18 best_source=NP_NC:agent_sample_7|FN_FL:agent_greedy subproblem_count=2 loss=0.213882 learning_score=(1.25, 128.566854898, 6.166666667) phase1_score=(1.25, 128.566854898, 6.166666667)
[CHECK][phase1_pair_self_labeling.train.subproblem] episode=19703 subproblem_id=NP_NC block_count=27 best_source=agent_sample_7 loss=0.948545 phase1_score=(0.5, 26.337467708, 3.333333333)
[CHECK][phase1_pair_self_labeling.train.subproblem] episode=19703 subproblem_id=FN_FL block_count=23 best_source=agent_sample_24 loss=0.648064 phase1_score=(0.5, 3.521341857, 4.5)
[CHECK][phase1_pair_self_labeling.train] episode=19703 problem_id=EP19703 block_count=50 best_source=NP_NC:agent_sample_7|FN_FL:agent_sample_24 subproblem_count=2 loss=0.798305 learning_score=(1.0, 29.858809565, 7.833333333) phase1_score=(1.0, 29.858809565, 7.833333333)
[CHECK][phase1_pair_self_labeling.train.subproblem] episode=19704 subproblem_id=NP_NC block_count=21 best_source=agent_sample_53 loss=0.899573 phase1_score=(0.5, 72.793486572, 9.0)
[CHECK][phase1_pair_self_labeling.train.subproblem] episode=19704 subproblem_id=FN_FL block_count=17 best_source=agent_sample_11 loss=0.334536 phase1_score=(0.5, 47.776507076, 2.5)
[CHECK][phase1_pair_self_labeling.train] episode=19704 problem_id=EP19704 block_count=38 best_source=NP_NC:agent_sample_53|FN_FL:agent_sample_11 subproblem_count=2 loss=0.617054 learning_score=(1.0, 120.569993648, 11.5) phase1_score=(1.0, 120.569993648, 11.5)
[CHECK][phase1_pair_self_labeling.train.subproblem] episode=19705 subproblem_id=NP_NC block_count=8 best_source=agent_sample_12 loss=0.613366 phase1_score=(0.5, 130.708878284, 4.916666667)
[CHECK][phase1_pair_self_labeling.train.subproblem] episode=19705 subproblem_id=FN_FL block_count=11 best_source=agent_sample_14 loss=0.718872 phase1_score=(1.0, 32.954688922, 5.5)
[CHECK][phase1_pair_self_labeling.train] episode=19705 problem_id=EP19705 block_count=19 best_source=NP_NC:agent_sample_12|FN_FL:agent_sample_14 subproblem_count=2 loss=0.666119 learning_score=(1.5, 163.663567206, 10.416666667) phase1_score=(1.5, 163.663567206, 10.416666667)
[CHECK][phase1_pair_self_labeling.train.subproblem] episode=19706 subproblem_id=NP_NC block_count=34 best_source=agent_sample_54 loss=0.738287 phase1_score=(0.166666667, 13.170107841, 5.583333333)
[CHECK][phase1_pair_self_labeling.train.subproblem] episode=19706 subproblem_id=FN_FL block_count=40 best_source=agent_sample_63 loss=0.976456 phase1_score=(0.5, 31.349383644, 3.5)
[CHECK][phase1_pair_self_labeling.train] episode=19706 problem_id=EP19706 block_count=74 best_source=NP_NC:agent_sample_54|FN_FL:agent_sample_63 subproblem_count=2 loss=0.857371 learning_score=(0.666666667, 44.519491485, 9.083333333) phase1_score=(0.666666667, 44.519491485, 9.083333333)
[CHECK][phase1_pair_self_labeling.train.subproblem] episode=19707 subproblem_id=NP_NC block_count=23 best_source=agent_sample_31 loss=0.914406 phase1_score=(1.0, 36.219276231, 4.166666667)
[CHECK][phase1_pair_self_labeling.train.subproblem] episode=19707 subproblem_id=FN_FL block_count=33 best_source=agent_sample_26 loss=0.693327 phase1_score=(1.0, 10.165260224, 4.0)
[CHECK][phase1_pair_self_labeling.train] episode=19707 problem_id=EP19707 block_count=56 best_source=NP_NC:agent_sample_31|FN_FL:agent_sample_26 subproblem_count=2 loss=0.803866 learning_score=(2.0, 46.384536455, 8.166666667) phase1_score=(2.0, 46.384536455, 8.166666667)
[CHECK][phase1_pair_self_labeling.train.subproblem] episode=19708 subproblem_id=NP_NC block_count=4 best_source=agent_sample_3 loss=0.823707 phase1_score=(0.416666667, 35.054743696, 1.083333333)
[CHECK][phase1_pair_self_labeling.train.subproblem] episode=19708 subproblem_id=FN_FL block_count=15 best_source=agent_sample_2 loss=0.323916 phase1_score=(1.0, 36.782943191, 3.0)
[CHECK][phase1_pair_self_labeling.train] episode=19708 problem_id=EP19708 block_count=19 best_source=NP_NC:agent_sample_3|FN_FL:agent_sample_2 subproblem_count=2 loss=0.573812 learning_score=(1.416666667, 71.837686886, 4.083333333) phase1_score=(1.416666667, 71.837686886, 4.083333333)
[CHECK][phase1_pair_self_labeling.train.subproblem] episode=19709 subproblem_id=NP_NC block_count=31 best_source=agent_sample_2 loss=1.476033 phase1_score=(1.0, 293.870863853, 5.583333333)
[CHECK][phase1_pair_self_labeling.train.subproblem] episode=19709 subproblem_id=FN_FL block_count=47 best_source=agent_sample_5 loss=1.042755 phase1_score=(0.5, 7.569191436, 2.5)
[CHECK][phase1_pair_self_labeling.train] episode=19709 problem_id=EP19709 block_count=78 best_source=NP_NC:agent_sample_2|FN_FL:agent_sample_5 subproblem_count=2 loss=1.259394 learning_score=(1.5, 301.440055289, 8.083333333) phase1_score=(1.5, 301.440055289, 8.083333333)
[CHECK][phase1_pair_self_labeling.train.subproblem] episode=19710 subproblem_id=NP_NC block_count=17 best_source=agent_sample_11 loss=0.415694 phase1_score=(0.5, 17.796762835, 2.333333333)
[CHECK][phase1_pair_self_labeling.train.subproblem] episode=19710 subproblem_id=FN_FL block_count=26 best_source=agent_sample_22 loss=0.864544 phase1_score=(0.5, 5.879395031, 1.5)
[CHECK][phase1_pair_self_labeling.train] episode=19710 problem_id=EP19710 block_count=43 best_source=NP_NC:agent_sample_11|FN_FL:agent_sample_22 subproblem_count=2 loss=0.640119 learning_score=(1.0, 23.676157866, 3.833333333) phase1_score=(1.0, 23.676157866, 3.833333333)
[CHECK][phase1_pair_self_labeling.train.subproblem] episode=19711 subproblem_id=NP_NC block_count=13 best_source=agent_sample_4 loss=0.539942 phase1_score=(0.5, 17.73046364, 3.25)
[CHECK][phase1_pair_self_labeling.train.subproblem] episode=19711 subproblem_id=FN_FL block_count=19 best_source=agent_sample_38 loss=0.644071 phase1_score=(0.5, 21.709125194, 4.5)
[CHECK][phase1_pair_self_labeling.train] episode=19711 problem_id=EP19711 block_count=32 best_source=NP_NC:agent_sample_4|FN_FL:agent_sample_38 subproblem_count=2 loss=0.592006 learning_score=(1.0, 39.439588834, 7.75) phase1_score=(1.0, 39.439588834, 7.75)
[CHECK][phase1_pair_self_labeling.train.subproblem] episode=19712 subproblem_id=NP_NC block_count=43 best_source=agent_sample_30 loss=1.295846 phase1_score=(0.5, 15.656922627, 2.666666667)
[CHECK][phase1_pair_self_labeling.train.subproblem] episode=19712 subproblem_id=FN_FL block_count=50 best_source=agent_sample_5 loss=1.136544 phase1_score=(0.5, 9.139823974, 1.0)
[CHECK][phase1_pair_self_labeling.train] episode=19712 problem_id=EP19712 block_count=93 best_source=NP_NC:agent_sample_30|FN_FL:agent_sample_5 subproblem_count=2 loss=1.216195 learning_score=(1.0, 24.796746601, 3.666666667) phase1_score=(1.0, 24.796746601, 3.666666667)
[CHECK][phase1_pair_self_labeling.train.subproblem] episode=19713 subproblem_id=NP_NC block_count=50 best_source=agent_sample_26 loss=1.218387 phase1_score=(0.75, 35.994553316, 0.666666667)
[CHECK][phase1_pair_self_labeling.train.subproblem] episode=19713 subproblem_id=FN_FL block_count=55 best_source=agent_sample_64 loss=1.371769 phase1_score=(0.5, 6.666496329, 3.0)
[CHECK][phase1_pair_self_labeling.train] episode=19713 problem_id=EP19713 block_count=105 best_source=NP_NC:agent_sample_26|FN_FL:agent_sample_64 subproblem_count=2 loss=1.295078 learning_score=(1.25, 42.661049644, 3.666666667) phase1_score=(1.25, 42.661049644, 3.666666667)
[CHECK][phase1_pair_self_labeling.train.subproblem] episode=19714 subproblem_id=NP_NC block_count=17 best_source=agent_sample_21 loss=0.579671 phase1_score=(0.25, 28.490995042, 3.833333333)
[CHECK][phase1_pair_self_labeling.train.subproblem] episode=19714 subproblem_id=FN_FL block_count=17 best_source=agent_sample_21 loss=0.460330 phase1_score=(1.0, 50.595556889, 2.5)
[CHECK][phase1_pair_self_labeling.train] episode=19714 problem_id=EP19714 block_count=34 best_source=NP_NC:agent_sample_21|FN_FL:agent_sample_21 subproblem_count=2 loss=0.520001 learning_score=(1.25, 79.086551931, 6.333333333) phase1_score=(1.25, 79.086551931, 6.333333333)
[CHECK][phase1_pair_self_labeling.train.subproblem] episode=19715 subproblem_id=NP_NC block_count=6 best_source=agent_sample_7 loss=1.205896 phase1_score=(2.0, 66.202844804, 3.416666667)
[CHECK][phase1_pair_self_labeling.train.subproblem] episode=19715 subproblem_id=FN_FL block_count=11 best_source=agent_sample_34 loss=0.457650 phase1_score=(0.0, 21.656709184, 5.0)
[CHECK][phase1_pair_self_labeling.train] episode=19715 problem_id=EP19715 block_count=17 best_source=NP_NC:agent_sample_7|FN_FL:agent_sample_34 subproblem_count=2 loss=0.831773 learning_score=(2.0, 87.859553987, 8.416666667) phase1_score=(2.0, 87.859553987, 8.416666667)
[CHECK][phase1_pair_self_labeling.train.subproblem] episode=19716 subproblem_id=NP_NC block_count=22 best_source=agent_sample_32 loss=0.921186 phase1_score=(0.416666667, 50.902764414, 3.0)
[CHECK][phase1_pair_self_labeling.train.subproblem] episode=19716 subproblem_id=FN_FL block_count=36 best_source=agent_sample_49 loss=0.817563 phase1_score=(1.0, 65.027567975, 2.5)
[CHECK][phase1_pair_self_labeling.train] episode=19716 problem_id=EP19716 block_count=58 best_source=NP_NC:agent_sample_32|FN_FL:agent_sample_49 subproblem_count=2 loss=0.869374 learning_score=(1.416666667, 115.930332389, 5.5) phase1_score=(1.416666667, 115.930332389, 5.5)
[CHECK][phase1_pair_self_labeling.train.subproblem] episode=19717 subproblem_id=NP_NC block_count=22 best_source=agent_sample_49 loss=0.774112 phase1_score=(0.5, 22.79773996, 2.0)
[CHECK][phase1_pair_self_labeling.train.subproblem] episode=19717 subproblem_id=FN_FL block_count=41 best_source=agent_sample_38 loss=1.194485 phase1_score=(1.0, 10.796593689, 2.5)
[CHECK][phase1_pair_self_labeling.train] episode=19717 problem_id=EP19717 block_count=63 best_source=NP_NC:agent_sample_49|FN_FL:agent_sample_38 subproblem_count=2 loss=0.984298 learning_score=(1.5, 33.594333649, 4.5) phase1_score=(1.5, 33.594333649, 4.5)
[CHECK][phase1_pair_self_labeling.train.subproblem] episode=19718 subproblem_id=NP_NC block_count=10 best_source=agent_sample_34 loss=0.949905 phase1_score=(0.25, 23.698986442, 2.0)
[CHECK][phase1_pair_self_labeling.train.subproblem] episode=19718 subproblem_id=FN_FL block_count=14 best_source=agent_sample_9 loss=0.633951 phase1_score=(1.5, 58.610197502, 4.5)
[CHECK][phase1_pair_self_labeling.train] episode=19718 problem_id=EP19718 block_count=24 best_source=NP_NC:agent_sample_34|FN_FL:agent_sample_9 subproblem_count=2 loss=0.791928 learning_score=(1.75, 82.309183945, 6.5) phase1_score=(1.75, 82.309183945, 6.5)
[CHECK][phase1_pair_self_labeling.train.subproblem] episode=19719 subproblem_id=NP_NC block_count=12 best_source=agent_sample_11 loss=0.740679 phase1_score=(0.75, 25.047835279, 2.75)
[CHECK][phase1_pair_self_labeling.train.subproblem] episode=19719 subproblem_id=FN_FL block_count=13 best_source=agent_sample_8 loss=0.731684 phase1_score=(1.5, 50.068812677, 3.0)
[CHECK][phase1_pair_self_labeling.train] episode=19719 problem_id=EP19719 block_count=25 best_source=NP_NC:agent_sample_11|FN_FL:agent_sample_8 subproblem_count=2 loss=0.736181 learning_score=(2.25, 75.116647956, 5.75) phase1_score=(2.25, 75.116647956, 5.75)
[CHECK][phase1_pair_self_labeling.train.subproblem] episode=19720 subproblem_id=NP_NC block_count=34 best_source=agent_sample_11 loss=1.069233 phase1_score=(0.5, 41.15497184, 10.833333333)
[CHECK][phase1_pair_self_labeling.train.subproblem] episode=19720 subproblem_id=FN_FL block_count=37 best_source=agent_sample_21 loss=1.064452 phase1_score=(1.0, 8.284220923, 3.0)
[CHECK][phase1_pair_self_labeling.train] episode=19720 problem_id=EP19720 block_count=71 best_source=NP_NC:agent_sample_11|FN_FL:agent_sample_21 subproblem_count=2 loss=1.066843 learning_score=(1.5, 49.439192763, 13.833333333) phase1_score=(1.5, 49.439192763, 13.833333333)
[CHECK][phase1_pair_self_labeling.train.subproblem] episode=19721 subproblem_id=NP_NC block_count=16 best_source=agent_sample_11 loss=0.676231 phase1_score=(2.833333333, 211.69435837, 10.25)
[CHECK][phase1_pair_self_labeling.train.subproblem] episode=19721 subproblem_id=FN_FL block_count=16 best_source=agent_sample_3 loss=0.701402 phase1_score=(0.5, 96.264706078, 1.5)
[CHECK][phase1_pair_self_labeling.train] episode=19721 problem_id=EP19721 block_count=32 best_source=NP_NC:agent_sample_11|FN_FL:agent_sample_3 subproblem_count=2 loss=0.688817 learning_score=(3.333333333, 307.959064448, 11.75) phase1_score=(3.333333333, 307.959064448, 11.75)
[CHECK][phase1_pair_self_labeling.train.subproblem] episode=19722 subproblem_id=NP_NC block_count=12 best_source=agent_sample_2 loss=0.592529 phase1_score=(0.75, 99.291160506, 2.416666667)
[CHECK][phase1_pair_self_labeling.train.subproblem] episode=19722 subproblem_id=FN_FL block_count=13 best_source=agent_sample_19 loss=0.741566 phase1_score=(0.0, 36.66089439, 7.5)
[CHECK][phase1_pair_self_labeling.train] episode=19722 problem_id=EP19722 block_count=25 best_source=NP_NC:agent_sample_2|FN_FL:agent_sample_19 subproblem_count=2 loss=0.667048 learning_score=(0.75, 135.952054895, 9.916666667) phase1_score=(0.75, 135.952054895, 9.916666667)
[CHECK][phase1_pair_self_labeling.train.subproblem] episode=19723 subproblem_id=NP_NC block_count=25 best_source=agent_sample_48 loss=0.756133 phase1_score=(0.416666667, 78.948720355, 3.666666667)
[CHECK][phase1_pair_self_labeling.train.subproblem] episode=19723 subproblem_id=FN_FL block_count=39 best_source=agent_sample_24 loss=1.164468 phase1_score=(0.5, 19.735777929, 3.5)
[CHECK][phase1_pair_self_labeling.train] episode=19723 problem_id=EP19723 block_count=64 best_source=NP_NC:agent_sample_48|FN_FL:agent_sample_24 subproblem_count=2 loss=0.960301 learning_score=(0.916666667, 98.684498284, 7.166666667) phase1_score=(0.916666667, 98.684498284, 7.166666667)
[CHECK][phase1_pair_self_labeling.train.subproblem] episode=19724 subproblem_id=NP_NC block_count=25 best_source=agent_sample_19 loss=1.012552 phase1_score=(0.25, 39.664085763, 11.25)
[CHECK][phase1_pair_self_labeling.train.subproblem] episode=19724 subproblem_id=FN_FL block_count=27 best_source=agent_sample_47 loss=0.946672 phase1_score=(1.0, 11.692858147, 2.0)
[CHECK][phase1_pair_self_labeling.train] episode=19724 problem_id=EP19724 block_count=52 best_source=NP_NC:agent_sample_19|FN_FL:agent_sample_47 subproblem_count=2 loss=0.979612 learning_score=(1.25, 51.356943909, 13.25) phase1_score=(1.25, 51.356943909, 13.25)
[CHECK][phase1_pair_self_labeling.train.subproblem] episode=19725 subproblem_id=NP_NC block_count=39 best_source=agent_sample_42 loss=0.978381 phase1_score=(0.5, 23.710686962, 3.416666667)
[CHECK][phase1_pair_self_labeling.train.subproblem] episode=19725 subproblem_id=FN_FL block_count=42 best_source=agent_sample_38 loss=1.319127 phase1_score=(0.5, 13.947421384, 1.5)
[CHECK][phase1_pair_self_labeling.train] episode=19725 problem_id=EP19725 block_count=81 best_source=NP_NC:agent_sample_42|FN_FL:agent_sample_38 subproblem_count=2 loss=1.148754 learning_score=(1.0, 37.658108346, 4.916666667) phase1_score=(1.0, 37.658108346, 4.916666667)
[CHECK][phase1_pair_self_labeling.train.subproblem] episode=19726 subproblem_id=NP_NC block_count=23 best_source=agent_sample_12 loss=0.617171 phase1_score=(0.083333333, 21.893189819, 3.166666667)
[CHECK][phase1_pair_self_labeling.train.subproblem] episode=19726 subproblem_id=FN_FL block_count=33 best_source=agent_sample_16 loss=0.834855 phase1_score=(1.0, 18.251611034, 4.0)
[CHECK][phase1_pair_self_labeling.train] episode=19726 problem_id=EP19726 block_count=56 best_source=NP_NC:agent_sample_12|FN_FL:agent_sample_16 subproblem_count=2 loss=0.726013 learning_score=(1.083333333, 40.144800854, 7.166666667) phase1_score=(1.083333333, 40.144800854, 7.166666667)
[CHECK][phase1_pair_self_labeling.train.subproblem] episode=19727 subproblem_id=NP_NC block_count=20 best_source=agent_sample_60 loss=0.682909 phase1_score=(0.333333333, 32.541708171, 2.25)
[CHECK][phase1_pair_self_labeling.train.subproblem] episode=19727 subproblem_id=FN_FL block_count=29 best_source=agent_sample_10 loss=0.858426 phase1_score=(0.5, 4.49564197, 2.5)
[CHECK][phase1_pair_self_labeling.train] episode=19727 problem_id=EP19727 block_count=49 best_source=NP_NC:agent_sample_60|FN_FL:agent_sample_10 subproblem_count=2 loss=0.770667 learning_score=(0.833333333, 37.037350141, 4.75) phase1_score=(0.833333333, 37.037350141, 4.75)
[CHECK][phase1_pair_self_labeling.train.subproblem] episode=19728 subproblem_id=NP_NC block_count=32 best_source=agent_sample_33 loss=1.325094 phase1_score=(0.75, 23.600253426, 8.25)
[CHECK][phase1_pair_self_labeling.train.subproblem] episode=19728 subproblem_id=FN_FL block_count=31 best_source=agent_sample_54 loss=0.699748 phase1_score=(0.0, 38.639460996, 2.5)
[CHECK][phase1_pair_self_labeling.train] episode=19728 problem_id=EP19728 block_count=63 best_source=NP_NC:agent_sample_33|FN_FL:agent_sample_54 subproblem_count=2 loss=1.012421 learning_score=(0.75, 62.239714422, 10.75) phase1_score=(0.75, 62.239714422, 10.75)
[CHECK][phase1_pair_self_labeling.train.subproblem] episode=19729 subproblem_id=NP_NC block_count=40 best_source=agent_sample_57 loss=0.985704 phase1_score=(0.333333333, 27.293232639, 6.25)
[CHECK][phase1_pair_self_labeling.train.subproblem] episode=19729 subproblem_id=FN_FL block_count=54 best_source=agent_sample_64 loss=1.597794 phase1_score=(1.0, 9.447101277, 1.0)
[CHECK][phase1_pair_self_labeling.train] episode=19729 problem_id=EP19729 block_count=94 best_source=NP_NC:agent_sample_57|FN_FL:agent_sample_64 subproblem_count=2 loss=1.291749 learning_score=(1.333333333, 36.740333916, 7.25) phase1_score=(1.333333333, 36.740333916, 7.25)
[CHECK][phase1_pair_self_labeling.train.subproblem] episode=19730 subproblem_id=NP_NC block_count=40 best_source=agent_sample_6 loss=1.000274 phase1_score=(0.333333333, 38.243526461, 6.083333333)
[CHECK][phase1_pair_self_labeling.train.subproblem] episode=19730 subproblem_id=FN_FL block_count=44 best_source=agent_sample_40 loss=1.454618 phase1_score=(0.0, 22.58427662, 6.5)
[CHECK][phase1_pair_self_labeling.train] episode=19730 problem_id=EP19730 block_count=84 best_source=NP_NC:agent_sample_6|FN_FL:agent_sample_40 subproblem_count=2 loss=1.227446 learning_score=(0.333333333, 60.827803081, 12.583333333) phase1_score=(0.333333333, 60.827803081, 12.583333333)
[CHECK][phase1_pair_self_labeling.train.subproblem] episode=19731 subproblem_id=NP_NC block_count=25 best_source=agent_sample_26 loss=1.025911 phase1_score=(0.5, 10.11055407, 3.25)
[CHECK][phase1_pair_self_labeling.train.subproblem] episode=19731 subproblem_id=FN_FL block_count=25 best_source=agent_sample_42 loss=0.766659 phase1_score=(0.0, 13.285484103, 1.5)
[CHECK][phase1_pair_self_labeling.train] episode=19731 problem_id=EP19731 block_count=50 best_source=NP_NC:agent_sample_26|FN_FL:agent_sample_42 subproblem_count=2 loss=0.896285 learning_score=(0.5, 23.396038173, 4.75) phase1_score=(0.5, 23.396038173, 4.75)
[CHECK][phase1_pair_self_labeling.train.subproblem] episode=19732 subproblem_id=NP_NC block_count=40 best_source=agent_sample_48 loss=1.209435 phase1_score=(0.333333333, 33.860693489, 3.0)
[CHECK][phase1_pair_self_labeling.train.subproblem] episode=19732 subproblem_id=FN_FL block_count=47 best_source=agent_sample_46 loss=1.444296 phase1_score=(0.5, 32.376492926, 1.5)
[CHECK][phase1_pair_self_labeling.train] episode=19732 problem_id=EP19732 block_count=87 best_source=NP_NC:agent_sample_48|FN_FL:agent_sample_46 subproblem_count=2 loss=1.326865 learning_score=(0.833333333, 66.237186415, 4.5) phase1_score=(0.833333333, 66.237186415, 4.5)
[CHECK][phase1_pair_self_labeling.train.subproblem] episode=19733 subproblem_id=NP_NC block_count=35 best_source=agent_sample_48 loss=0.897434 phase1_score=(0.333333333, 18.333463126, 2.416666667)
[CHECK][phase1_pair_self_labeling.train.subproblem] episode=19733 subproblem_id=FN_FL block_count=40 best_source=agent_sample_9 loss=1.031729 phase1_score=(0.5, 22.75932091, 1.5)
[CHECK][phase1_pair_self_labeling.train] episode=19733 problem_id=EP19733 block_count=75 best_source=NP_NC:agent_sample_48|FN_FL:agent_sample_9 subproblem_count=2 loss=0.964582 learning_score=(0.833333333, 41.092784036, 3.916666667) phase1_score=(0.833333333, 41.092784036, 3.916666667)
[CHECK][phase1_pair_self_labeling.train.subproblem] episode=19734 subproblem_id=NP_NC block_count=52 best_source=agent_sample_42 loss=1.435004 phase1_score=(0.25, 60.290328799, 4.166666667)
[CHECK][phase1_pair_self_labeling.train.subproblem] episode=19734 subproblem_id=FN_FL block_count=44 best_source=agent_sample_9 loss=0.965821 phase1_score=(0.5, 15.202173637, 4.5)
[CHECK][phase1_pair_self_labeling.train] episode=19734 problem_id=EP19734 block_count=96 best_source=NP_NC:agent_sample_42|FN_FL:agent_sample_9 subproblem_count=2 loss=1.200412 learning_score=(0.75, 75.492502435, 8.666666667) phase1_score=(0.75, 75.492502435, 8.666666667)
[CHECK][phase1_pair_self_labeling.train.subproblem] episode=19735 subproblem_id=NP_NC block_count=11 best_source=agent_sample_7 loss=0.715969 phase1_score=(2.166666667, 104.391170019, 1.333333333)
[CHECK][phase1_pair_self_labeling.train.subproblem] episode=19735 subproblem_id=FN_FL block_count=14 best_source=agent_sample_4 loss=0.593884 phase1_score=(1.0, 38.559245299, 1.5)
[CHECK][phase1_pair_self_labeling.train] episode=19735 problem_id=EP19735 block_count=25 best_source=NP_NC:agent_sample_7|FN_FL:agent_sample_4 subproblem_count=2 loss=0.654926 learning_score=(3.166666667, 142.950415318, 2.833333333) phase1_score=(3.166666667, 142.950415318, 2.833333333)
[CHECK][phase1_pair_self_labeling.train.subproblem] episode=19736 subproblem_id=NP_NC block_count=31 best_source=agent_sample_13 loss=1.220776 phase1_score=(1.0, 131.449262727, 9.0)
[CHECK][phase1_pair_self_labeling.train.subproblem] episode=19736 subproblem_id=FN_FL block_count=30 best_source=agent_sample_58 loss=1.133853 phase1_score=(0.5, 55.697170545, 2.5)
[CHECK][phase1_pair_self_labeling.train] episode=19736 problem_id=EP19736 block_count=61 best_source=NP_NC:agent_sample_13|FN_FL:agent_sample_58 subproblem_count=2 loss=1.177314 learning_score=(1.5, 187.146433272, 11.5) phase1_score=(1.5, 187.146433272, 11.5)
[CHECK][phase1_pair_self_labeling.train.subproblem] episode=19737 subproblem_id=NP_NC block_count=23 best_source=agent_greedy loss=0.306414 phase1_score=(0.166666667, 54.290601383, 5.833333333)
[CHECK][phase1_pair_self_labeling.train.subproblem] episode=19737 subproblem_id=FN_FL block_count=25 best_source=agent_sample_25 loss=0.678996 phase1_score=(0.5, 13.008713042, 2.0)
[CHECK][phase1_pair_self_labeling.train] episode=19737 problem_id=EP19737 block_count=48 best_source=NP_NC:agent_greedy|FN_FL:agent_sample_25 subproblem_count=2 loss=0.492705 learning_score=(0.666666667, 67.299314425, 7.833333333) phase1_score=(0.666666667, 67.299314425, 7.833333333)
[CHECK][phase1_pair_self_labeling.train.subproblem] episode=19738 subproblem_id=NP_NC block_count=40 best_source=agent_sample_60 loss=0.987051 phase1_score=(0.5, 27.878181522, 1.25)
[CHECK][phase1_pair_self_labeling.train.subproblem] episode=19738 subproblem_id=FN_FL block_count=59 best_source=agent_sample_19 loss=1.740455 phase1_score=(1.0, 12.199372871, 4.5)
[CHECK][phase1_pair_self_labeling.train] episode=19738 problem_id=EP19738 block_count=99 best_source=NP_NC:agent_sample_60|FN_FL:agent_sample_19 subproblem_count=2 loss=1.363753 learning_score=(1.5, 40.077554393, 5.75) phase1_score=(1.5, 40.077554393, 5.75)
[CHECK][phase1_pair_self_labeling.train.subproblem] episode=19739 subproblem_id=NP_NC block_count=15 best_source=agent_sample_42 loss=0.508882 phase1_score=(0.75, 67.430743156, 2.916666667)
[CHECK][phase1_pair_self_labeling.train.subproblem] episode=19739 subproblem_id=FN_FL block_count=25 best_source=agent_sample_20 loss=1.334490 phase1_score=(0.5, 6.533481636, 1.5)
[CHECK][phase1_pair_self_labeling.train] episode=19739 problem_id=EP19739 block_count=40 best_source=NP_NC:agent_sample_42|FN_FL:agent_sample_20 subproblem_count=2 loss=0.921686 learning_score=(1.25, 73.964224792, 4.416666667) phase1_score=(1.25, 73.964224792, 4.416666667)
[CHECK][phase1_pair_self_labeling.train.subproblem] episode=19740 subproblem_id=NP_NC block_count=23 best_source=agent_sample_6 loss=0.845635 phase1_score=(1.0, 40.860766888, 6.25)
[CHECK][phase1_pair_self_labeling.train.subproblem] episode=19740 subproblem_id=FN_FL block_count=22 best_source=agent_sample_2 loss=0.643729 phase1_score=(0.0, 138.304241593, 1.5)
[CHECK][phase1_pair_self_labeling.train] episode=19740 problem_id=EP19740 block_count=45 best_source=NP_NC:agent_sample_6|FN_FL:agent_sample_2 subproblem_count=2 loss=0.744682 learning_score=(1.0, 179.165008481, 7.75) phase1_score=(1.0, 179.165008481, 7.75)
[CHECK][phase1_pair_self_labeling.train.subproblem] episode=19741 subproblem_id=NP_NC block_count=35 best_source=agent_sample_23 loss=0.723872 phase1_score=(0.5, 13.374120014, 4.0)
[CHECK][phase1_pair_self_labeling.train.subproblem] episode=19741 subproblem_id=FN_FL block_count=45 best_source=agent_sample_35 loss=1.130819 phase1_score=(0.0, 7.289839652, 5.0)
[CHECK][phase1_pair_self_labeling.train] episode=19741 problem_id=EP19741 block_count=80 best_source=NP_NC:agent_sample_23|FN_FL:agent_sample_35 subproblem_count=2 loss=0.927345 learning_score=(0.5, 20.663959666, 9.0) phase1_score=(0.5, 20.663959666, 9.0)
[CHECK][phase1_pair_self_labeling.train.subproblem] episode=19742 subproblem_id=NP_NC block_count=31 best_source=agent_sample_35 loss=1.271449 phase1_score=(1.666666667, 124.110146772, 9.166666667)
[CHECK][phase1_pair_self_labeling.train.subproblem] episode=19742 subproblem_id=FN_FL block_count=44 best_source=agent_sample_52 loss=0.973726 phase1_score=(1.0, 5.223532718, 2.5)
[CHECK][phase1_pair_self_labeling.train] episode=19742 problem_id=EP19742 block_count=75 best_source=NP_NC:agent_sample_35|FN_FL:agent_sample_52 subproblem_count=2 loss=1.122587 learning_score=(2.666666667, 129.333679491, 11.666666667) phase1_score=(2.666666667, 129.333679491, 11.666666667)
[CHECK][phase1_pair_self_labeling.train.subproblem] episode=19743 subproblem_id=NP_NC block_count=25 best_source=agent_sample_64 loss=1.052213 phase1_score=(0.083333333, 32.610228664, 6.0)
[CHECK][phase1_pair_self_labeling.train.subproblem] episode=19743 subproblem_id=FN_FL block_count=34 best_source=agent_sample_17 loss=0.814691 phase1_score=(0.5, 22.540147406, 2.0)
[CHECK][phase1_pair_self_labeling.train] episode=19743 problem_id=EP19743 block_count=59 best_source=NP_NC:agent_sample_64|FN_FL:agent_sample_17 subproblem_count=2 loss=0.933452 learning_score=(0.583333333, 55.15037607, 8.0) phase1_score=(0.583333333, 55.15037607, 8.0)
[CHECK][phase1_pair_self_labeling.train.subproblem] episode=19744 subproblem_id=NP_NC block_count=21 best_source=cut_first_balanced loss=3.847890 phase1_score=(0.666666667, 479.586301931, 8.916666667)
[CHECK][phase1_pair_self_labeling.train.subproblem] episode=19744 subproblem_id=FN_FL block_count=26 best_source=agent_sample_3 loss=0.848077 phase1_score=(0.0, 13.776974588, 0.5)
[CHECK][phase1_pair_self_labeling.train] episode=19744 problem_id=EP19744 block_count=47 best_source=NP_NC:cut_first_balanced|FN_FL:agent_sample_3 subproblem_count=2 loss=2.347984 learning_score=(0.666666667, 493.363276519, 9.416666667) phase1_score=(0.666666667, 493.363276519, 9.416666667)
[CHECK][phase1_pair_self_labeling.train.subproblem] episode=19745 subproblem_id=NP_NC block_count=11 best_source=bevel_first_balanced loss=4.835171 phase1_score=(1.416666667, 114.55190301, 3.5)
[CHECK][phase1_pair_self_labeling.train.subproblem] episode=19745 subproblem_id=FN_FL block_count=19 best_source=agent_sample_49 loss=0.671461 phase1_score=(0.5, 36.686846919, 2.5)
[CHECK][phase1_pair_self_labeling.train] episode=19745 problem_id=EP19745 block_count=30 best_source=NP_NC:bevel_first_balanced|FN_FL:agent_sample_49 subproblem_count=2 loss=2.753316 learning_score=(1.916666667, 151.238749929, 6.0) phase1_score=(1.916666667, 151.238749929, 6.0)
[CHECK][phase1_pair_self_labeling.train.subproblem] episode=19746 subproblem_id=NP_NC block_count=45 best_source=agent_sample_27 loss=0.882201 phase1_score=(0.5, 18.547679587, 2.916666667)
[CHECK][phase1_pair_self_labeling.train.subproblem] episode=19746 subproblem_id=FN_FL block_count=60 best_source=agent_sample_63 loss=1.435580 phase1_score=(0.5, 6.036017137, 4.0)
[CHECK][phase1_pair_self_labeling.train] episode=19746 problem_id=EP19746 block_count=105 best_source=NP_NC:agent_sample_27|FN_FL:agent_sample_63 subproblem_count=2 loss=1.158890 learning_score=(1.0, 24.583696724, 6.916666667) phase1_score=(1.0, 24.583696724, 6.916666667)
[CHECK][phase1_pair_self_labeling.train.subproblem] episode=19747 subproblem_id=NP_NC block_count=49 best_source=agent_sample_59 loss=1.378584 phase1_score=(0.416666667, 26.776007525, 5.583333333)
[CHECK][phase1_pair_self_labeling.train.subproblem] episode=19747 subproblem_id=FN_FL block_count=57 best_source=agent_sample_20 loss=1.325211 phase1_score=(0.5, 12.84244871, 1.5)
[CHECK][phase1_pair_self_labeling.train] episode=19747 problem_id=EP19747 block_count=106 best_source=NP_NC:agent_sample_59|FN_FL:agent_sample_20 subproblem_count=2 loss=1.351898 learning_score=(0.916666667, 39.618456235, 7.083333333) phase1_score=(0.916666667, 39.618456235, 7.083333333)
[CHECK][phase1_pair_self_labeling.train.subproblem] episode=19748 subproblem_id=NP_NC block_count=20 best_source=agent_sample_36 loss=0.886394 phase1_score=(2.0, 85.381158529, 3.5)
[CHECK][phase1_pair_self_labeling.train.subproblem] episode=19748 subproblem_id=FN_FL block_count=27 best_source=agent_sample_29 loss=0.621292 phase1_score=(1.0, 23.511094393, 1.0)
[CHECK][phase1_pair_self_labeling.train] episode=19748 problem_id=EP19748 block_count=47 best_source=NP_NC:agent_sample_36|FN_FL:agent_sample_29 subproblem_count=2 loss=0.753843 learning_score=(3.0, 108.892252922, 4.5) phase1_score=(3.0, 108.892252922, 4.5)
[CHECK][phase1_pair_self_labeling.train.subproblem] episode=19749 subproblem_id=NP_NC block_count=9 best_source=agent_sample_59 loss=1.098855 phase1_score=(1.0, 117.875757239, 2.25)
[CHECK][phase1_pair_self_labeling.train.subproblem] episode=19749 subproblem_id=FN_FL block_count=14 best_source=agent_sample_62 loss=0.815431 phase1_score=(0.5, 20.628621304, 2.5)
[CHECK][phase1_pair_self_labeling.train] episode=19749 problem_id=EP19749 block_count=23 best_source=NP_NC:agent_sample_59|FN_FL:agent_sample_62 subproblem_count=2 loss=0.957143 learning_score=(1.5, 138.504378543, 4.75) phase1_score=(1.5, 138.504378543, 4.75)
[CHECK][phase1_pair_self_labeling.train.subproblem] episode=19750 subproblem_id=NP_NC block_count=11 best_source=agent_sample_41 loss=0.796805 phase1_score=(0.5, 117.235220617, 2.75)
[CHECK][phase1_pair_self_labeling.train.subproblem] episode=19750 subproblem_id=FN_FL block_count=14 best_source=agent_sample_43 loss=0.681813 phase1_score=(1.0, 109.920727002, 1.5)
[CHECK][phase1_pair_self_labeling.train] episode=19750 problem_id=EP19750 block_count=25 best_source=NP_NC:agent_sample_41|FN_FL:agent_sample_43 subproblem_count=2 loss=0.739309 learning_score=(1.5, 227.155947619, 4.25) phase1_score=(1.5, 227.155947619, 4.25)
[CHECK][phase1_pair_self_labeling.train.subproblem] episode=19751 subproblem_id=NP_NC block_count=34 best_source=agent_sample_18 loss=0.964346 phase1_score=(0.5, 42.245007354, 2.416666667)
[CHECK][phase1_pair_self_labeling.train.subproblem] episode=19751 subproblem_id=FN_FL block_count=51 best_source=agent_sample_38 loss=1.394642 phase1_score=(0.0, 6.432423133, 2.5)
[CHECK][phase1_pair_self_labeling.train] episode=19751 problem_id=EP19751 block_count=85 best_source=NP_NC:agent_sample_18|FN_FL:agent_sample_38 subproblem_count=2 loss=1.179494 learning_score=(0.5, 48.677430487, 4.916666667) phase1_score=(0.5, 48.677430487, 4.916666667)
[CHECK][phase1_pair_self_labeling.train.subproblem] episode=19752 subproblem_id=NP_NC block_count=10 best_source=agent_sample_3 loss=0.658143 phase1_score=(2.25, 65.655234897, 4.0)
[CHECK][phase1_pair_self_labeling.train.subproblem] episode=19752 subproblem_id=FN_FL block_count=20 best_source=agent_sample_58 loss=0.433029 phase1_score=(1.0, 29.877232721, 2.5)
[CHECK][phase1_pair_self_labeling.train] episode=19752 problem_id=EP19752 block_count=30 best_source=NP_NC:agent_sample_3|FN_FL:agent_sample_58 subproblem_count=2 loss=0.545586 learning_score=(3.25, 95.532467618, 6.5) phase1_score=(3.25, 95.532467618, 6.5)
[CHECK][phase1_pair_self_labeling.train.subproblem] episode=19753 subproblem_id=NP_NC block_count=10 best_source=agent_sample_8 loss=0.503764 phase1_score=(1.416666667, 56.020173397, 2.416666667)
[CHECK][phase1_pair_self_labeling.train.subproblem] episode=19753 subproblem_id=FN_FL block_count=8 best_source=agent_sample_2 loss=0.402298 phase1_score=(2.0, 44.917546501, 4.0)
[CHECK][phase1_pair_self_labeling.train] episode=19753 problem_id=EP19753 block_count=18 best_source=NP_NC:agent_sample_8|FN_FL:agent_sample_2 subproblem_count=2 loss=0.453031 learning_score=(3.416666667, 100.937719898, 6.416666667) phase1_score=(3.416666667, 100.937719898, 6.416666667)
[CHECK][phase1_pair_self_labeling.train.subproblem] episode=19754 subproblem_id=NP_NC block_count=32 best_source=agent_sample_32 loss=0.938705 phase1_score=(0.75, 17.494697631, 2.833333333)
[CHECK][phase1_pair_self_labeling.train.subproblem] episode=19754 subproblem_id=FN_FL block_count=30 best_source=agent_sample_33 loss=0.881704 phase1_score=(0.5, 16.558623845, 3.5)
[CHECK][phase1_pair_self_labeling.train] episode=19754 problem_id=EP19754 block_count=62 best_source=NP_NC:agent_sample_32|FN_FL:agent_sample_33 subproblem_count=2 loss=0.910205 learning_score=(1.25, 34.053321476, 6.333333333) phase1_score=(1.25, 34.053321476, 6.333333333)
[CHECK][phase1_pair_self_labeling.train.subproblem] episode=19755 subproblem_id=NP_NC block_count=21 best_source=agent_sample_36 loss=0.597369 phase1_score=(0.333333333, 24.679748839, 7.5)
[CHECK][phase1_pair_self_labeling.train.subproblem] episode=19755 subproblem_id=FN_FL block_count=22 best_source=agent_sample_35 loss=0.802436 phase1_score=(0.0, 12.938953065, 4.5)
[CHECK][phase1_pair_self_labeling.train] episode=19755 problem_id=EP19755 block_count=43 best_source=NP_NC:agent_sample_36|FN_FL:agent_sample_35 subproblem_count=2 loss=0.699903 learning_score=(0.333333333, 37.618701904, 12.0) phase1_score=(0.333333333, 37.618701904, 12.0)
[CHECK][phase1_pair_self_labeling.train.subproblem] episode=19756 subproblem_id=NP_NC block_count=15 best_source=agent_sample_53 loss=0.943398 phase1_score=(0.333333333, 90.825760921, 4.083333333)
[CHECK][phase1_pair_self_labeling.train.subproblem] episode=19756 subproblem_id=FN_FL block_count=19 best_source=agent_sample_2 loss=0.929573 phase1_score=(0.5, 35.067725307, 2.0)
[CHECK][phase1_pair_self_labeling.train] episode=19756 problem_id=EP19756 block_count=34 best_source=NP_NC:agent_sample_53|FN_FL:agent_sample_2 subproblem_count=2 loss=0.936486 learning_score=(0.833333333, 125.893486228, 6.083333333) phase1_score=(0.833333333, 125.893486228, 6.083333333)
[CHECK][phase1_pair_self_labeling.train.subproblem] episode=19757 subproblem_id=NP_NC block_count=18 best_source=agent_sample_4 loss=1.645397 phase1_score=(1.083333333, 400.063645229, 1.666666667)
[CHECK][phase1_pair_self_labeling.train.subproblem] episode=19757 subproblem_id=FN_FL block_count=8 best_source=agent_sample_2 loss=0.211439 phase1_score=(1.0, 22.420725605, 3.0)
[CHECK][phase1_pair_self_labeling.train] episode=19757 problem_id=EP19757 block_count=26 best_source=NP_NC:agent_sample_4|FN_FL:agent_sample_2 subproblem_count=2 loss=0.928418 learning_score=(2.083333333, 422.484370834, 4.666666667) phase1_score=(2.083333333, 422.484370834, 4.666666667)
[CHECK][phase1_pair_self_labeling.train.subproblem] episode=19758 subproblem_id=NP_NC block_count=43 best_source=agent_sample_46 loss=0.711899 phase1_score=(0.5, 5.283329375, 2.333333333)
[CHECK][phase1_pair_self_labeling.train.subproblem] episode=19758 subproblem_id=FN_FL block_count=46 best_source=agent_sample_13 loss=1.265155 phase1_score=(1.0, 12.76039845, 2.5)
[CHECK][phase1_pair_self_labeling.train] episode=19758 problem_id=EP19758 block_count=89 best_source=NP_NC:agent_sample_46|FN_FL:agent_sample_13 subproblem_count=2 loss=0.988527 learning_score=(1.5, 18.043727825, 4.833333333) phase1_score=(1.5, 18.043727825, 4.833333333)
[CHECK][phase1_pair_self_labeling.train.subproblem] episode=19759 subproblem_id=NP_NC block_count=13 best_source=agent_sample_56 loss=0.782313 phase1_score=(1.0, 67.344027013, 2.916666667)
[CHECK][phase1_pair_self_labeling.train.subproblem] episode=19759 subproblem_id=FN_FL block_count=10 best_source=agent_sample_27 loss=0.443273 phase1_score=(0.5, 39.417632665, 5.0)
[CHECK][phase1_pair_self_labeling.train] episode=19759 problem_id=EP19759 block_count=23 best_source=NP_NC:agent_sample_56|FN_FL:agent_sample_27 subproblem_count=2 loss=0.612793 learning_score=(1.5, 106.761659678, 7.916666667) phase1_score=(1.5, 106.761659678, 7.916666667)
[CHECK][phase1_pair_self_labeling.train.subproblem] episode=19760 subproblem_id=NP_NC block_count=35 best_source=agent_sample_7 loss=0.932865 phase1_score=(0.25, 22.535659629, 9.25)
[CHECK][phase1_pair_self_labeling.train.subproblem] episode=19760 subproblem_id=FN_FL block_count=28 best_source=agent_sample_55 loss=0.583641 phase1_score=(1.0, 11.563184283, 5.0)
[CHECK][phase1_pair_self_labeling.train] episode=19760 problem_id=EP19760 block_count=63 best_source=NP_NC:agent_sample_7|FN_FL:agent_sample_55 subproblem_count=2 loss=0.758253 learning_score=(1.25, 34.098843912, 14.25) phase1_score=(1.25, 34.098843912, 14.25)
[CHECK][phase1_pair_self_labeling.train.subproblem] episode=19761 subproblem_id=NP_NC block_count=26 best_source=agent_sample_46 loss=0.978845 phase1_score=(0.75, 8.351621662, 8.666666667)
[CHECK][phase1_pair_self_labeling.train.subproblem] episode=19761 subproblem_id=FN_FL block_count=32 best_source=agent_sample_3 loss=1.064502 phase1_score=(0.5, 12.588736825, 3.5)
[CHECK][phase1_pair_self_labeling.train] episode=19761 problem_id=EP19761 block_count=58 best_source=NP_NC:agent_sample_46|FN_FL:agent_sample_3 subproblem_count=2 loss=1.021673 learning_score=(1.25, 20.940358487, 12.166666667) phase1_score=(1.25, 20.940358487, 12.166666667)
[CHECK][phase1_pair_self_labeling.train.subproblem] episode=19762 subproblem_id=NP_NC block_count=28 best_source=agent_sample_38 loss=0.680953 phase1_score=(0.25, 25.281227326, 1.75)
[CHECK][phase1_pair_self_labeling.train.subproblem] episode=19762 subproblem_id=FN_FL block_count=41 best_source=agent_sample_26 loss=0.776335 phase1_score=(1.0, 12.536611117, 0.5)
[CHECK][phase1_pair_self_labeling.train] episode=19762 problem_id=EP19762 block_count=69 best_source=NP_NC:agent_sample_38|FN_FL:agent_sample_26 subproblem_count=2 loss=0.728644 learning_score=(1.25, 37.817838443, 2.25) phase1_score=(1.25, 37.817838443, 2.25)
[CHECK][phase1_pair_self_labeling.train.subproblem] episode=19763 subproblem_id=NP_NC block_count=33 best_source=agent_sample_13 loss=0.498416 phase1_score=(0.333333333, 3.6776343, 1.416666667)
[CHECK][phase1_pair_self_labeling.train.subproblem] episode=19763 subproblem_id=FN_FL block_count=41 best_source=agent_sample_56 loss=1.258038 phase1_score=(1.0, 13.219697688, 3.0)
[CHECK][phase1_pair_self_labeling.train] episode=19763 problem_id=EP19763 block_count=74 best_source=NP_NC:agent_sample_13|FN_FL:agent_sample_56 subproblem_count=2 loss=0.878227 learning_score=(1.333333333, 16.897331988, 4.416666667) phase1_score=(1.333333333, 16.897331988, 4.416666667)
[CHECK][phase1_pair_self_labeling.train.subproblem] episode=19764 subproblem_id=NP_NC block_count=18 best_source=agent_sample_5 loss=0.414626 phase1_score=(0.833333333, 21.662093495, 3.5)
[CHECK][phase1_pair_self_labeling.train.subproblem] episode=19764 subproblem_id=FN_FL block_count=5 best_source=agent_greedy loss=0.171192 phase1_score=(0.0, 13.633233375, 1.0)
[CHECK][phase1_pair_self_labeling.train] episode=19764 problem_id=EP19764 block_count=23 best_source=NP_NC:agent_sample_5|FN_FL:agent_greedy subproblem_count=2 loss=0.292909 learning_score=(0.833333333, 35.295326869, 4.5) phase1_score=(0.833333333, 35.295326869, 4.5)
[CHECK][phase1_pair_self_labeling.train.subproblem] episode=19765 subproblem_id=NP_NC block_count=18 best_source=agent_sample_24 loss=0.832260 phase1_score=(0.083333333, 84.144026185, 1.5)
[CHECK][phase1_pair_self_labeling.train.subproblem] episode=19765 subproblem_id=FN_FL block_count=25 best_source=agent_sample_31 loss=0.665941 phase1_score=(0.5, 7.511910238, 1.5)
[CHECK][phase1_pair_self_labeling.train] episode=19765 problem_id=EP19765 block_count=43 best_source=NP_NC:agent_sample_24|FN_FL:agent_sample_31 subproblem_count=2 loss=0.749101 learning_score=(0.583333333, 91.655936423, 3.0) phase1_score=(0.583333333, 91.655936423, 3.0)
[CHECK][phase1_pair_self_labeling.train.subproblem] episode=19766 subproblem_id=NP_NC block_count=11 best_source=agent_greedy loss=0.341548 phase1_score=(0.166666667, 12.673782089, 1.5)
[CHECK][phase1_pair_self_labeling.train.subproblem] episode=19766 subproblem_id=FN_FL block_count=8 best_source=agent_sample_10 loss=0.535638 phase1_score=(0.5, 15.385633519, 4.5)
[CHECK][phase1_pair_self_labeling.train] episode=19766 problem_id=EP19766 block_count=19 best_source=NP_NC:agent_greedy|FN_FL:agent_sample_10 subproblem_count=2 loss=0.438593 learning_score=(0.666666667, 28.059415608, 6.0) phase1_score=(0.666666667, 28.059415608, 6.0)
[CHECK][phase1_pair_self_labeling.train.subproblem] episode=19767 subproblem_id=NP_NC block_count=33 best_source=agent_sample_57 loss=0.816296 phase1_score=(0.083333333, 23.994275613, 5.666666667)
[CHECK][phase1_pair_self_labeling.train.subproblem] episode=19767 subproblem_id=FN_FL block_count=44 best_source=agent_sample_15 loss=1.375093 phase1_score=(0.5, 14.193239174, 2.0)
[CHECK][phase1_pair_self_labeling.train] episode=19767 problem_id=EP19767 block_count=77 best_source=NP_NC:agent_sample_57|FN_FL:agent_sample_15 subproblem_count=2 loss=1.095695 learning_score=(0.583333333, 38.187514787, 7.666666667) phase1_score=(0.583333333, 38.187514787, 7.666666667)
[CHECK][phase1_pair_self_labeling.train.subproblem] episode=19768 subproblem_id=NP_NC block_count=28 best_source=agent_sample_19 loss=0.678544 phase1_score=(0.166666667, 58.783011936, 6.083333333)
[CHECK][phase1_pair_self_labeling.train.subproblem] episode=19768 subproblem_id=FN_FL block_count=30 best_source=agent_sample_55 loss=0.617100 phase1_score=(0.5, 7.732849311, 1.5)
[CHECK][phase1_pair_self_labeling.train] episode=19768 problem_id=EP19768 block_count=58 best_source=NP_NC:agent_sample_19|FN_FL:agent_sample_55 subproblem_count=2 loss=0.647822 learning_score=(0.666666667, 66.515861247, 7.583333333) phase1_score=(0.666666667, 66.515861247, 7.583333333)
[CHECK][phase1_pair_self_labeling.train.subproblem] episode=19769 subproblem_id=NP_NC block_count=31 best_source=agent_sample_41 loss=0.948752 phase1_score=(0.5, 59.315122383, 7.5)
[CHECK][phase1_pair_self_labeling.train.subproblem] episode=19769 subproblem_id=FN_FL block_count=34 best_source=agent_sample_55 loss=0.695234 phase1_score=(0.5, 18.902566977, 0.5)
[CHECK][phase1_pair_self_labeling.train] episode=19769 problem_id=EP19769 block_count=65 best_source=NP_NC:agent_sample_41|FN_FL:agent_sample_55 subproblem_count=2 loss=0.821993 learning_score=(1.0, 78.21768936, 8.0) phase1_score=(1.0, 78.21768936, 8.0)
[CHECK][phase1_pair_self_labeling.train.subproblem] episode=19770 subproblem_id=NP_NC block_count=12 best_source=agent_sample_12 loss=0.707344 phase1_score=(0.75, 84.91796724, 8.25)
[CHECK][phase1_pair_self_labeling.train.subproblem] episode=19770 subproblem_id=FN_FL block_count=15 best_source=agent_sample_16 loss=0.256306 phase1_score=(1.0, 31.393420013, 2.0)
[CHECK][phase1_pair_self_labeling.train] episode=19770 problem_id=EP19770 block_count=27 best_source=NP_NC:agent_sample_12|FN_FL:agent_sample_16 subproblem_count=2 loss=0.481825 learning_score=(1.75, 116.311387253, 10.25) phase1_score=(1.75, 116.311387253, 10.25)
[CHECK][phase1_pair_self_labeling.train.subproblem] episode=19771 subproblem_id=NP_NC block_count=31 best_source=agent_sample_43 loss=0.654037 phase1_score=(0.583333333, 38.143469509, 2.25)
[CHECK][phase1_pair_self_labeling.train.subproblem] episode=19771 subproblem_id=FN_FL block_count=39 best_source=agent_sample_2 loss=0.899361 phase1_score=(0.5, 5.773639455, 2.0)
[CHECK][phase1_pair_self_labeling.train] episode=19771 problem_id=EP19771 block_count=70 best_source=NP_NC:agent_sample_43|FN_FL:agent_sample_2 subproblem_count=2 loss=0.776699 learning_score=(1.083333333, 43.917108964, 4.25) phase1_score=(1.083333333, 43.917108964, 4.25)
[CHECK][phase1_pair_self_labeling.train.subproblem] episode=19772 subproblem_id=NP_NC block_count=38 best_source=agent_sample_26 loss=0.865406 phase1_score=(0.333333333, 44.394370062, 1.416666667)
[CHECK][phase1_pair_self_labeling.train.subproblem] episode=19772 subproblem_id=FN_FL block_count=42 best_source=agent_sample_46 loss=1.193728 phase1_score=(1.0, 30.292972591, 3.5)
[CHECK][phase1_pair_self_labeling.train] episode=19772 problem_id=EP19772 block_count=80 best_source=NP_NC:agent_sample_26|FN_FL:agent_sample_46 subproblem_count=2 loss=1.029567 learning_score=(1.333333333, 74.687342653, 4.916666667) phase1_score=(1.333333333, 74.687342653, 4.916666667)
[CHECK][phase1_pair_self_labeling.train.subproblem] episode=19773 subproblem_id=NP_NC block_count=21 best_source=agent_sample_49 loss=0.871663 phase1_score=(0.666666667, 12.484118269, 3.25)
[CHECK][phase1_pair_self_labeling.train.subproblem] episode=19773 subproblem_id=FN_FL block_count=20 best_source=agent_sample_4 loss=0.524870 phase1_score=(1.0, 21.301625264, 1.0)
[CHECK][phase1_pair_self_labeling.train] episode=19773 problem_id=EP19773 block_count=41 best_source=NP_NC:agent_sample_49|FN_FL:agent_sample_4 subproblem_count=2 loss=0.698266 learning_score=(1.666666667, 33.785743532, 4.25) phase1_score=(1.666666667, 33.785743532, 4.25)
[CHECK][phase1_pair_self_labeling.train.subproblem] episode=19774 subproblem_id=NP_NC block_count=30 best_source=agent_greedy loss=0.492551 phase1_score=(0.416666667, 31.444100682, 6.416666667)
[CHECK][phase1_pair_self_labeling.train.subproblem] episode=19774 subproblem_id=FN_FL block_count=42 best_source=agent_sample_31 loss=0.984163 phase1_score=(1.0, 4.68043004, 3.0)
[CHECK][phase1_pair_self_labeling.train] episode=19774 problem_id=EP19774 block_count=72 best_source=NP_NC:agent_greedy|FN_FL:agent_sample_31 subproblem_count=2 loss=0.738357 learning_score=(1.416666667, 36.124530722, 9.416666667) phase1_score=(1.416666667, 36.124530722, 9.416666667)
[CHECK][phase1_pair_self_labeling.train.subproblem] episode=19775 subproblem_id=NP_NC block_count=29 best_source=agent_sample_56 loss=1.244169 phase1_score=(0.166666667, 196.49974038, 7.833333333)
[CHECK][phase1_pair_self_labeling.train.subproblem] episode=19775 subproblem_id=FN_FL block_count=41 best_source=agent_sample_51 loss=0.881676 phase1_score=(0.0, 14.174046692, 2.0)
[CHECK][phase1_pair_self_labeling.train] episode=19775 problem_id=EP19775 block_count=70 best_source=NP_NC:agent_sample_56|FN_FL:agent_sample_51 subproblem_count=2 loss=1.062923 learning_score=(0.166666667, 210.673787072, 9.833333333) phase1_score=(0.166666667, 210.673787072, 9.833333333)
[CHECK][phase1_pair_self_labeling.train.subproblem] episode=19776 subproblem_id=NP_NC block_count=47 best_source=agent_sample_9 loss=1.285644 phase1_score=(0.333333333, 36.905944836, 4.166666667)
[CHECK][phase1_pair_self_labeling.train.subproblem] episode=19776 subproblem_id=FN_FL block_count=51 best_source=agent_sample_59 loss=1.358026 phase1_score=(0.5, 10.473273378, 1.5)
[CHECK][phase1_pair_self_labeling.train] episode=19776 problem_id=EP19776 block_count=98 best_source=NP_NC:agent_sample_9|FN_FL:agent_sample_59 subproblem_count=2 loss=1.321835 learning_score=(0.833333333, 47.379218214, 5.666666667) phase1_score=(0.833333333, 47.379218214, 5.666666667)
[CHECK][phase1_pair_self_labeling.train.subproblem] episode=19777 subproblem_id=NP_NC block_count=7 best_source=agent_sample_3 loss=0.360167 phase1_score=(4.0, 129.500021583, 7.5)
[CHECK][phase1_pair_self_labeling.train.subproblem] episode=19777 subproblem_id=FN_FL block_count=15 best_source=agent_greedy loss=0.250870 phase1_score=(0.5, 16.912367051, 0.0)
[CHECK][phase1_pair_self_labeling.train] episode=19777 problem_id=EP19777 block_count=22 best_source=NP_NC:agent_sample_3|FN_FL:agent_greedy subproblem_count=2 loss=0.305518 learning_score=(4.5, 146.412388634, 7.5) phase1_score=(4.5, 146.412388634, 7.5)
[CHECK][phase1_pair_self_labeling.train.subproblem] episode=19778 subproblem_id=NP_NC block_count=9 best_source=agent_sample_9 loss=0.625425 phase1_score=(1.75, 101.709842422, 6.25)
[CHECK][phase1_pair_self_labeling.train.subproblem] episode=19778 subproblem_id=FN_FL block_count=13 best_source=agent_sample_25 loss=0.304301 phase1_score=(1.0, 27.697366631, 2.0)
[CHECK][phase1_pair_self_labeling.train] episode=19778 problem_id=EP19778 block_count=22 best_source=NP_NC:agent_sample_9|FN_FL:agent_sample_25 subproblem_count=2 loss=0.464863 learning_score=(2.75, 129.407209054, 8.25) phase1_score=(2.75, 129.407209054, 8.25)
[CHECK][phase1_pair_self_labeling.train.subproblem] episode=19779 subproblem_id=NP_NC block_count=16 best_source=agent_sample_5 loss=0.713105 phase1_score=(0.75, 170.754608662, 3.5)
[CHECK][phase1_pair_self_labeling.train.subproblem] episode=19779 subproblem_id=FN_FL block_count=23 best_source=agent_sample_35 loss=0.472150 phase1_score=(0.5, 44.514946212, 4.0)
[CHECK][phase1_pair_self_labeling.train] episode=19779 problem_id=EP19779 block_count=39 best_source=NP_NC:agent_sample_5|FN_FL:agent_sample_35 subproblem_count=2 loss=0.592628 learning_score=(1.25, 215.269554874, 7.5) phase1_score=(1.25, 215.269554874, 7.5)
[CHECK][phase1_pair_self_labeling.train.subproblem] episode=19780 subproblem_id=NP_NC block_count=19 best_source=agent_sample_16 loss=0.867271 phase1_score=(0.333333333, 55.807325134, 3.25)
[CHECK][phase1_pair_self_labeling.train.subproblem] episode=19780 subproblem_id=FN_FL block_count=25 best_source=agent_sample_61 loss=0.658460 phase1_score=(1.0, 7.045597742, 4.5)
[CHECK][phase1_pair_self_labeling.train] episode=19780 problem_id=EP19780 block_count=44 best_source=NP_NC:agent_sample_16|FN_FL:agent_sample_61 subproblem_count=2 loss=0.762865 learning_score=(1.333333333, 62.852922876, 7.75) phase1_score=(1.333333333, 62.852922876, 7.75)
[CHECK][phase1_pair_self_labeling.train.subproblem] episode=19781 subproblem_id=NP_NC block_count=26 best_source=agent_sample_34 loss=0.819737 phase1_score=(0.583333333, 20.798144459, 5.0)
[CHECK][phase1_pair_self_labeling.train.subproblem] episode=19781 subproblem_id=FN_FL block_count=37 best_source=agent_sample_2 loss=0.803878 phase1_score=(0.5, 78.970172923, 4.0)
[CHECK][phase1_pair_self_labeling.train] episode=19781 problem_id=EP19781 block_count=63 best_source=NP_NC:agent_sample_34|FN_FL:agent_sample_2 subproblem_count=2 loss=0.811807 learning_score=(1.083333333, 99.768317382, 9.0) phase1_score=(1.083333333, 99.768317382, 9.0)
[CHECK][phase1_pair_self_labeling.train.subproblem] episode=19782 subproblem_id=NP_NC block_count=42 best_source=agent_sample_7 loss=1.175219 phase1_score=(0.166666667, 9.237536136, 6.75)
[CHECK][phase1_pair_self_labeling.train.subproblem] episode=19782 subproblem_id=FN_FL block_count=51 best_source=agent_sample_40 loss=1.315048 phase1_score=(0.0, 2.249832773, 0.5)
[CHECK][phase1_pair_self_labeling.train] episode=19782 problem_id=EP19782 block_count=93 best_source=NP_NC:agent_sample_7|FN_FL:agent_sample_40 subproblem_count=2 loss=1.245134 learning_score=(0.166666667, 11.487368909, 7.25) phase1_score=(0.166666667, 11.487368909, 7.25)
[CHECK][phase1_pair_self_labeling.train.subproblem] episode=19783 subproblem_id=NP_NC block_count=6 best_source=agent_sample_18 loss=0.922003 phase1_score=(0.25, 81.352227128, 2.25)
[CHECK][phase1_pair_self_labeling.train.subproblem] episode=19783 subproblem_id=FN_FL block_count=11 best_source=agent_sample_5 loss=0.715882 phase1_score=(1.0, 93.507344979, 2.5)
[CHECK][phase1_pair_self_labeling.train] episode=19783 problem_id=EP19783 block_count=17 best_source=NP_NC:agent_sample_18|FN_FL:agent_sample_5 subproblem_count=2 loss=0.818943 learning_score=(1.25, 174.859572107, 4.75) phase1_score=(1.25, 174.859572107, 4.75)
[CHECK][phase1_pair_self_labeling.train.subproblem] episode=19784 subproblem_id=NP_NC block_count=38 best_source=agent_sample_62 loss=1.440862 phase1_score=(0.25, 81.730545021, 7.333333333)
[CHECK][phase1_pair_self_labeling.train.subproblem] episode=19784 subproblem_id=FN_FL block_count=31 best_source=agent_sample_59 loss=0.574570 phase1_score=(1.5, 53.355160359, 3.0)
[CHECK][phase1_pair_self_labeling.train] episode=19784 problem_id=EP19784 block_count=69 best_source=NP_NC:agent_sample_62|FN_FL:agent_sample_59 subproblem_count=2 loss=1.007716 learning_score=(1.75, 135.08570538, 10.333333333) phase1_score=(1.75, 135.08570538, 10.333333333)
[CHECK][phase1_pair_self_labeling.train.subproblem] episode=19785 subproblem_id=NP_NC block_count=49 best_source=agent_sample_26 loss=0.931823 phase1_score=(0.416666667, 25.04852537, 5.5)
[CHECK][phase1_pair_self_labeling.train.subproblem] episode=19785 subproblem_id=FN_FL block_count=56 best_source=agent_sample_11 loss=1.205916 phase1_score=(0.5, 15.762186079, 3.5)
[CHECK][phase1_pair_self_labeling.train] episode=19785 problem_id=EP19785 block_count=105 best_source=NP_NC:agent_sample_26|FN_FL:agent_sample_11 subproblem_count=2 loss=1.068869 learning_score=(0.916666667, 40.810711449, 9.0) phase1_score=(0.916666667, 40.810711449, 9.0)
[CHECK][phase1_pair_self_labeling.train.subproblem] episode=19786 subproblem_id=NP_NC block_count=10 best_source=agent_sample_32 loss=1.196929 phase1_score=(0.333333333, 52.975117964, 5.25)
[CHECK][phase1_pair_self_labeling.train.subproblem] episode=19786 subproblem_id=FN_FL block_count=9 best_source=agent_sample_10 loss=0.625940 phase1_score=(0.5, 17.96565742, 1.5)
[CHECK][phase1_pair_self_labeling.train] episode=19786 problem_id=EP19786 block_count=19 best_source=NP_NC:agent_sample_32|FN_FL:agent_sample_10 subproblem_count=2 loss=0.911435 learning_score=(0.833333333, 70.940775384, 6.75) phase1_score=(0.833333333, 70.940775384, 6.75)
[CHECK][phase1_pair_self_labeling.train.subproblem] episode=19787 subproblem_id=NP_NC block_count=41 best_source=agent_sample_39 loss=0.965705 phase1_score=(0.333333333, 18.528478379, 1.5)
[CHECK][phase1_pair_self_labeling.train.subproblem] episode=19787 subproblem_id=FN_FL block_count=58 best_source=agent_sample_52 loss=1.091973 phase1_score=(0.0, 10.470229937, 1.5)
[CHECK][phase1_pair_self_labeling.train] episode=19787 problem_id=EP19787 block_count=99 best_source=NP_NC:agent_sample_39|FN_FL:agent_sample_52 subproblem_count=2 loss=1.028839 learning_score=(0.333333333, 28.998708315, 3.0) phase1_score=(0.333333333, 28.998708315, 3.0)
[CHECK][phase1_pair_self_labeling.train.subproblem] episode=19788 subproblem_id=NP_NC block_count=45 best_source=agent_sample_29 loss=1.519375 phase1_score=(0.75, 34.103944279, 6.5)
[CHECK][phase1_pair_self_labeling.train.subproblem] episode=19788 subproblem_id=FN_FL block_count=62 best_source=agent_sample_11 loss=1.361941 phase1_score=(0.5, 2.61194231, 4.0)
[CHECK][phase1_pair_self_labeling.train] episode=19788 problem_id=EP19788 block_count=107 best_source=NP_NC:agent_sample_29|FN_FL:agent_sample_11 subproblem_count=2 loss=1.440658 learning_score=(1.25, 36.715886589, 10.5) phase1_score=(1.25, 36.715886589, 10.5)
[CHECK][phase1_pair_self_labeling.train.subproblem] episode=19789 subproblem_id=NP_NC block_count=50 best_source=agent_sample_55 loss=1.561524 phase1_score=(0.333333333, 24.732446713, 3.083333333)
[CHECK][phase1_pair_self_labeling.train.subproblem] episode=19789 subproblem_id=FN_FL block_count=53 best_source=agent_sample_27 loss=1.288429 phase1_score=(0.0, 14.45144653, 1.0)
[CHECK][phase1_pair_self_labeling.train] episode=19789 problem_id=EP19789 block_count=103 best_source=NP_NC:agent_sample_55|FN_FL:agent_sample_27 subproblem_count=2 loss=1.424977 learning_score=(0.333333333, 39.183893243, 4.083333333) phase1_score=(0.333333333, 39.183893243, 4.083333333)
[CHECK][phase1_pair_self_labeling.train.subproblem] episode=19790 subproblem_id=NP_NC block_count=36 best_source=agent_greedy loss=0.905861 phase1_score=(0.25, 14.508424964, 5.333333333)
[CHECK][phase1_pair_self_labeling.train.subproblem] episode=19790 subproblem_id=FN_FL block_count=27 best_source=agent_sample_9 loss=0.463942 phase1_score=(0.0, 35.111651418, 2.0)
[CHECK][phase1_pair_self_labeling.train] episode=19790 problem_id=EP19790 block_count=63 best_source=NP_NC:agent_greedy|FN_FL:agent_sample_9 subproblem_count=2 loss=0.684901 learning_score=(0.25, 49.620076382, 7.333333333) phase1_score=(0.25, 49.620076382, 7.333333333)
[CHECK][phase1_pair_self_labeling.train.subproblem] episode=19791 subproblem_id=NP_NC block_count=41 best_source=agent_sample_20 loss=1.240283 phase1_score=(0.583333333, 33.986728231, 5.0)
[CHECK][phase1_pair_self_labeling.train.subproblem] episode=19791 subproblem_id=FN_FL block_count=53 best_source=agent_sample_57 loss=1.268156 phase1_score=(1.0, 6.249490119, 1.5)
[CHECK][phase1_pair_self_labeling.train] episode=19791 problem_id=EP19791 block_count=94 best_source=NP_NC:agent_sample_20|FN_FL:agent_sample_57 subproblem_count=2 loss=1.254219 learning_score=(1.583333333, 40.23621835, 6.5) phase1_score=(1.583333333, 40.23621835, 6.5)
[CHECK][phase1_pair_self_labeling.train.subproblem] episode=19792 subproblem_id=NP_NC block_count=38 best_source=agent_sample_42 loss=1.038033 phase1_score=(0.25, 17.390665812, 4.166666667)
[CHECK][phase1_pair_self_labeling.train.subproblem] episode=19792 subproblem_id=FN_FL block_count=44 best_source=agent_sample_61 loss=0.959158 phase1_score=(0.5, 20.545746978, 2.5)
[CHECK][phase1_pair_self_labeling.train] episode=19792 problem_id=EP19792 block_count=82 best_source=NP_NC:agent_sample_42|FN_FL:agent_sample_61 subproblem_count=2 loss=0.998596 learning_score=(0.75, 37.93641279, 6.666666667) phase1_score=(0.75, 37.93641279, 6.666666667)
[CHECK][phase1_pair_self_labeling.train.subproblem] episode=19793 subproblem_id=NP_NC block_count=50 best_source=agent_sample_28 loss=0.919748 phase1_score=(0.166666667, 14.273634333, 1.5)
[CHECK][phase1_pair_self_labeling.train.subproblem] episode=19793 subproblem_id=FN_FL block_count=59 best_source=agent_sample_50 loss=1.451755 phase1_score=(0.5, 20.878070281, 1.5)
[CHECK][phase1_pair_self_labeling.train] episode=19793 problem_id=EP19793 block_count=109 best_source=NP_NC:agent_sample_28|FN_FL:agent_sample_50 subproblem_count=2 loss=1.185751 learning_score=(0.666666667, 35.151704614, 3.0) phase1_score=(0.666666667, 35.151704614, 3.0)
[CHECK][phase1_pair_self_labeling.train.subproblem] episode=19794 subproblem_id=NP_NC block_count=35 best_source=agent_sample_21 loss=2.034511 phase1_score=(0.333333333, 297.774751982, 8.416666667)
[CHECK][phase1_pair_self_labeling.train.subproblem] episode=19794 subproblem_id=FN_FL block_count=46 best_source=agent_sample_32 loss=1.030841 phase1_score=(1.0, 8.517079331, 2.5)
[CHECK][phase1_pair_self_labeling.train] episode=19794 problem_id=EP19794 block_count=81 best_source=NP_NC:agent_sample_21|FN_FL:agent_sample_32 subproblem_count=2 loss=1.532676 learning_score=(1.333333333, 306.291831312, 10.916666667) phase1_score=(1.333333333, 306.291831312, 10.916666667)
[CHECK][phase1_pair_self_labeling.train.subproblem] episode=19795 subproblem_id=NP_NC block_count=28 best_source=agent_sample_34 loss=0.999762 phase1_score=(0.75, 32.633531988, 10.25)
[CHECK][phase1_pair_self_labeling.train.subproblem] episode=19795 subproblem_id=FN_FL block_count=38 best_source=agent_sample_27 loss=0.914892 phase1_score=(1.5, 48.597924446, 4.0)
[CHECK][phase1_pair_self_labeling.train] episode=19795 problem_id=EP19795 block_count=66 best_source=NP_NC:agent_sample_34|FN_FL:agent_sample_27 subproblem_count=2 loss=0.957327 learning_score=(2.25, 81.231456435, 14.25) phase1_score=(2.25, 81.231456435, 14.25)
[CHECK][phase1_pair_self_labeling.train.subproblem] episode=19796 subproblem_id=NP_NC block_count=22 best_source=agent_sample_37 loss=1.638078 phase1_score=(0.416666667, 149.466407148, 3.75)
[CHECK][phase1_pair_self_labeling.train.subproblem] episode=19796 subproblem_id=FN_FL block_count=19 best_source=agent_sample_24 loss=0.576337 phase1_score=(4.0, 59.140598397, 1.5)
[CHECK][phase1_pair_self_labeling.train] episode=19796 problem_id=EP19796 block_count=41 best_source=NP_NC:agent_sample_37|FN_FL:agent_sample_24 subproblem_count=2 loss=1.107208 learning_score=(4.416666667, 208.607005545, 5.25) phase1_score=(4.416666667, 208.607005545, 5.25)
[CHECK][phase1_pair_self_labeling.train.subproblem] episode=19797 subproblem_id=NP_NC block_count=16 best_source=agent_sample_50 loss=0.790296 phase1_score=(1.25, 126.731278582, 4.5)
[CHECK][phase1_pair_self_labeling.train.subproblem] episode=19797 subproblem_id=FN_FL block_count=4 best_source=agent_greedy loss=0.326996 phase1_score=(5.5, 181.43684534, 2.5)
[CHECK][phase1_pair_self_labeling.train] episode=19797 problem_id=EP19797 block_count=20 best_source=NP_NC:agent_sample_50|FN_FL:agent_greedy subproblem_count=2 loss=0.558646 learning_score=(6.75, 308.168123922, 7.0) phase1_score=(6.75, 308.168123922, 7.0)
[CHECK][phase1_pair_self_labeling.train.subproblem] episode=19798 subproblem_id=NP_NC block_count=30 best_source=agent_sample_14 loss=0.535997 phase1_score=(0.416666667, 21.575696159, 1.75)
[CHECK][phase1_pair_self_labeling.train.subproblem] episode=19798 subproblem_id=FN_FL block_count=44 best_source=agent_sample_51 loss=0.788109 phase1_score=(1.0, 11.031432928, 1.0)
[CHECK][phase1_pair_self_labeling.train] episode=19798 problem_id=EP19798 block_count=74 best_source=NP_NC:agent_sample_14|FN_FL:agent_sample_51 subproblem_count=2 loss=0.662053 learning_score=(1.416666667, 32.607129087, 2.75) phase1_score=(1.416666667, 32.607129087, 2.75)
[CHECK][phase1_pair_self_labeling.train.subproblem] episode=19799 subproblem_id=NP_NC block_count=41 best_source=agent_sample_59 loss=1.501099 phase1_score=(0.25, 15.372751268, 9.0)
[CHECK][phase1_pair_self_labeling.train.subproblem] episode=19799 subproblem_id=FN_FL block_count=50 best_source=agent_sample_64 loss=1.112624 phase1_score=(0.0, 11.707147676, 2.0)
[CHECK][phase1_pair_self_labeling.train] episode=19799 problem_id=EP19799 block_count=91 best_source=NP_NC:agent_sample_59|FN_FL:agent_sample_64 subproblem_count=2 loss=1.306861 learning_score=(0.25, 27.079898944, 11.0) phase1_score=(0.25, 27.079898944, 11.0)
[CHECK][phase1_pair_self_labeling.train.subproblem] episode=19800 subproblem_id=NP_NC block_count=24 best_source=agent_sample_41 loss=0.768315 phase1_score=(0.25, 35.656480433, 3.083333333)
[CHECK][phase1_pair_self_labeling.train.subproblem] episode=19800 subproblem_id=FN_FL block_count=35 best_source=agent_sample_46 loss=0.583637 phase1_score=(1.0, 2.924407555, 2.0)
[CHECK][phase1_pair_self_labeling.train] episode=19800 problem_id=EP19800 block_count=59 best_source=NP_NC:agent_sample_41|FN_FL:agent_sample_46 subproblem_count=2 loss=0.675976 learning_score=(1.25, 38.580887988, 5.083333333) phase1_score=(1.25, 38.580887988, 5.083333333)
[VALIDATION][phase1_pair_self_labeling.validate] episode=19800 validation_episodes=20 agent_best_rate=0.905983 checkpoint_score=(0.480769230752, 33.839477525017, 2.643162393162) best_checkpoint_saved=False
[CHECK][phase1_pair_self_labeling.train.subproblem] episode=19801 subproblem_id=NP_NC block_count=21 best_source=agent_sample_2 loss=1.547090 phase1_score=(0.416666667, 232.244899294, 6.916666667)
[CHECK][phase1_pair_self_labeling.train.subproblem] episode=19801 subproblem_id=FN_FL block_count=19 best_source=bevel_first_balanced loss=16.739761 phase1_score=(1.0, 35.918445381, 4.5)
[CHECK][phase1_pair_self_labeling.train] episode=19801 problem_id=EP19801 block_count=40 best_source=NP_NC:agent_sample_2|FN_FL:bevel_first_balanced subproblem_count=2 loss=9.143426 learning_score=(1.416666667, 268.163344676, 11.416666667) phase1_score=(1.416666667, 268.163344676, 11.416666667)
[CHECK][phase1_pair_self_labeling.train.subproblem] episode=19802 subproblem_id=NP_NC block_count=7 best_source=wo_first_balanced loss=0.925419 phase1_score=(0.083333333, 290.946659055, 7.166666667)
[CHECK][phase1_pair_self_labeling.train.subproblem] episode=19802 subproblem_id=FN_FL block_count=9 best_source=agent_greedy loss=0.107010 phase1_score=(0.5, 90.432640837, 2.0)
[CHECK][phase1_pair_self_labeling.train] episode=19802 problem_id=EP19802 block_count=16 best_source=NP_NC:wo_first_balanced|FN_FL:agent_greedy subproblem_count=2 loss=0.516215 learning_score=(0.583333333, 381.379299892, 9.166666667) phase1_score=(0.583333333, 381.379299892, 9.166666667)
[CHECK][phase1_pair_self_labeling.train.subproblem] episode=19803 subproblem_id=NP_NC block_count=20 best_source=agent_sample_58 loss=0.866828 phase1_score=(2.25, 114.273181574, 3.583333333)
[CHECK][phase1_pair_self_labeling.train.subproblem] episode=19803 subproblem_id=FN_FL block_count=30 best_source=agent_sample_19 loss=0.684887 phase1_score=(0.5, 6.94592071, 3.5)
[CHECK][phase1_pair_self_labeling.train] episode=19803 problem_id=EP19803 block_count=50 best_source=NP_NC:agent_sample_58|FN_FL:agent_sample_19 subproblem_count=2 loss=0.775858 learning_score=(2.75, 121.219102284, 7.083333333) phase1_score=(2.75, 121.219102284, 7.083333333)
[CHECK][phase1_pair_self_labeling.train.subproblem] episode=19804 subproblem_id=NP_NC block_count=29 best_source=agent_sample_14 loss=0.874133 phase1_score=(0.75, 31.97808654, 11.333333333)
[CHECK][phase1_pair_self_labeling.train.subproblem] episode=19804 subproblem_id=FN_FL block_count=24 best_source=agent_sample_33 loss=0.485298 phase1_score=(0.5, 59.569110278, 2.5)
[CHECK][phase1_pair_self_labeling.train] episode=19804 problem_id=EP19804 block_count=53 best_source=NP_NC:agent_sample_14|FN_FL:agent_sample_33 subproblem_count=2 loss=0.679716 learning_score=(1.25, 91.547196817, 13.833333333) phase1_score=(1.25, 91.547196817, 13.833333333)
[CHECK][phase1_pair_self_labeling.train.subproblem] episode=19805 subproblem_id=NP_NC block_count=51 best_source=agent_sample_16 loss=1.384680 phase1_score=(0.75, 17.153018978, 4.0)
[CHECK][phase1_pair_self_labeling.train.subproblem] episode=19805 subproblem_id=FN_FL block_count=50 best_source=agent_sample_60 loss=1.244212 phase1_score=(0.0, 1.457045537, 1.0)
[CHECK][phase1_pair_self_labeling.train] episode=19805 problem_id=EP19805 block_count=101 best_source=NP_NC:agent_sample_16|FN_FL:agent_sample_60 subproblem_count=2 loss=1.314446 learning_score=(0.75, 18.610064515, 5.0) phase1_score=(0.75, 18.610064515, 5.0)
[CHECK][phase1_pair_self_labeling.train.subproblem] episode=19806 subproblem_id=NP_NC block_count=6 best_source=agent_sample_2 loss=0.438705 phase1_score=(0.583333333, 26.671050276, 2.75)
[CHECK][phase1_pair_self_labeling.train.subproblem] episode=19806 subproblem_id=FN_FL block_count=13 best_source=agent_sample_5 loss=0.710469 phase1_score=(1.5, 55.2678137, 1.5)
[CHECK][phase1_pair_self_labeling.train] episode=19806 problem_id=EP19806 block_count=19 best_source=NP_NC:agent_sample_2|FN_FL:agent_sample_5 subproblem_count=2 loss=0.574587 learning_score=(2.083333333, 81.938863976, 4.25) phase1_score=(2.083333333, 81.938863976, 4.25)
[CHECK][phase1_pair_self_labeling.train.subproblem] episode=19807 subproblem_id=NP_NC block_count=34 best_source=agent_sample_57 loss=1.093091 phase1_score=(0.5, 58.697720419, 5.75)
[CHECK][phase1_pair_self_labeling.train.subproblem] episode=19807 subproblem_id=FN_FL block_count=40 best_source=agent_sample_12 loss=0.914593 phase1_score=(0.0, 4.147277798, 2.0)
[CHECK][phase1_pair_self_labeling.train] episode=19807 problem_id=EP19807 block_count=74 best_source=NP_NC:agent_sample_57|FN_FL:agent_sample_12 subproblem_count=2 loss=1.003842 learning_score=(0.5, 62.844998217, 7.75) phase1_score=(0.5, 62.844998217, 7.75)
[CHECK][phase1_pair_self_labeling.train.subproblem] episode=19808 subproblem_id=NP_NC block_count=38 best_source=agent_sample_32 loss=1.629835 phase1_score=(0.416666667, 23.426833632, 8.25)
[CHECK][phase1_pair_self_labeling.train.subproblem] episode=19808 subproblem_id=FN_FL block_count=32 best_source=agent_sample_6 loss=0.582411 phase1_score=(0.5, 18.240544151, 4.0)
[CHECK][phase1_pair_self_labeling.train] episode=19808 problem_id=EP19808 block_count=70 best_source=NP_NC:agent_sample_32|FN_FL:agent_sample_6 subproblem_count=2 loss=1.106123 learning_score=(0.916666667, 41.667377783, 12.25) phase1_score=(0.916666667, 41.667377783, 12.25)
[CHECK][phase1_pair_self_labeling.train.subproblem] episode=19809 subproblem_id=NP_NC block_count=27 best_source=agent_sample_39 loss=1.577183 phase1_score=(1.833333333, 103.252007654, 7.75)
[CHECK][phase1_pair_self_labeling.train.subproblem] episode=19809 subproblem_id=FN_FL block_count=56 best_source=agent_sample_4 loss=1.607651 phase1_score=(1.0, 9.089927719, 3.0)
[CHECK][phase1_pair_self_labeling.train] episode=19809 problem_id=EP19809 block_count=83 best_source=NP_NC:agent_sample_39|FN_FL:agent_sample_4 subproblem_count=2 loss=1.592417 learning_score=(2.833333333, 112.341935373, 10.75) phase1_score=(2.833333333, 112.341935373, 10.75)
[CHECK][phase1_pair_self_labeling.train.subproblem] episode=19810 subproblem_id=NP_NC block_count=18 best_source=agent_sample_35 loss=1.924117 phase1_score=(1.0, 233.095102741, 5.333333333)
[CHECK][phase1_pair_self_labeling.train.subproblem] episode=19810 subproblem_id=FN_FL block_count=15 best_source=agent_greedy loss=0.303913 phase1_score=(0.5, 10.92092008, 4.5)
[CHECK][phase1_pair_self_labeling.train] episode=19810 problem_id=EP19810 block_count=33 best_source=NP_NC:agent_sample_35|FN_FL:agent_greedy subproblem_count=2 loss=1.114015 learning_score=(1.5, 244.016022821, 9.833333333) phase1_score=(1.5, 244.016022821, 9.833333333)
[CHECK][phase1_pair_self_labeling.train.subproblem] episode=19811 subproblem_id=NP_NC block_count=26 best_source=agent_sample_40 loss=2.399831 phase1_score=(0.416666667, 204.214496603, 12.166666667)
[CHECK][phase1_pair_self_labeling.train.subproblem] episode=19811 subproblem_id=FN_FL block_count=34 best_source=agent_sample_16 loss=1.049846 phase1_score=(1.0, 78.889837914, 4.0)
[CHECK][phase1_pair_self_labeling.train] episode=19811 problem_id=EP19811 block_count=60 best_source=NP_NC:agent_sample_40|FN_FL:agent_sample_16 subproblem_count=2 loss=1.724839 learning_score=(1.416666667, 283.104334517, 16.166666667) phase1_score=(1.416666667, 283.104334517, 16.166666667)
[CHECK][phase1_pair_self_labeling.train.subproblem] episode=19812 subproblem_id=NP_NC block_count=43 best_source=agent_sample_41 loss=1.405062 phase1_score=(0.333333333, 9.267677047, 3.916666667)
[CHECK][phase1_pair_self_labeling.train.subproblem] episode=19812 subproblem_id=FN_FL block_count=47 best_source=agent_sample_29 loss=1.277557 phase1_score=(0.5, 4.291934474, 3.0)
[CHECK][phase1_pair_self_labeling.train] episode=19812 problem_id=EP19812 block_count=90 best_source=NP_NC:agent_sample_41|FN_FL:agent_sample_29 subproblem_count=2 loss=1.341309 learning_score=(0.833333333, 13.559611521, 6.916666667) phase1_score=(0.833333333, 13.559611521, 6.916666667)
[CHECK][phase1_pair_self_labeling.train.subproblem] episode=19813 subproblem_id=NP_NC block_count=20 best_source=agent_greedy loss=1.496734 phase1_score=(0.75, 139.807262835, 4.083333333)
[CHECK][phase1_pair_self_labeling.train.subproblem] episode=19813 subproblem_id=FN_FL block_count=19 best_source=agent_sample_58 loss=0.641269 phase1_score=(0.5, 58.640526391, 1.5)
[CHECK][phase1_pair_self_labeling.train] episode=19813 problem_id=EP19813 block_count=39 best_source=NP_NC:agent_greedy|FN_FL:agent_sample_58 subproblem_count=2 loss=1.069002 learning_score=(1.25, 198.447789225, 5.583333333) phase1_score=(1.25, 198.447789225, 5.583333333)
[CHECK][phase1_pair_self_labeling.train.subproblem] episode=19814 subproblem_id=NP_NC block_count=23 best_source=agent_greedy loss=1.872797 phase1_score=(2.75, 361.862966766, 7.166666667)
[CHECK][phase1_pair_self_labeling.train.subproblem] episode=19814 subproblem_id=FN_FL block_count=29 best_source=agent_sample_17 loss=0.699462 phase1_score=(0.5, 7.065285171, 3.5)
[CHECK][phase1_pair_self_labeling.train] episode=19814 problem_id=EP19814 block_count=52 best_source=NP_NC:agent_greedy|FN_FL:agent_sample_17 subproblem_count=2 loss=1.286130 learning_score=(3.25, 368.928251936, 10.666666667) phase1_score=(3.25, 368.928251936, 10.666666667)
[CHECK][phase1_pair_self_labeling.train.subproblem] episode=19815 subproblem_id=NP_NC block_count=42 best_source=agent_sample_15 loss=2.570550 phase1_score=(0.5, 297.964107712, 7.666666667)
[CHECK][phase1_pair_self_labeling.train.subproblem] episode=19815 subproblem_id=FN_FL block_count=62 best_source=agent_sample_26 loss=1.398566 phase1_score=(0.5, 11.827785805, 2.0)
[CHECK][phase1_pair_self_labeling.train] episode=19815 problem_id=EP19815 block_count=104 best_source=NP_NC:agent_sample_15|FN_FL:agent_sample_26 subproblem_count=2 loss=1.984558 learning_score=(1.0, 309.791893517, 9.666666667) phase1_score=(1.0, 309.791893517, 9.666666667)
[CHECK][phase1_pair_self_labeling.train.subproblem] episode=19816 subproblem_id=NP_NC block_count=40 best_source=agent_sample_62 loss=1.027629 phase1_score=(0.5, 13.867412176, 4.5)
[CHECK][phase1_pair_self_labeling.train.subproblem] episode=19816 subproblem_id=FN_FL block_count=49 best_source=agent_sample_30 loss=1.166178 phase1_score=(0.5, 14.769125122, 3.0)
[CHECK][phase1_pair_self_labeling.train] episode=19816 problem_id=EP19816 block_count=89 best_source=NP_NC:agent_sample_62|FN_FL:agent_sample_30 subproblem_count=2 loss=1.096903 learning_score=(1.0, 28.636537298, 7.5) phase1_score=(1.0, 28.636537298, 7.5)
[CHECK][phase1_pair_self_labeling.train.subproblem] episode=19817 subproblem_id=NP_NC block_count=25 best_source=agent_sample_47 loss=0.994929 phase1_score=(0.416666667, 50.271439043, 4.0)
[CHECK][phase1_pair_self_labeling.train.subproblem] episode=19817 subproblem_id=FN_FL block_count=24 best_source=agent_sample_36 loss=0.518793 phase1_score=(0.5, 29.127987437, 1.0)
[CHECK][phase1_pair_self_labeling.train] episode=19817 problem_id=EP19817 block_count=49 best_source=NP_NC:agent_sample_47|FN_FL:agent_sample_36 subproblem_count=2 loss=0.756861 learning_score=(0.916666667, 79.399426479, 5.0) phase1_score=(0.916666667, 79.399426479, 5.0)
[CHECK][phase1_pair_self_labeling.train.subproblem] episode=19818 subproblem_id=NP_NC block_count=9 best_source=agent_sample_59 loss=0.938542 phase1_score=(0.75, 51.589594184, 5.583333333)
[CHECK][phase1_pair_self_labeling.train.subproblem] episode=19818 subproblem_id=FN_FL block_count=6 best_source=agent_sample_9 loss=0.547555 phase1_score=(2.5, 59.480117675, 0.0)
[CHECK][phase1_pair_self_labeling.train] episode=19818 problem_id=EP19818 block_count=15 best_source=NP_NC:agent_sample_59|FN_FL:agent_sample_9 subproblem_count=2 loss=0.743048 learning_score=(3.25, 111.069711859, 5.583333333) phase1_score=(3.25, 111.069711859, 5.583333333)
[CHECK][phase1_pair_self_labeling.train.subproblem] episode=19819 subproblem_id=NP_NC block_count=39 best_source=agent_sample_2 loss=0.928609 phase1_score=(0.416666667, 38.70816612, 1.5)
[CHECK][phase1_pair_self_labeling.train.subproblem] episode=19819 subproblem_id=FN_FL block_count=63 best_source=agent_sample_57 loss=1.546496 phase1_score=(1.0, 8.218984373, 0.5)
[CHECK][phase1_pair_self_labeling.train] episode=19819 problem_id=EP19819 block_count=102 best_source=NP_NC:agent_sample_2|FN_FL:agent_sample_57 subproblem_count=2 loss=1.237552 learning_score=(1.416666667, 46.927150493, 2.0) phase1_score=(1.416666667, 46.927150493, 2.0)
[CHECK][phase1_pair_self_labeling.train.subproblem] episode=19820 subproblem_id=NP_NC block_count=45 best_source=agent_sample_31 loss=1.592572 phase1_score=(0.5, 28.46528457, 2.25)
[CHECK][phase1_pair_self_labeling.train.subproblem] episode=19820 subproblem_id=FN_FL block_count=59 best_source=agent_sample_57 loss=1.572900 phase1_score=(0.5, 2.231351272, 4.5)
[CHECK][phase1_pair_self_labeling.train] episode=19820 problem_id=EP19820 block_count=104 best_source=NP_NC:agent_sample_31|FN_FL:agent_sample_57 subproblem_count=2 loss=1.582736 learning_score=(1.0, 30.696635842, 6.75) phase1_score=(1.0, 30.696635842, 6.75)
[CHECK][phase1_pair_self_labeling.train.subproblem] episode=19821 subproblem_id=NP_NC block_count=33 best_source=agent_sample_22 loss=1.067110 phase1_score=(0.083333333, 35.411815324, 3.75)
[CHECK][phase1_pair_self_labeling.train.subproblem] episode=19821 subproblem_id=FN_FL block_count=37 best_source=agent_sample_17 loss=0.828497 phase1_score=(1.0, 13.200561222, 0.5)
[CHECK][phase1_pair_self_labeling.train] episode=19821 problem_id=EP19821 block_count=70 best_source=NP_NC:agent_sample_22|FN_FL:agent_sample_17 subproblem_count=2 loss=0.947803 learning_score=(1.083333333, 48.612376547, 4.25) phase1_score=(1.083333333, 48.612376547, 4.25)
[CHECK][phase1_pair_self_labeling.train.subproblem] episode=19822 subproblem_id=NP_NC block_count=20 best_source=agent_sample_29 loss=0.505032 phase1_score=(0.416666667, 13.135982967, 3.666666667)
[CHECK][phase1_pair_self_labeling.train.subproblem] episode=19822 subproblem_id=FN_FL block_count=17 best_source=agent_sample_20 loss=0.578189 phase1_score=(1.0, 10.328784251, 0.5)
[CHECK][phase1_pair_self_labeling.train] episode=19822 problem_id=EP19822 block_count=37 best_source=NP_NC:agent_sample_29|FN_FL:agent_sample_20 subproblem_count=2 loss=0.541610 learning_score=(1.416666667, 23.464767218, 4.166666667) phase1_score=(1.416666667, 23.464767218, 4.166666667)
[CHECK][phase1_pair_self_labeling.train.subproblem] episode=19823 subproblem_id=NP_NC block_count=46 best_source=agent_sample_4 loss=1.134742 phase1_score=(0.416666667, 38.206539695, 3.166666667)
[CHECK][phase1_pair_self_labeling.train.subproblem] episode=19823 subproblem_id=FN_FL block_count=48 best_source=agent_sample_64 loss=1.364946 phase1_score=(0.5, 27.993110782, 1.0)
[CHECK][phase1_pair_self_labeling.train] episode=19823 problem_id=EP19823 block_count=94 best_source=NP_NC:agent_sample_4|FN_FL:agent_sample_64 subproblem_count=2 loss=1.249844 learning_score=(0.916666667, 66.199650478, 4.166666667) phase1_score=(0.916666667, 66.199650478, 4.166666667)
[CHECK][phase1_pair_self_labeling.train.subproblem] episode=19824 subproblem_id=NP_NC block_count=25 best_source=agent_sample_45 loss=1.009982 phase1_score=(0.5, 23.921913496, 6.5)
[CHECK][phase1_pair_self_labeling.train.subproblem] episode=19824 subproblem_id=FN_FL block_count=41 best_source=agent_sample_49 loss=0.966169 phase1_score=(0.5, 7.076786503, 2.5)
[CHECK][phase1_pair_self_labeling.train] episode=19824 problem_id=EP19824 block_count=66 best_source=NP_NC:agent_sample_45|FN_FL:agent_sample_49 subproblem_count=2 loss=0.988076 learning_score=(1.0, 30.998699999, 9.0) phase1_score=(1.0, 30.998699999, 9.0)
[CHECK][phase1_pair_self_labeling.train.subproblem] episode=19825 subproblem_id=NP_NC block_count=31 best_source=agent_sample_41 loss=0.821344 phase1_score=(1.0, 31.885825542, 2.333333333)
[CHECK][phase1_pair_self_labeling.train.subproblem] episode=19825 subproblem_id=FN_FL block_count=37 best_source=agent_sample_53 loss=0.715231 phase1_score=(0.5, 38.988295348, 1.5)
[CHECK][phase1_pair_self_labeling.train] episode=19825 problem_id=EP19825 block_count=68 best_source=NP_NC:agent_sample_41|FN_FL:agent_sample_53 subproblem_count=2 loss=0.768287 learning_score=(1.5, 70.874120891, 3.833333333) phase1_score=(1.5, 70.874120891, 3.833333333)
[CHECK][phase1_pair_self_labeling.train.subproblem] episode=19826 subproblem_id=NP_NC block_count=16 best_source=agent_sample_10 loss=0.727197 phase1_score=(0.833333333, 54.853778566, 2.75)
[CHECK][phase1_pair_self_labeling.train.subproblem] episode=19826 subproblem_id=FN_FL block_count=31 best_source=agent_sample_26 loss=0.671230 phase1_score=(0.0, 14.589930591, 2.0)
[CHECK][phase1_pair_self_labeling.train] episode=19826 problem_id=EP19826 block_count=47 best_source=NP_NC:agent_sample_10|FN_FL:agent_sample_26 subproblem_count=2 loss=0.699214 learning_score=(0.833333333, 69.443709157, 4.75) phase1_score=(0.833333333, 69.443709157, 4.75)
[CHECK][phase1_pair_self_labeling.train.subproblem] episode=19827 subproblem_id=NP_NC block_count=18 best_source=cut_first_balanced loss=2.972576 phase1_score=(1.0, 146.829062115, 8.25)
[CHECK][phase1_pair_self_labeling.train.subproblem] episode=19827 subproblem_id=FN_FL block_count=19 best_source=agent_sample_20 loss=0.760660 phase1_score=(0.5, 51.401225536, 5.5)
[CHECK][phase1_pair_self_labeling.train] episode=19827 problem_id=EP19827 block_count=37 best_source=NP_NC:cut_first_balanced|FN_FL:agent_sample_20 subproblem_count=2 loss=1.866618 learning_score=(1.5, 198.23028765, 13.75) phase1_score=(1.5, 198.23028765, 13.75)
[CHECK][phase1_pair_self_labeling.train.subproblem] episode=19828 subproblem_id=NP_NC block_count=20 best_source=agent_sample_17 loss=0.963442 phase1_score=(0.25, 20.688954646, 3.166666667)
[CHECK][phase1_pair_self_labeling.train.subproblem] episode=19828 subproblem_id=FN_FL block_count=25 best_source=agent_sample_45 loss=0.678883 phase1_score=(0.5, 24.165050894, 3.0)
[CHECK][phase1_pair_self_labeling.train] episode=19828 problem_id=EP19828 block_count=45 best_source=NP_NC:agent_sample_17|FN_FL:agent_sample_45 subproblem_count=2 loss=0.821163 learning_score=(0.75, 44.854005541, 6.166666667) phase1_score=(0.75, 44.854005541, 6.166666667)
[CHECK][phase1_pair_self_labeling.train.subproblem] episode=19829 subproblem_id=NP_NC block_count=12 best_source=agent_sample_58 loss=0.845723 phase1_score=(0.833333333, 127.672647425, 2.833333333)
[CHECK][phase1_pair_self_labeling.train.subproblem] episode=19829 subproblem_id=FN_FL block_count=15 best_source=agent_greedy loss=0.280424 phase1_score=(2.0, 121.734871156, 1.5)
[CHECK][phase1_pair_self_labeling.train] episode=19829 problem_id=EP19829 block_count=27 best_source=NP_NC:agent_sample_58|FN_FL:agent_greedy subproblem_count=2 loss=0.563073 learning_score=(2.833333333, 249.407518581, 4.333333333) phase1_score=(2.833333333, 249.407518581, 4.333333333)
[CHECK][phase1_pair_self_labeling.train.subproblem] episode=19830 subproblem_id=NP_NC block_count=17 best_source=agent_sample_39 loss=1.561646 phase1_score=(4.25, 399.460094441, 12.916666667)
[CHECK][phase1_pair_self_labeling.train.subproblem] episode=19830 subproblem_id=FN_FL block_count=17 best_source=agent_sample_2 loss=0.403894 phase1_score=(0.0, 40.471576143, 3.0)
[CHECK][phase1_pair_self_labeling.train] episode=19830 problem_id=EP19830 block_count=34 best_source=NP_NC:agent_sample_39|FN_FL:agent_sample_2 subproblem_count=2 loss=0.982770 learning_score=(4.25, 439.931670584, 15.916666667) phase1_score=(4.25, 439.931670584, 15.916666667)
[CHECK][phase1_pair_self_labeling.train.subproblem] episode=19831 subproblem_id=NP_NC block_count=18 best_source=agent_sample_32 loss=1.645119 phase1_score=(3.0, 756.864480856, 10.666666667)
[CHECK][phase1_pair_self_labeling.train.subproblem] episode=19831 subproblem_id=FN_FL block_count=30 best_source=agent_sample_39 loss=0.670957 phase1_score=(2.5, 21.582570241, 3.5)
[CHECK][phase1_pair_self_labeling.train] episode=19831 problem_id=EP19831 block_count=48 best_source=NP_NC:agent_sample_32|FN_FL:agent_sample_39 subproblem_count=2 loss=1.158038 learning_score=(5.5, 778.447051097, 14.166666667) phase1_score=(5.5, 778.447051097, 14.166666667)
[CHECK][phase1_pair_self_labeling.train.subproblem] episode=19832 subproblem_id=NP_NC block_count=25 best_source=agent_sample_44 loss=0.850539 phase1_score=(1.0, 31.11698638, 1.75)
[CHECK][phase1_pair_self_labeling.train.subproblem] episode=19832 subproblem_id=FN_FL block_count=35 best_source=agent_sample_48 loss=0.693573 phase1_score=(1.0, 29.277805483, 2.0)
[CHECK][phase1_pair_self_labeling.train] episode=19832 problem_id=EP19832 block_count=60 best_source=NP_NC:agent_sample_44|FN_FL:agent_sample_48 subproblem_count=2 loss=0.772056 learning_score=(2.0, 60.394791863, 3.75) phase1_score=(2.0, 60.394791863, 3.75)
[CHECK][phase1_pair_self_labeling.train.subproblem] episode=19833 subproblem_id=NP_NC block_count=25 best_source=agent_sample_31 loss=0.615658 phase1_score=(0.333333333, 28.022150488, 3.5)
[CHECK][phase1_pair_self_labeling.train.subproblem] episode=19833 subproblem_id=FN_FL block_count=33 best_source=agent_sample_51 loss=0.775746 phase1_score=(0.5, 13.54865681, 2.0)
[CHECK][phase1_pair_self_labeling.train] episode=19833 problem_id=EP19833 block_count=58 best_source=NP_NC:agent_sample_31|FN_FL:agent_sample_51 subproblem_count=2 loss=0.695702 learning_score=(0.833333333, 41.570807297, 5.5) phase1_score=(0.833333333, 41.570807297, 5.5)
[CHECK][phase1_pair_self_labeling.train.subproblem] episode=19834 subproblem_id=NP_NC block_count=32 best_source=agent_sample_40 loss=0.851741 phase1_score=(0.083333333, 57.020223629, 4.5)
[CHECK][phase1_pair_self_labeling.train.subproblem] episode=19834 subproblem_id=FN_FL block_count=28 best_source=bevel_first_balanced loss=14.525455 phase1_score=(0.5, 23.073028902, 3.0)
[CHECK][phase1_pair_self_labeling.train] episode=19834 problem_id=EP19834 block_count=60 best_source=NP_NC:agent_sample_40|FN_FL:bevel_first_balanced subproblem_count=2 loss=7.688598 learning_score=(0.583333333, 80.093252531, 7.5) phase1_score=(0.583333333, 80.093252531, 7.5)
[CHECK][phase1_pair_self_labeling.train.subproblem] episode=19835 subproblem_id=NP_NC block_count=19 best_source=agent_sample_59 loss=0.696631 phase1_score=(0.583333333, 33.831108891, 6.333333333)
[CHECK][phase1_pair_self_labeling.train.subproblem] episode=19835 subproblem_id=FN_FL block_count=29 best_source=agent_sample_6 loss=0.637569 phase1_score=(0.5, 0.492040585, 3.5)
[CHECK][phase1_pair_self_labeling.train] episode=19835 problem_id=EP19835 block_count=48 best_source=NP_NC:agent_sample_59|FN_FL:agent_sample_6 subproblem_count=2 loss=0.667100 learning_score=(1.083333333, 34.323149476, 9.833333333) phase1_score=(1.083333333, 34.323149476, 9.833333333)
[CHECK][phase1_pair_self_labeling.train.subproblem] episode=19836 subproblem_id=NP_NC block_count=42 best_source=agent_sample_48 loss=0.770104 phase1_score=(0.25, 30.195944406, 3.916666667)
[CHECK][phase1_pair_self_labeling.train.subproblem] episode=19836 subproblem_id=FN_FL block_count=44 best_source=agent_sample_10 loss=1.069459 phase1_score=(0.5, 11.282801899, 2.0)
[CHECK][phase1_pair_self_labeling.train] episode=19836 problem_id=EP19836 block_count=86 best_source=NP_NC:agent_sample_48|FN_FL:agent_sample_10 subproblem_count=2 loss=0.919781 learning_score=(0.75, 41.478746305, 5.916666667) phase1_score=(0.75, 41.478746305, 5.916666667)
[CHECK][phase1_pair_self_labeling.train.subproblem] episode=19837 subproblem_id=NP_NC block_count=30 best_source=agent_sample_49 loss=2.017782 phase1_score=(0.416666667, 245.59613233, 4.333333333)
[CHECK][phase1_pair_self_labeling.train.subproblem] episode=19837 subproblem_id=FN_FL block_count=27 best_source=agent_sample_13 loss=0.560257 phase1_score=(0.5, 8.609785574, 0.5)
[CHECK][phase1_pair_self_labeling.train] episode=19837 problem_id=EP19837 block_count=57 best_source=NP_NC:agent_sample_49|FN_FL:agent_sample_13 subproblem_count=2 loss=1.289019 learning_score=(0.916666667, 254.205917905, 4.833333333) phase1_score=(0.916666667, 254.205917905, 4.833333333)
[CHECK][phase1_pair_self_labeling.train.subproblem] episode=19838 subproblem_id=NP_NC block_count=8 best_source=agent_sample_62 loss=0.831951 phase1_score=(0.75, 181.109273205, 10.083333333)
[CHECK][phase1_pair_self_labeling.train.subproblem] episode=19838 subproblem_id=FN_FL block_count=15 best_source=agent_sample_18 loss=0.305901 phase1_score=(0.5, 17.826757842, 1.0)
[CHECK][phase1_pair_self_labeling.train] episode=19838 problem_id=EP19838 block_count=23 best_source=NP_NC:agent_sample_62|FN_FL:agent_sample_18 subproblem_count=2 loss=0.568926 learning_score=(1.25, 198.936031048, 11.083333333) phase1_score=(1.25, 198.936031048, 11.083333333)
[CHECK][phase1_pair_self_labeling.train.subproblem] episode=19839 subproblem_id=NP_NC block_count=20 best_source=agent_sample_39 loss=0.807301 phase1_score=(0.083333333, 28.840602098, 2.666666667)
[CHECK][phase1_pair_self_labeling.train.subproblem] episode=19839 subproblem_id=FN_FL block_count=31 best_source=agent_sample_46 loss=0.801040 phase1_score=(0.5, 23.589479106, 1.0)
[CHECK][phase1_pair_self_labeling.train] episode=19839 problem_id=EP19839 block_count=51 best_source=NP_NC:agent_sample_39|FN_FL:agent_sample_46 subproblem_count=2 loss=0.804170 learning_score=(0.583333333, 52.430081205, 3.666666667) phase1_score=(0.583333333, 52.430081205, 3.666666667)
[CHECK][phase1_pair_self_labeling.train.subproblem] episode=19840 subproblem_id=NP_NC block_count=36 best_source=agent_sample_16 loss=1.028356 phase1_score=(0.416666667, 48.64394909, 6.5)
[CHECK][phase1_pair_self_labeling.train.subproblem] episode=19840 subproblem_id=FN_FL block_count=38 best_source=agent_sample_33 loss=0.906289 phase1_score=(1.0, 9.562284818, 3.5)
[CHECK][phase1_pair_self_labeling.train] episode=19840 problem_id=EP19840 block_count=74 best_source=NP_NC:agent_sample_16|FN_FL:agent_sample_33 subproblem_count=2 loss=0.967322 learning_score=(1.416666667, 58.206233908, 10.0) phase1_score=(1.416666667, 58.206233908, 10.0)
[CHECK][phase1_pair_self_labeling.train.subproblem] episode=19841 subproblem_id=NP_NC block_count=45 best_source=agent_sample_52 loss=1.771320 phase1_score=(0.25, 31.035583127, 3.416666667)
[CHECK][phase1_pair_self_labeling.train.subproblem] episode=19841 subproblem_id=FN_FL block_count=49 best_source=agent_sample_63 loss=1.268920 phase1_score=(1.0, 7.429822674, 2.5)
[CHECK][phase1_pair_self_labeling.train] episode=19841 problem_id=EP19841 block_count=94 best_source=NP_NC:agent_sample_52|FN_FL:agent_sample_63 subproblem_count=2 loss=1.520120 learning_score=(1.25, 38.465405801, 5.916666667) phase1_score=(1.25, 38.465405801, 5.916666667)
[CHECK][phase1_pair_self_labeling.train.subproblem] episode=19842 subproblem_id=NP_NC block_count=52 best_source=agent_sample_33 loss=1.372266 phase1_score=(0.5, 8.978083128, 3.166666667)
[CHECK][phase1_pair_self_labeling.train.subproblem] episode=19842 subproblem_id=FN_FL block_count=43 best_source=agent_greedy loss=0.793132 phase1_score=(0.5, 50.263287738, 2.0)
[CHECK][phase1_pair_self_labeling.train] episode=19842 problem_id=EP19842 block_count=95 best_source=NP_NC:agent_sample_33|FN_FL:agent_greedy subproblem_count=2 loss=1.082699 learning_score=(1.0, 59.241370866, 5.166666667) phase1_score=(1.0, 59.241370866, 5.166666667)
[CHECK][phase1_pair_self_labeling.train.subproblem] episode=19843 subproblem_id=NP_NC block_count=7 best_source=agent_sample_30 loss=1.515633 phase1_score=(1.25, 85.360136027, 3.083333333)
[CHECK][phase1_pair_self_labeling.train.subproblem] episode=19843 subproblem_id=FN_FL block_count=15 best_source=agent_sample_24 loss=0.314079 phase1_score=(1.0, 58.45033358, 1.5)
[CHECK][phase1_pair_self_labeling.train] episode=19843 problem_id=EP19843 block_count=22 best_source=NP_NC:agent_sample_30|FN_FL:agent_sample_24 subproblem_count=2 loss=0.914856 learning_score=(2.25, 143.810469607, 4.583333333) phase1_score=(2.25, 143.810469607, 4.583333333)
[CHECK][phase1_pair_self_labeling.train.subproblem] episode=19844 subproblem_id=NP_NC block_count=31 best_source=agent_sample_28 loss=0.826355 phase1_score=(0.416666667, 27.32733996, 4.0)
[CHECK][phase1_pair_self_labeling.train.subproblem] episode=19844 subproblem_id=FN_FL block_count=51 best_source=agent_sample_63 loss=0.985804 phase1_score=(0.5, 13.379006375, 1.0)
[CHECK][phase1_pair_self_labeling.train] episode=19844 problem_id=EP19844 block_count=82 best_source=NP_NC:agent_sample_28|FN_FL:agent_sample_63 subproblem_count=2 loss=0.906079 learning_score=(0.916666667, 40.706346335, 5.0) phase1_score=(0.916666667, 40.706346335, 5.0)
[CHECK][phase1_pair_self_labeling.train.subproblem] episode=19845 subproblem_id=NP_NC block_count=26 best_source=agent_sample_44 loss=0.846708 phase1_score=(0.75, 34.410373252, 3.75)
[CHECK][phase1_pair_self_labeling.train.subproblem] episode=19845 subproblem_id=FN_FL block_count=46 best_source=agent_sample_13 loss=1.080361 phase1_score=(0.0, 9.60782263, 1.5)
[CHECK][phase1_pair_self_labeling.train] episode=19845 problem_id=EP19845 block_count=72 best_source=NP_NC:agent_sample_44|FN_FL:agent_sample_13 subproblem_count=2 loss=0.963535 learning_score=(0.75, 44.018195882, 5.25) phase1_score=(0.75, 44.018195882, 5.25)
[CHECK][phase1_pair_self_labeling.train.subproblem] episode=19846 subproblem_id=NP_NC block_count=37 best_source=agent_sample_8 loss=0.800502 phase1_score=(0.5, 8.884041289, 2.75)
[CHECK][phase1_pair_self_labeling.train.subproblem] episode=19846 subproblem_id=FN_FL block_count=28 best_source=bevel_first_balanced loss=9.570950 phase1_score=(0.0, 12.539865386, 4.0)
[CHECK][phase1_pair_self_labeling.train] episode=19846 problem_id=EP19846 block_count=65 best_source=NP_NC:agent_sample_8|FN_FL:bevel_first_balanced subproblem_count=2 loss=5.185726 learning_score=(0.5, 21.423906676, 6.75) phase1_score=(0.5, 21.423906676, 6.75)
[CHECK][phase1_pair_self_labeling.train.subproblem] episode=19847 subproblem_id=NP_NC block_count=41 best_source=agent_sample_23 loss=1.315526 phase1_score=(0.416666667, 50.595228669, 11.083333333)
[CHECK][phase1_pair_self_labeling.train.subproblem] episode=19847 subproblem_id=FN_FL block_count=41 best_source=agent_sample_45 loss=1.096496 phase1_score=(0.5, 6.829454992, 1.5)
[CHECK][phase1_pair_self_labeling.train] episode=19847 problem_id=EP19847 block_count=82 best_source=NP_NC:agent_sample_23|FN_FL:agent_sample_45 subproblem_count=2 loss=1.206011 learning_score=(0.916666667, 57.424683661, 12.583333333) phase1_score=(0.916666667, 57.424683661, 12.583333333)
[CHECK][phase1_pair_self_labeling.train.subproblem] episode=19848 subproblem_id=NP_NC block_count=21 best_source=agent_sample_61 loss=0.904486 phase1_score=(0.583333333, 54.170593834, 4.083333333)
[CHECK][phase1_pair_self_labeling.train.subproblem] episode=19848 subproblem_id=FN_FL block_count=30 best_source=agent_sample_30 loss=0.730786 phase1_score=(0.5, 8.007904563, 2.5)
[CHECK][phase1_pair_self_labeling.train] episode=19848 problem_id=EP19848 block_count=51 best_source=NP_NC:agent_sample_61|FN_FL:agent_sample_30 subproblem_count=2 loss=0.817636 learning_score=(1.083333333, 62.178498397, 6.583333333) phase1_score=(1.083333333, 62.178498397, 6.583333333)
[CHECK][phase1_pair_self_labeling.train.subproblem] episode=19849 subproblem_id=NP_NC block_count=44 best_source=agent_sample_2 loss=1.138005 phase1_score=(0.5, 10.033886825, 4.333333333)
[CHECK][phase1_pair_self_labeling.train.subproblem] episode=19849 subproblem_id=FN_FL block_count=48 best_source=agent_sample_42 loss=1.136421 phase1_score=(0.5, 9.286278575, 3.5)
[CHECK][phase1_pair_self_labeling.train] episode=19849 problem_id=EP19849 block_count=92 best_source=NP_NC:agent_sample_2|FN_FL:agent_sample_42 subproblem_count=2 loss=1.137213 learning_score=(1.0, 19.3201654, 7.833333333) phase1_score=(1.0, 19.3201654, 7.833333333)
[CHECK][phase1_pair_self_labeling.train.subproblem] episode=19850 subproblem_id=NP_NC block_count=16 best_source=agent_greedy loss=0.633340 phase1_score=(1.5, 50.185667051, 4.0)
[CHECK][phase1_pair_self_labeling.train.subproblem] episode=19850 subproblem_id=FN_FL block_count=16 best_source=agent_sample_54 loss=0.554441 phase1_score=(0.0, 29.730908791, 4.0)
[CHECK][phase1_pair_self_labeling.train] episode=19850 problem_id=EP19850 block_count=32 best_source=NP_NC:agent_greedy|FN_FL:agent_sample_54 subproblem_count=2 loss=0.593890 learning_score=(1.5, 79.916575842, 8.0) phase1_score=(1.5, 79.916575842, 8.0)
[CHECK][phase1_pair_self_labeling.train.subproblem] episode=19851 subproblem_id=NP_NC block_count=41 best_source=agent_sample_43 loss=1.069495 phase1_score=(1.916666667, 83.870131438, 5.083333333)
[CHECK][phase1_pair_self_labeling.train.subproblem] episode=19851 subproblem_id=FN_FL block_count=64 best_source=agent_sample_16 loss=1.415022 phase1_score=(0.5, 16.104228623, 1.0)
[CHECK][phase1_pair_self_labeling.train] episode=19851 problem_id=EP19851 block_count=105 best_source=NP_NC:agent_sample_43|FN_FL:agent_sample_16 subproblem_count=2 loss=1.242258 learning_score=(2.416666667, 99.974360061, 6.083333333) phase1_score=(2.416666667, 99.974360061, 6.083333333)
[CHECK][phase1_pair_self_labeling.train.subproblem] episode=19852 subproblem_id=NP_NC block_count=21 best_source=agent_sample_44 loss=0.593116 phase1_score=(0.5, 11.832612636, 2.5)
[CHECK][phase1_pair_self_labeling.train.subproblem] episode=19852 subproblem_id=FN_FL block_count=20 best_source=agent_sample_24 loss=0.508723 phase1_score=(0.5, 56.097564747, 2.0)
[CHECK][phase1_pair_self_labeling.train] episode=19852 problem_id=EP19852 block_count=41 best_source=NP_NC:agent_sample_44|FN_FL:agent_sample_24 subproblem_count=2 loss=0.550920 learning_score=(1.0, 67.930177383, 4.5) phase1_score=(1.0, 67.930177383, 4.5)
[CHECK][phase1_pair_self_labeling.train.subproblem] episode=19853 subproblem_id=NP_NC block_count=33 best_source=agent_sample_42 loss=1.380290 phase1_score=(0.25, 349.153634118, 13.166666667)
[CHECK][phase1_pair_self_labeling.train.subproblem] episode=19853 subproblem_id=FN_FL block_count=39 best_source=agent_sample_40 loss=1.177293 phase1_score=(0.0, 52.242420425, 5.0)
[CHECK][phase1_pair_self_labeling.train] episode=19853 problem_id=EP19853 block_count=72 best_source=NP_NC:agent_sample_42|FN_FL:agent_sample_40 subproblem_count=2 loss=1.278791 learning_score=(0.25, 401.396054542, 18.166666667) phase1_score=(0.25, 401.396054542, 18.166666667)
[CHECK][phase1_pair_self_labeling.train.subproblem] episode=19854 subproblem_id=NP_NC block_count=41 best_source=agent_sample_19 loss=0.904302 phase1_score=(0.5, 20.291280565, 3.5)
[CHECK][phase1_pair_self_labeling.train.subproblem] episode=19854 subproblem_id=FN_FL block_count=48 best_source=agent_sample_32 loss=1.065677 phase1_score=(1.0, 6.423267249, 1.5)
[CHECK][phase1_pair_self_labeling.train] episode=19854 problem_id=EP19854 block_count=89 best_source=NP_NC:agent_sample_19|FN_FL:agent_sample_32 subproblem_count=2 loss=0.984989 learning_score=(1.5, 26.714547814, 5.0) phase1_score=(1.5, 26.714547814, 5.0)
[CHECK][phase1_pair_self_labeling.train.subproblem] episode=19855 subproblem_id=NP_NC block_count=31 best_source=agent_sample_8 loss=0.806247 phase1_score=(0.416666667, 30.461685851, 4.166666667)
[CHECK][phase1_pair_self_labeling.train.subproblem] episode=19855 subproblem_id=FN_FL block_count=33 best_source=agent_sample_43 loss=0.866702 phase1_score=(0.5, 31.639406687, 2.0)
[CHECK][phase1_pair_self_labeling.train] episode=19855 problem_id=EP19855 block_count=64 best_source=NP_NC:agent_sample_8|FN_FL:agent_sample_43 subproblem_count=2 loss=0.836475 learning_score=(0.916666667, 62.101092538, 6.166666667) phase1_score=(0.916666667, 62.101092538, 6.166666667)
[CHECK][phase1_pair_self_labeling.train.subproblem] episode=19856 subproblem_id=NP_NC block_count=32 best_source=agent_sample_15 loss=1.408864 phase1_score=(0.666666667, 14.799544756, 6.0)
[CHECK][phase1_pair_self_labeling.train.subproblem] episode=19856 subproblem_id=FN_FL block_count=50 best_source=agent_sample_24 loss=1.083864 phase1_score=(1.0, 3.272696015, 1.5)
[CHECK][phase1_pair_self_labeling.train] episode=19856 problem_id=EP19856 block_count=82 best_source=NP_NC:agent_sample_15|FN_FL:agent_sample_24 subproblem_count=2 loss=1.246364 learning_score=(1.666666667, 18.072240771, 7.5) phase1_score=(1.666666667, 18.072240771, 7.5)
[CHECK][phase1_pair_self_labeling.train.subproblem] episode=19857 subproblem_id=NP_NC block_count=32 best_source=agent_sample_16 loss=0.819766 phase1_score=(0.5, 11.625384333, 5.0)
[CHECK][phase1_pair_self_labeling.train.subproblem] episode=19857 subproblem_id=FN_FL block_count=56 best_source=agent_sample_26 loss=1.229196 phase1_score=(0.5, 11.738151801, 2.0)
[CHECK][phase1_pair_self_labeling.train] episode=19857 problem_id=EP19857 block_count=88 best_source=NP_NC:agent_sample_16|FN_FL:agent_sample_26 subproblem_count=2 loss=1.024481 learning_score=(1.0, 23.363536134, 7.0) phase1_score=(1.0, 23.363536134, 7.0)
[CHECK][phase1_pair_self_labeling.train.subproblem] episode=19858 subproblem_id=NP_NC block_count=38 best_source=agent_sample_14 loss=0.733911 phase1_score=(0.083333333, 20.325342283, 3.666666667)
[CHECK][phase1_pair_self_labeling.train.subproblem] episode=19858 subproblem_id=FN_FL block_count=39 best_source=agent_sample_61 loss=1.137374 phase1_score=(0.5, 6.563715556, 4.0)
[CHECK][phase1_pair_self_labeling.train] episode=19858 problem_id=EP19858 block_count=77 best_source=NP_NC:agent_sample_14|FN_FL:agent_sample_61 subproblem_count=2 loss=0.935642 learning_score=(0.583333333, 26.889057839, 7.666666667) phase1_score=(0.583333333, 26.889057839, 7.666666667)
[CHECK][phase1_pair_self_labeling.train.subproblem] episode=19859 subproblem_id=NP_NC block_count=32 best_source=agent_greedy loss=0.376285 phase1_score=(0.0, 31.971012802, 1.75)
[CHECK][phase1_pair_self_labeling.train.subproblem] episode=19859 subproblem_id=FN_FL block_count=49 best_source=agent_sample_14 loss=0.998735 phase1_score=(0.5, 7.105940018, 2.5)
[CHECK][phase1_pair_self_labeling.train] episode=19859 problem_id=EP19859 block_count=81 best_source=NP_NC:agent_greedy|FN_FL:agent_sample_14 subproblem_count=2 loss=0.687510 learning_score=(0.5, 39.07695282, 4.25) phase1_score=(0.5, 39.07695282, 4.25)
[CHECK][phase1_pair_self_labeling.train.subproblem] episode=19860 subproblem_id=NP_NC block_count=16 best_source=agent_sample_3 loss=0.713998 phase1_score=(0.75, 52.73115623, 1.166666667)
[CHECK][phase1_pair_self_labeling.train.subproblem] episode=19860 subproblem_id=FN_FL block_count=18 best_source=agent_sample_17 loss=0.368458 phase1_score=(0.5, 44.208932895, 2.0)
[CHECK][phase1_pair_self_labeling.train] episode=19860 problem_id=EP19860 block_count=34 best_source=NP_NC:agent_sample_3|FN_FL:agent_sample_17 subproblem_count=2 loss=0.541228 learning_score=(1.25, 96.940089125, 3.166666667) phase1_score=(1.25, 96.940089125, 3.166666667)
[CHECK][phase1_pair_self_labeling.train.subproblem] episode=19861 subproblem_id=NP_NC block_count=37 best_source=agent_sample_8 loss=0.971153 phase1_score=(0.5, 20.064220285, 4.833333333)
[CHECK][phase1_pair_self_labeling.train.subproblem] episode=19861 subproblem_id=FN_FL block_count=41 best_source=agent_sample_11 loss=0.729244 phase1_score=(0.5, 7.230140632, 2.0)
[CHECK][phase1_pair_self_labeling.train] episode=19861 problem_id=EP19861 block_count=78 best_source=NP_NC:agent_sample_8|FN_FL:agent_sample_11 subproblem_count=2 loss=0.850199 learning_score=(1.0, 27.294360916, 6.833333333) phase1_score=(1.0, 27.294360916, 6.833333333)
[CHECK][phase1_pair_self_labeling.train.subproblem] episode=19862 subproblem_id=NP_NC block_count=32 best_source=agent_sample_27 loss=0.894207 phase1_score=(0.166666667, 63.310068563, 6.583333333)
[CHECK][phase1_pair_self_labeling.train.subproblem] episode=19862 subproblem_id=FN_FL block_count=30 best_source=agent_sample_31 loss=0.698982 phase1_score=(0.0, 44.853746207, 1.5)
[CHECK][phase1_pair_self_labeling.train] episode=19862 problem_id=EP19862 block_count=62 best_source=NP_NC:agent_sample_27|FN_FL:agent_sample_31 subproblem_count=2 loss=0.796595 learning_score=(0.166666667, 108.16381477, 8.083333333) phase1_score=(0.166666667, 108.16381477, 8.083333333)
[CHECK][phase1_pair_self_labeling.train.subproblem] episode=19863 subproblem_id=NP_NC block_count=18 best_source=agent_sample_13 loss=0.452886 phase1_score=(0.416666667, 12.191990524, 6.5)
[CHECK][phase1_pair_self_labeling.train.subproblem] episode=19863 subproblem_id=FN_FL block_count=20 best_source=agent_sample_13 loss=0.343020 phase1_score=(0.5, 14.890691017, 1.0)
[CHECK][phase1_pair_self_labeling.train] episode=19863 problem_id=EP19863 block_count=38 best_source=NP_NC:agent_sample_13|FN_FL:agent_sample_13 subproblem_count=2 loss=0.397953 learning_score=(0.916666667, 27.082681542, 7.5) phase1_score=(0.916666667, 27.082681542, 7.5)
[CHECK][phase1_pair_self_labeling.train.subproblem] episode=19864 subproblem_id=NP_NC block_count=41 best_source=agent_sample_42 loss=0.916517 phase1_score=(0.583333333, 25.881931603, 3.083333333)
[CHECK][phase1_pair_self_labeling.train.subproblem] episode=19864 subproblem_id=FN_FL block_count=45 best_source=agent_sample_7 loss=1.229435 phase1_score=(1.0, 2.529642324, 3.0)
[CHECK][phase1_pair_self_labeling.train] episode=19864 problem_id=EP19864 block_count=86 best_source=NP_NC:agent_sample_42|FN_FL:agent_sample_7 subproblem_count=2 loss=1.072976 learning_score=(1.583333333, 28.411573927, 6.083333333) phase1_score=(1.583333333, 28.411573927, 6.083333333)
[CHECK][phase1_pair_self_labeling.train.subproblem] episode=19865 subproblem_id=NP_NC block_count=13 best_source=agent_sample_45 loss=0.984599 phase1_score=(0.583333333, 41.847094018, 3.916666667)
[CHECK][phase1_pair_self_labeling.train.subproblem] episode=19865 subproblem_id=FN_FL block_count=10 best_source=agent_sample_4 loss=0.240508 phase1_score=(0.5, 45.433009516, 3.5)
[CHECK][phase1_pair_self_labeling.train] episode=19865 problem_id=EP19865 block_count=23 best_source=NP_NC:agent_sample_45|FN_FL:agent_sample_4 subproblem_count=2 loss=0.612553 learning_score=(1.083333333, 87.280103533, 7.416666667) phase1_score=(1.083333333, 87.280103533, 7.416666667)
[CHECK][phase1_pair_self_labeling.train.subproblem] episode=19866 subproblem_id=NP_NC block_count=31 best_source=agent_sample_33 loss=0.797942 phase1_score=(0.416666667, 31.892914869, 4.916666667)
[CHECK][phase1_pair_self_labeling.train.subproblem] episode=19866 subproblem_id=FN_FL block_count=26 best_source=agent_sample_7 loss=0.791687 phase1_score=(1.0, 8.88073076, 2.0)
[CHECK][phase1_pair_self_labeling.train] episode=19866 problem_id=EP19866 block_count=57 best_source=NP_NC:agent_sample_33|FN_FL:agent_sample_7 subproblem_count=2 loss=0.794814 learning_score=(1.416666667, 40.773645628, 6.916666667) phase1_score=(1.416666667, 40.773645628, 6.916666667)
[CHECK][phase1_pair_self_labeling.train.subproblem] episode=19867 subproblem_id=NP_NC block_count=18 best_source=agent_sample_47 loss=0.943674 phase1_score=(0.25, 11.406614807, 1.25)
[CHECK][phase1_pair_self_labeling.train.subproblem] episode=19867 subproblem_id=FN_FL block_count=32 best_source=agent_sample_29 loss=0.565361 phase1_score=(1.0, 14.829344222, 1.0)
[CHECK][phase1_pair_self_labeling.train] episode=19867 problem_id=EP19867 block_count=50 best_source=NP_NC:agent_sample_47|FN_FL:agent_sample_29 subproblem_count=2 loss=0.754518 learning_score=(1.25, 26.235959029, 2.25) phase1_score=(1.25, 26.235959029, 2.25)
[CHECK][phase1_pair_self_labeling.train.subproblem] episode=19868 subproblem_id=NP_NC block_count=34 best_source=agent_sample_53 loss=1.015720 phase1_score=(0.416666667, 240.149583507, 8.583333333)
[CHECK][phase1_pair_self_labeling.train.subproblem] episode=19868 subproblem_id=FN_FL block_count=37 best_source=agent_sample_31 loss=1.040665 phase1_score=(0.5, 28.035053803, 6.5)
[CHECK][phase1_pair_self_labeling.train] episode=19868 problem_id=EP19868 block_count=71 best_source=NP_NC:agent_sample_53|FN_FL:agent_sample_31 subproblem_count=2 loss=1.028192 learning_score=(0.916666667, 268.18463731, 15.083333333) phase1_score=(0.916666667, 268.18463731, 15.083333333)
[CHECK][phase1_pair_self_labeling.train.subproblem] episode=19869 subproblem_id=NP_NC block_count=8 best_source=agent_sample_8 loss=0.442403 phase1_score=(3.75, 199.438841809, 2.0)
[CHECK][phase1_pair_self_labeling.train.subproblem] episode=19869 subproblem_id=FN_FL block_count=9 best_source=agent_sample_3 loss=0.778806 phase1_score=(1.5, 67.27603047, 0.5)
[CHECK][phase1_pair_self_labeling.train] episode=19869 problem_id=EP19869 block_count=17 best_source=NP_NC:agent_sample_8|FN_FL:agent_sample_3 subproblem_count=2 loss=0.610604 learning_score=(5.25, 266.714872279, 2.5) phase1_score=(5.25, 266.714872279, 2.5)
[CHECK][phase1_pair_self_labeling.train.subproblem] episode=19870 subproblem_id=NP_NC block_count=39 best_source=agent_sample_47 loss=1.045188 phase1_score=(0.5, 10.821645408, 1.083333333)
[CHECK][phase1_pair_self_labeling.train.subproblem] episode=19870 subproblem_id=FN_FL block_count=60 best_source=agent_sample_62 loss=1.238248 phase1_score=(0.5, 8.541400661, 1.0)
[CHECK][phase1_pair_self_labeling.train] episode=19870 problem_id=EP19870 block_count=99 best_source=NP_NC:agent_sample_47|FN_FL:agent_sample_62 subproblem_count=2 loss=1.141718 learning_score=(1.0, 19.363046069, 2.083333333) phase1_score=(1.0, 19.363046069, 2.083333333)
[CHECK][phase1_pair_self_labeling.train.subproblem] episode=19871 subproblem_id=NP_NC block_count=29 best_source=agent_sample_48 loss=0.614164 phase1_score=(0.583333333, 23.495404773, 2.416666667)
[CHECK][phase1_pair_self_labeling.train.subproblem] episode=19871 subproblem_id=FN_FL block_count=39 best_source=agent_sample_32 loss=0.925626 phase1_score=(0.5, 20.09501592, 2.0)
[CHECK][phase1_pair_self_labeling.train] episode=19871 problem_id=EP19871 block_count=68 best_source=NP_NC:agent_sample_48|FN_FL:agent_sample_32 subproblem_count=2 loss=0.769895 learning_score=(1.083333333, 43.590420694, 4.416666667) phase1_score=(1.083333333, 43.590420694, 4.416666667)
[CHECK][phase1_pair_self_labeling.train.subproblem] episode=19872 subproblem_id=NP_NC block_count=23 best_source=agent_sample_19 loss=0.745448 phase1_score=(0.416666667, 73.31275299, 5.25)
[CHECK][phase1_pair_self_labeling.train.subproblem] episode=19872 subproblem_id=FN_FL block_count=28 best_source=agent_sample_37 loss=0.590502 phase1_score=(0.0, 4.727739977, 2.0)
[CHECK][phase1_pair_self_labeling.train] episode=19872 problem_id=EP19872 block_count=51 best_source=NP_NC:agent_sample_19|FN_FL:agent_sample_37 subproblem_count=2 loss=0.667975 learning_score=(0.416666667, 78.040492968, 7.25) phase1_score=(0.416666667, 78.040492968, 7.25)
[CHECK][phase1_pair_self_labeling.train.subproblem] episode=19873 subproblem_id=NP_NC block_count=31 best_source=agent_sample_4 loss=1.185653 phase1_score=(0.416666667, 17.378118147, 5.666666667)
[CHECK][phase1_pair_self_labeling.train.subproblem] episode=19873 subproblem_id=FN_FL block_count=49 best_source=agent_sample_53 loss=0.988721 phase1_score=(0.0, 10.397742336, 1.0)
[CHECK][phase1_pair_self_labeling.train] episode=19873 problem_id=EP19873 block_count=80 best_source=NP_NC:agent_sample_4|FN_FL:agent_sample_53 subproblem_count=2 loss=1.087187 learning_score=(0.416666667, 27.775860482, 6.666666667) phase1_score=(0.416666667, 27.775860482, 6.666666667)
[CHECK][phase1_pair_self_labeling.train.subproblem] episode=19874 subproblem_id=NP_NC block_count=15 best_source=agent_sample_22 loss=0.769862 phase1_score=(0.5, 16.382331194, 2.916666667)
[CHECK][phase1_pair_self_labeling.train.subproblem] episode=19874 subproblem_id=FN_FL block_count=16 best_source=agent_sample_39 loss=0.541488 phase1_score=(0.5, 29.597886197, 4.5)
[CHECK][phase1_pair_self_labeling.train] episode=19874 problem_id=EP19874 block_count=31 best_source=NP_NC:agent_sample_22|FN_FL:agent_sample_39 subproblem_count=2 loss=0.655675 learning_score=(1.0, 45.980217392, 7.416666667) phase1_score=(1.0, 45.980217392, 7.416666667)
[CHECK][phase1_pair_self_labeling.train.subproblem] episode=19875 subproblem_id=NP_NC block_count=35 best_source=agent_sample_55 loss=1.066726 phase1_score=(2.416666667, 78.055039894, 6.333333333)
[CHECK][phase1_pair_self_labeling.train.subproblem] episode=19875 subproblem_id=FN_FL block_count=36 best_source=agent_sample_50 loss=0.943284 phase1_score=(1.0, 6.953032066, 1.5)
[CHECK][phase1_pair_self_labeling.train] episode=19875 problem_id=EP19875 block_count=71 best_source=NP_NC:agent_sample_55|FN_FL:agent_sample_50 subproblem_count=2 loss=1.005005 learning_score=(3.416666667, 85.00807196, 7.833333333) phase1_score=(3.416666667, 85.00807196, 7.833333333)
[CHECK][phase1_pair_self_labeling.train.subproblem] episode=19876 subproblem_id=NP_NC block_count=40 best_source=agent_sample_62 loss=0.862686 phase1_score=(0.416666667, 14.25240614, 5.333333333)
[CHECK][phase1_pair_self_labeling.train.subproblem] episode=19876 subproblem_id=FN_FL block_count=62 best_source=agent_sample_49 loss=1.532480 phase1_score=(0.5, 4.819363891, 0.5)
[CHECK][phase1_pair_self_labeling.train] episode=19876 problem_id=EP19876 block_count=102 best_source=NP_NC:agent_sample_62|FN_FL:agent_sample_49 subproblem_count=2 loss=1.197583 learning_score=(0.916666667, 19.071770031, 5.833333333) phase1_score=(0.916666667, 19.071770031, 5.833333333)
[CHECK][phase1_pair_self_labeling.train.subproblem] episode=19877 subproblem_id=NP_NC block_count=32 best_source=agent_sample_62 loss=0.911207 phase1_score=(0.25, 20.33367992, 7.083333333)
[CHECK][phase1_pair_self_labeling.train.subproblem] episode=19877 subproblem_id=FN_FL block_count=29 best_source=agent_sample_27 loss=0.476992 phase1_score=(0.5, 3.72880019, 3.0)
[CHECK][phase1_pair_self_labeling.train] episode=19877 problem_id=EP19877 block_count=61 best_source=NP_NC:agent_sample_62|FN_FL:agent_sample_27 subproblem_count=2 loss=0.694099 learning_score=(0.75, 24.06248011, 10.083333333) phase1_score=(0.75, 24.06248011, 10.083333333)
[CHECK][phase1_pair_self_labeling.train.subproblem] episode=19878 subproblem_id=NP_NC block_count=39 best_source=wo_first_balanced loss=24.421892 phase1_score=(0.5, 157.659826857, 10.0)
[CHECK][phase1_pair_self_labeling.train.subproblem] episode=19878 subproblem_id=FN_FL block_count=60 best_source=agent_sample_28 loss=1.416170 phase1_score=(0.0, 1.564375797, 2.5)
[CHECK][phase1_pair_self_labeling.train] episode=19878 problem_id=EP19878 block_count=99 best_source=NP_NC:wo_first_balanced|FN_FL:agent_sample_28 subproblem_count=2 loss=12.919031 learning_score=(0.5, 159.224202654, 12.5) phase1_score=(0.5, 159.224202654, 12.5)
[CHECK][phase1_pair_self_labeling.train.subproblem] episode=19879 subproblem_id=NP_NC block_count=11 best_source=agent_sample_13 loss=0.629998 phase1_score=(0.333333333, 92.567428087, 2.25)
[CHECK][phase1_pair_self_labeling.train.subproblem] episode=19879 subproblem_id=FN_FL block_count=22 best_source=agent_sample_54 loss=0.742664 phase1_score=(0.5, 46.527745652, 6.5)
[CHECK][phase1_pair_self_labeling.train] episode=19879 problem_id=EP19879 block_count=33 best_source=NP_NC:agent_sample_13|FN_FL:agent_sample_54 subproblem_count=2 loss=0.686331 learning_score=(0.833333333, 139.095173739, 8.75) phase1_score=(0.833333333, 139.095173739, 8.75)
[CHECK][phase1_pair_self_labeling.train.subproblem] episode=19880 subproblem_id=NP_NC block_count=21 best_source=cut_first_balanced loss=5.588323 phase1_score=(0.333333333, 108.456016512, 11.25)
[CHECK][phase1_pair_self_labeling.train.subproblem] episode=19880 subproblem_id=FN_FL block_count=28 best_source=agent_sample_7 loss=0.618539 phase1_score=(0.5, 15.697536964, 2.0)
[CHECK][phase1_pair_self_labeling.train] episode=19880 problem_id=EP19880 block_count=49 best_source=NP_NC:cut_first_balanced|FN_FL:agent_sample_7 subproblem_count=2 loss=3.103431 learning_score=(0.833333333, 124.153553476, 13.25) phase1_score=(0.833333333, 124.153553476, 13.25)
[CHECK][phase1_pair_self_labeling.train.subproblem] episode=19881 subproblem_id=NP_NC block_count=30 best_source=agent_sample_29 loss=1.066391 phase1_score=(0.916666667, 22.259397544, 1.916666667)
[CHECK][phase1_pair_self_labeling.train.subproblem] episode=19881 subproblem_id=FN_FL block_count=41 best_source=agent_sample_17 loss=1.073444 phase1_score=(1.0, 3.950469198, 1.5)
[CHECK][phase1_pair_self_labeling.train] episode=19881 problem_id=EP19881 block_count=71 best_source=NP_NC:agent_sample_29|FN_FL:agent_sample_17 subproblem_count=2 loss=1.069918 learning_score=(1.916666667, 26.209866742, 3.416666667) phase1_score=(1.916666667, 26.209866742, 3.416666667)
[CHECK][phase1_pair_self_labeling.train.subproblem] episode=19882 subproblem_id=NP_NC block_count=50 best_source=agent_sample_12 loss=1.510530 phase1_score=(0.416666667, 16.664594501, 6.5)
[CHECK][phase1_pair_self_labeling.train.subproblem] episode=19882 subproblem_id=FN_FL block_count=53 best_source=agent_sample_54 loss=1.529328 phase1_score=(1.0, 7.11635378, 1.5)
[CHECK][phase1_pair_self_labeling.train] episode=19882 problem_id=EP19882 block_count=103 best_source=NP_NC:agent_sample_12|FN_FL:agent_sample_54 subproblem_count=2 loss=1.519929 learning_score=(1.416666667, 23.780948281, 8.0) phase1_score=(1.416666667, 23.780948281, 8.0)
[CHECK][phase1_pair_self_labeling.train.subproblem] episode=19883 subproblem_id=NP_NC block_count=15 best_source=agent_sample_36 loss=0.780755 phase1_score=(0.75, 24.638744406, 3.25)
[CHECK][phase1_pair_self_labeling.train.subproblem] episode=19883 subproblem_id=FN_FL block_count=13 best_source=agent_sample_59 loss=0.692988 phase1_score=(1.0, 29.708199449, 2.0)
[CHECK][phase1_pair_self_labeling.train] episode=19883 problem_id=EP19883 block_count=28 best_source=NP_NC:agent_sample_36|FN_FL:agent_sample_59 subproblem_count=2 loss=0.736871 learning_score=(1.75, 54.346943855, 5.25) phase1_score=(1.75, 54.346943855, 5.25)
[CHECK][phase1_pair_self_labeling.train.subproblem] episode=19884 subproblem_id=NP_NC block_count=16 best_source=agent_sample_10 loss=1.195081 phase1_score=(0.5, 60.959352486, 4.75)
[CHECK][phase1_pair_self_labeling.train.subproblem] episode=19884 subproblem_id=FN_FL block_count=23 best_source=agent_sample_32 loss=0.809953 phase1_score=(0.5, 25.498343319, 4.0)
[CHECK][phase1_pair_self_labeling.train] episode=19884 problem_id=EP19884 block_count=39 best_source=NP_NC:agent_sample_10|FN_FL:agent_sample_32 subproblem_count=2 loss=1.002517 learning_score=(1.0, 86.457695806, 8.75) phase1_score=(1.0, 86.457695806, 8.75)
[CHECK][phase1_pair_self_labeling.train.subproblem] episode=19885 subproblem_id=NP_NC block_count=40 best_source=agent_sample_59 loss=1.428035 phase1_score=(1.75, 24.051681594, 4.0)
[CHECK][phase1_pair_self_labeling.train.subproblem] episode=19885 subproblem_id=FN_FL block_count=64 best_source=agent_sample_12 loss=1.688232 phase1_score=(0.5, 12.313451929, 1.5)
[CHECK][phase1_pair_self_labeling.train] episode=19885 problem_id=EP19885 block_count=104 best_source=NP_NC:agent_sample_59|FN_FL:agent_sample_12 subproblem_count=2 loss=1.558133 learning_score=(2.25, 36.365133523, 5.5) phase1_score=(2.25, 36.365133523, 5.5)
[CHECK][phase1_pair_self_labeling.train.subproblem] episode=19886 subproblem_id=NP_NC block_count=9 best_source=agent_sample_24 loss=1.765283 phase1_score=(1.583333333, 223.691012876, 10.25)
[CHECK][phase1_pair_self_labeling.train.subproblem] episode=19886 subproblem_id=FN_FL block_count=7 best_source=agent_greedy loss=0.318821 phase1_score=(2.0, 157.503627173, 1.0)
[CHECK][phase1_pair_self_labeling.train] episode=19886 problem_id=EP19886 block_count=16 best_source=NP_NC:agent_sample_24|FN_FL:agent_greedy subproblem_count=2 loss=1.042052 learning_score=(3.583333333, 381.194640049, 11.25) phase1_score=(3.583333333, 381.194640049, 11.25)
[CHECK][phase1_pair_self_labeling.train.subproblem] episode=19887 subproblem_id=NP_NC block_count=14 best_source=agent_sample_19 loss=1.559986 phase1_score=(0.75, 81.678513796, 3.833333333)
[CHECK][phase1_pair_self_labeling.train.subproblem] episode=19887 subproblem_id=FN_FL block_count=12 best_source=agent_sample_30 loss=1.106722 phase1_score=(1.0, 43.441981906, 1.5)
[CHECK][phase1_pair_self_labeling.train] episode=19887 problem_id=EP19887 block_count=26 best_source=NP_NC:agent_sample_19|FN_FL:agent_sample_30 subproblem_count=2 loss=1.333354 learning_score=(1.75, 125.120495702, 5.333333333) phase1_score=(1.75, 125.120495702, 5.333333333)
[CHECK][phase1_pair_self_labeling.train.subproblem] episode=19888 subproblem_id=NP_NC block_count=53 best_source=agent_sample_30 loss=1.612638 phase1_score=(0.083333333, 54.573666994, 1.5)
[CHECK][phase1_pair_self_labeling.train.subproblem] episode=19888 subproblem_id=FN_FL block_count=49 best_source=agent_sample_20 loss=1.299688 phase1_score=(1.0, 8.883607956, 4.0)
[CHECK][phase1_pair_self_labeling.train] episode=19888 problem_id=EP19888 block_count=102 best_source=NP_NC:agent_sample_30|FN_FL:agent_sample_20 subproblem_count=2 loss=1.456163 learning_score=(1.083333333, 63.45727495, 5.5) phase1_score=(1.083333333, 63.45727495, 5.5)
[CHECK][phase1_pair_self_labeling.train.subproblem] episode=19889 subproblem_id=NP_NC block_count=8 best_source=agent_sample_6 loss=1.054207 phase1_score=(0.916666667, 92.484960706, 1.25)
[CHECK][phase1_pair_self_labeling.train.subproblem] episode=19889 subproblem_id=FN_FL block_count=9 best_source=agent_sample_16 loss=0.809971 phase1_score=(1.0, 154.337103051, 3.0)
[CHECK][phase1_pair_self_labeling.train] episode=19889 problem_id=EP19889 block_count=17 best_source=NP_NC:agent_sample_6|FN_FL:agent_sample_16 subproblem_count=2 loss=0.932089 learning_score=(1.916666667, 246.822063756, 4.25) phase1_score=(1.916666667, 246.822063756, 4.25)
[CHECK][phase1_pair_self_labeling.train.subproblem] episode=19890 subproblem_id=NP_NC block_count=37 best_source=agent_sample_10 loss=1.711074 phase1_score=(0.75, 67.650885902, 6.5)
[CHECK][phase1_pair_self_labeling.train.subproblem] episode=19890 subproblem_id=FN_FL block_count=37 best_source=agent_sample_39 loss=1.079164 phase1_score=(0.5, 14.156257162, 5.5)
[CHECK][phase1_pair_self_labeling.train] episode=19890 problem_id=EP19890 block_count=74 best_source=NP_NC:agent_sample_10|FN_FL:agent_sample_39 subproblem_count=2 loss=1.395119 learning_score=(1.25, 81.807143064, 12.0) phase1_score=(1.25, 81.807143064, 12.0)
[CHECK][phase1_pair_self_labeling.train.subproblem] episode=19891 subproblem_id=NP_NC block_count=29 best_source=agent_greedy loss=2.472753 phase1_score=(0.25, 622.179225918, 6.333333333)
[CHECK][phase1_pair_self_labeling.train.subproblem] episode=19891 subproblem_id=FN_FL block_count=41 best_source=agent_sample_8 loss=1.531079 phase1_score=(0.0, 10.260599672, 7.5)
[CHECK][phase1_pair_self_labeling.train] episode=19891 problem_id=EP19891 block_count=70 best_source=NP_NC:agent_greedy|FN_FL:agent_sample_8 subproblem_count=2 loss=2.001916 learning_score=(0.25, 632.43982559, 13.833333333) phase1_score=(0.25, 632.43982559, 13.833333333)
[CHECK][phase1_pair_self_labeling.train.subproblem] episode=19892 subproblem_id=NP_NC block_count=29 best_source=agent_sample_29 loss=1.357683 phase1_score=(1.5, 80.107793395, 4.083333333)
[CHECK][phase1_pair_self_labeling.train.subproblem] episode=19892 subproblem_id=FN_FL block_count=55 best_source=agent_sample_51 loss=1.774990 phase1_score=(0.0, 12.187552042, 1.5)
[CHECK][phase1_pair_self_labeling.train] episode=19892 problem_id=EP19892 block_count=84 best_source=NP_NC:agent_sample_29|FN_FL:agent_sample_51 subproblem_count=2 loss=1.566336 learning_score=(1.5, 92.295345437, 5.583333333) phase1_score=(1.5, 92.295345437, 5.583333333)
[CHECK][phase1_pair_self_labeling.train.subproblem] episode=19893 subproblem_id=NP_NC block_count=22 best_source=agent_sample_48 loss=0.982582 phase1_score=(0.333333333, 42.686058155, 4.5)
[CHECK][phase1_pair_self_labeling.train.subproblem] episode=19893 subproblem_id=FN_FL block_count=33 best_source=agent_sample_18 loss=1.049240 phase1_score=(0.5, 8.071162871, 1.0)
[CHECK][phase1_pair_self_labeling.train] episode=19893 problem_id=EP19893 block_count=55 best_source=NP_NC:agent_sample_48|FN_FL:agent_sample_18 subproblem_count=2 loss=1.015911 learning_score=(0.833333333, 50.757221025, 5.5) phase1_score=(0.833333333, 50.757221025, 5.5)
[CHECK][phase1_pair_self_labeling.train.subproblem] episode=19894 subproblem_id=NP_NC block_count=12 best_source=agent_sample_6 loss=1.535574 phase1_score=(2.5, 71.094707225, 4.416666667)
[CHECK][phase1_pair_self_labeling.train.subproblem] episode=19894 subproblem_id=FN_FL block_count=20 best_source=agent_greedy loss=0.344168 phase1_score=(0.5, 20.693211899, 2.5)
[CHECK][phase1_pair_self_labeling.train] episode=19894 problem_id=EP19894 block_count=32 best_source=NP_NC:agent_sample_6|FN_FL:agent_greedy subproblem_count=2 loss=0.939871 learning_score=(3.0, 91.787919124, 6.916666667) phase1_score=(3.0, 91.787919124, 6.916666667)
[CHECK][phase1_pair_self_labeling.train.subproblem] episode=19895 subproblem_id=NP_NC block_count=28 best_source=agent_sample_63 loss=1.977548 phase1_score=(0.166666667, 229.514502934, 12.75)
[CHECK][phase1_pair_self_labeling.train.subproblem] episode=19895 subproblem_id=FN_FL block_count=32 best_source=agent_sample_27 loss=0.976230 phase1_score=(0.5, 6.118959367, 2.0)
[CHECK][phase1_pair_self_labeling.train] episode=19895 problem_id=EP19895 block_count=60 best_source=NP_NC:agent_sample_63|FN_FL:agent_sample_27 subproblem_count=2 loss=1.476889 learning_score=(0.666666667, 235.633462301, 14.75) phase1_score=(0.666666667, 235.633462301, 14.75)
[CHECK][phase1_pair_self_labeling.train.subproblem] episode=19896 subproblem_id=NP_NC block_count=25 best_source=agent_sample_43 loss=1.301429 phase1_score=(0.333333333, 12.509042557, 3.333333333)
[CHECK][phase1_pair_self_labeling.train.subproblem] episode=19896 subproblem_id=FN_FL block_count=33 best_source=agent_greedy loss=0.594518 phase1_score=(0.0, 18.281022577, 6.0)
[CHECK][phase1_pair_self_labeling.train] episode=19896 problem_id=EP19896 block_count=58 best_source=NP_NC:agent_sample_43|FN_FL:agent_greedy subproblem_count=2 loss=0.947974 learning_score=(0.333333333, 30.790065134, 9.333333333) phase1_score=(0.333333333, 30.790065134, 9.333333333)
[CHECK][phase1_pair_self_labeling.train.subproblem] episode=19897 subproblem_id=NP_NC block_count=19 best_source=agent_sample_26 loss=1.724998 phase1_score=(0.416666667, 382.425686283, 6.166666667)
[CHECK][phase1_pair_self_labeling.train.subproblem] episode=19897 subproblem_id=FN_FL block_count=14 best_source=agent_sample_25 loss=0.802489 phase1_score=(0.5, 18.293213984, 7.0)
[CHECK][phase1_pair_self_labeling.train] episode=19897 problem_id=EP19897 block_count=33 best_source=NP_NC:agent_sample_26|FN_FL:agent_sample_25 subproblem_count=2 loss=1.263743 learning_score=(0.916666667, 400.718900268, 13.166666667) phase1_score=(0.916666667, 400.718900268, 13.166666667)
[CHECK][phase1_pair_self_labeling.train.subproblem] episode=19898 subproblem_id=NP_NC block_count=27 best_source=agent_sample_13 loss=1.483778 phase1_score=(0.416666667, 171.118326757, 4.333333333)
[CHECK][phase1_pair_self_labeling.train.subproblem] episode=19898 subproblem_id=FN_FL block_count=32 best_source=agent_sample_25 loss=1.026203 phase1_score=(1.0, 13.556622216, 1.0)
[CHECK][phase1_pair_self_labeling.train] episode=19898 problem_id=EP19898 block_count=59 best_source=NP_NC:agent_sample_13|FN_FL:agent_sample_25 subproblem_count=2 loss=1.254991 learning_score=(1.416666667, 184.674948973, 5.333333333) phase1_score=(1.416666667, 184.674948973, 5.333333333)
[CHECK][phase1_pair_self_labeling.train.subproblem] episode=19899 subproblem_id=NP_NC block_count=44 best_source=agent_sample_30 loss=1.726613 phase1_score=(0.25, 65.491227802, 5.833333333)
[CHECK][phase1_pair_self_labeling.train.subproblem] episode=19899 subproblem_id=FN_FL block_count=49 best_source=agent_sample_3 loss=1.293905 phase1_score=(0.0, 53.102203683, 2.0)
[CHECK][phase1_pair_self_labeling.train] episode=19899 problem_id=EP19899 block_count=93 best_source=NP_NC:agent_sample_30|FN_FL:agent_sample_3 subproblem_count=2 loss=1.510259 learning_score=(0.25, 118.593431484, 7.833333333) phase1_score=(0.25, 118.593431484, 7.833333333)
[CHECK][phase1_pair_self_labeling.train.subproblem] episode=19900 subproblem_id=NP_NC block_count=16 best_source=agent_sample_49 loss=1.145388 phase1_score=(1.75, 104.581068781, 2.75)
[CHECK][phase1_pair_self_labeling.train.subproblem] episode=19900 subproblem_id=FN_FL block_count=22 best_source=agent_sample_38 loss=0.583913 phase1_score=(1.0, 14.753755754, 1.0)
[CHECK][phase1_pair_self_labeling.train] episode=19900 problem_id=EP19900 block_count=38 best_source=NP_NC:agent_sample_49|FN_FL:agent_sample_38 subproblem_count=2 loss=0.864650 learning_score=(2.75, 119.334824535, 3.75) phase1_score=(2.75, 119.334824535, 3.75)
[VALIDATION][phase1_pair_self_labeling.validate] episode=19900 validation_episodes=20 agent_best_rate=0.905983 checkpoint_score=(0.487179487171, 35.630136045923, 2.173076923068) best_checkpoint_saved=False
[CHECK][phase1_pair_self_labeling.train.subproblem] episode=19901 subproblem_id=NP_NC block_count=23 best_source=agent_sample_12 loss=1.139047 phase1_score=(0.583333333, 24.394882514, 7.0)
[CHECK][phase1_pair_self_labeling.train.subproblem] episode=19901 subproblem_id=FN_FL block_count=31 best_source=agent_sample_55 loss=0.913782 phase1_score=(0.5, 7.507985542, 3.0)
[CHECK][phase1_pair_self_labeling.train] episode=19901 problem_id=EP19901 block_count=54 best_source=NP_NC:agent_sample_12|FN_FL:agent_sample_55 subproblem_count=2 loss=1.026414 learning_score=(1.083333333, 31.902868057, 10.0) phase1_score=(1.083333333, 31.902868057, 10.0)
[CHECK][phase1_pair_self_labeling.train.subproblem] episode=19902 subproblem_id=NP_NC block_count=35 best_source=agent_sample_17 loss=1.392201 phase1_score=(0.333333333, 156.020635533, 4.416666667)
[CHECK][phase1_pair_self_labeling.train.subproblem] episode=19902 subproblem_id=FN_FL block_count=27 best_source=agent_sample_41 loss=1.006815 phase1_score=(1.0, 42.831108747, 2.5)
[CHECK][phase1_pair_self_labeling.train] episode=19902 problem_id=EP19902 block_count=62 best_source=NP_NC:agent_sample_17|FN_FL:agent_sample_41 subproblem_count=2 loss=1.199508 learning_score=(1.333333333, 198.85174428, 6.916666667) phase1_score=(1.333333333, 198.85174428, 6.916666667)
[CHECK][phase1_pair_self_labeling.train.subproblem] episode=19903 subproblem_id=NP_NC block_count=28 best_source=agent_sample_8 loss=0.960309 phase1_score=(1.083333333, 41.053613302, 2.5)
[CHECK][phase1_pair_self_labeling.train.subproblem] episode=19903 subproblem_id=FN_FL block_count=50 best_source=agent_sample_56 loss=1.140717 phase1_score=(1.0, 13.41030382, 1.5)
[CHECK][phase1_pair_self_labeling.train] episode=19903 problem_id=EP19903 block_count=78 best_source=NP_NC:agent_sample_8|FN_FL:agent_sample_56 subproblem_count=2 loss=1.050513 learning_score=(2.083333333, 54.463917122, 4.0) phase1_score=(2.083333333, 54.463917122, 4.0)
[CHECK][phase1_pair_self_labeling.train.subproblem] episode=19904 subproblem_id=NP_NC block_count=26 best_source=agent_sample_47 loss=0.783578 phase1_score=(0.5, 23.408338218, 1.75)
[CHECK][phase1_pair_self_labeling.train.subproblem] episode=19904 subproblem_id=FN_FL block_count=34 best_source=agent_sample_20 loss=0.696616 phase1_score=(1.0, 40.639225864, 3.5)
[CHECK][phase1_pair_self_labeling.train] episode=19904 problem_id=EP19904 block_count=60 best_source=NP_NC:agent_sample_47|FN_FL:agent_sample_20 subproblem_count=2 loss=0.740097 learning_score=(1.5, 64.047564081, 5.25) phase1_score=(1.5, 64.047564081, 5.25)
[CHECK][phase1_pair_self_labeling.train.subproblem] episode=19905 subproblem_id=NP_NC block_count=34 best_source=agent_sample_8 loss=1.210677 phase1_score=(0.416666667, 49.731861469, 3.166666667)
[CHECK][phase1_pair_self_labeling.train.subproblem] episode=19905 subproblem_id=FN_FL block_count=27 best_source=agent_sample_12 loss=0.668187 phase1_score=(0.5, 23.671081617, 2.0)
[CHECK][phase1_pair_self_labeling.train] episode=19905 problem_id=EP19905 block_count=61 best_source=NP_NC:agent_sample_8|FN_FL:agent_sample_12 subproblem_count=2 loss=0.939432 learning_score=(0.916666667, 73.402943086, 5.166666667) phase1_score=(0.916666667, 73.402943086, 5.166666667)
[CHECK][phase1_pair_self_labeling.train.subproblem] episode=19906 subproblem_id=NP_NC block_count=33 best_source=agent_sample_48 loss=1.521871 phase1_score=(0.5, 123.148374423, 4.083333333)
[CHECK][phase1_pair_self_labeling.train.subproblem] episode=19906 subproblem_id=FN_FL block_count=38 best_source=agent_sample_4 loss=0.900760 phase1_score=(0.5, 7.929686325, 0.5)
[CHECK][phase1_pair_self_labeling.train] episode=19906 problem_id=EP19906 block_count=71 best_source=NP_NC:agent_sample_48|FN_FL:agent_sample_4 subproblem_count=2 loss=1.211315 learning_score=(1.0, 131.078060748, 4.583333333) phase1_score=(1.0, 131.078060748, 4.583333333)
[CHECK][phase1_pair_self_labeling.train.subproblem] episode=19907 subproblem_id=NP_NC block_count=31 best_source=agent_sample_36 loss=1.063776 phase1_score=(0.5, 157.852441151, 4.75)
[CHECK][phase1_pair_self_labeling.train.subproblem] episode=19907 subproblem_id=FN_FL block_count=48 best_source=agent_sample_64 loss=1.216992 phase1_score=(0.5, 10.938887644, 4.0)
[CHECK][phase1_pair_self_labeling.train] episode=19907 problem_id=EP19907 block_count=79 best_source=NP_NC:agent_sample_36|FN_FL:agent_sample_64 subproblem_count=2 loss=1.140384 learning_score=(1.0, 168.791328795, 8.75) phase1_score=(1.0, 168.791328795, 8.75)
[CHECK][phase1_pair_self_labeling.train.subproblem] episode=19908 subproblem_id=NP_NC block_count=41 best_source=agent_sample_39 loss=1.177567 phase1_score=(0.25, 48.849723398, 3.5)
[CHECK][phase1_pair_self_labeling.train.subproblem] episode=19908 subproblem_id=FN_FL block_count=53 best_source=agent_sample_58 loss=1.267012 phase1_score=(0.0, 90.721936144, 2.5)
[CHECK][phase1_pair_self_labeling.train] episode=19908 problem_id=EP19908 block_count=94 best_source=NP_NC:agent_sample_39|FN_FL:agent_sample_58 subproblem_count=2 loss=1.222290 learning_score=(0.25, 139.571659542, 6.0) phase1_score=(0.25, 139.571659542, 6.0)
[CHECK][phase1_pair_self_labeling.train.subproblem] episode=19909 subproblem_id=NP_NC block_count=14 best_source=agent_sample_59 loss=0.680112 phase1_score=(0.5, 46.35091001, 2.25)
[CHECK][phase1_pair_self_labeling.train.subproblem] episode=19909 subproblem_id=FN_FL block_count=7 best_source=agent_greedy loss=0.319464 phase1_score=(0.5, 160.142393735, 3.5)
[CHECK][phase1_pair_self_labeling.train] episode=19909 problem_id=EP19909 block_count=21 best_source=NP_NC:agent_sample_59|FN_FL:agent_greedy subproblem_count=2 loss=0.499788 learning_score=(1.0, 206.493303745, 5.75) phase1_score=(1.0, 206.493303745, 5.75)
[CHECK][phase1_pair_self_labeling.train.subproblem] episode=19910 subproblem_id=NP_NC block_count=28 best_source=agent_sample_2 loss=0.545027 phase1_score=(0.5, 15.200898597, 2.25)
[CHECK][phase1_pair_self_labeling.train.subproblem] episode=19910 subproblem_id=FN_FL block_count=34 best_source=agent_sample_43 loss=0.759834 phase1_score=(0.5, 12.119923653, 1.5)
[CHECK][phase1_pair_self_labeling.train] episode=19910 problem_id=EP19910 block_count=62 best_source=NP_NC:agent_sample_2|FN_FL:agent_sample_43 subproblem_count=2 loss=0.652431 learning_score=(1.0, 27.32082225, 3.75) phase1_score=(1.0, 27.32082225, 3.75)
[CHECK][phase1_pair_self_labeling.train.subproblem] episode=19911 subproblem_id=NP_NC block_count=26 best_source=agent_sample_55 loss=0.850493 phase1_score=(0.333333333, 22.034974176, 4.5)
[CHECK][phase1_pair_self_labeling.train.subproblem] episode=19911 subproblem_id=FN_FL block_count=45 best_source=agent_sample_23 loss=1.098778 phase1_score=(1.0, 22.43574462, 3.0)
[CHECK][phase1_pair_self_labeling.train] episode=19911 problem_id=EP19911 block_count=71 best_source=NP_NC:agent_sample_55|FN_FL:agent_sample_23 subproblem_count=2 loss=0.974635 learning_score=(1.333333333, 44.470718796, 7.5) phase1_score=(1.333333333, 44.470718796, 7.5)
[CHECK][phase1_pair_self_labeling.train.subproblem] episode=19912 subproblem_id=NP_NC block_count=40 best_source=agent_sample_32 loss=1.175740 phase1_score=(0.75, 13.948504208, 8.25)
[CHECK][phase1_pair_self_labeling.train.subproblem] episode=19912 subproblem_id=FN_FL block_count=60 best_source=agent_sample_31 loss=1.308988 phase1_score=(0.0, 33.349014626, 1.0)
[CHECK][phase1_pair_self_labeling.train] episode=19912 problem_id=EP19912 block_count=100 best_source=NP_NC:agent_sample_32|FN_FL:agent_sample_31 subproblem_count=2 loss=1.242364 learning_score=(0.75, 47.297518834, 9.25) phase1_score=(0.75, 47.297518834, 9.25)
[CHECK][phase1_pair_self_labeling.train.subproblem] episode=19913 subproblem_id=NP_NC block_count=31 best_source=agent_sample_63 loss=1.598931 phase1_score=(1.916666667, 334.604153211, 5.583333333)
[CHECK][phase1_pair_self_labeling.train.subproblem] episode=19913 subproblem_id=FN_FL block_count=34 best_source=agent_sample_36 loss=0.733330 phase1_score=(1.0, 18.115873868, 4.0)
[CHECK][phase1_pair_self_labeling.train] episode=19913 problem_id=EP19913 block_count=65 best_source=NP_NC:agent_sample_63|FN_FL:agent_sample_36 subproblem_count=2 loss=1.166130 learning_score=(2.916666667, 352.720027079, 9.583333333) phase1_score=(2.916666667, 352.720027079, 9.583333333)
[CHECK][phase1_pair_self_labeling.train.subproblem] episode=19914 subproblem_id=NP_NC block_count=43 best_source=agent_sample_35 loss=0.910651 phase1_score=(0.583333333, 11.220405875, 5.333333333)
[CHECK][phase1_pair_self_labeling.train.subproblem] episode=19914 subproblem_id=FN_FL block_count=53 best_source=agent_sample_4 loss=0.979059 phase1_score=(0.5, 33.372122127, 4.5)
[CHECK][phase1_pair_self_labeling.train] episode=19914 problem_id=EP19914 block_count=96 best_source=NP_NC:agent_sample_35|FN_FL:agent_sample_4 subproblem_count=2 loss=0.944855 learning_score=(1.083333333, 44.592528001, 9.833333333) phase1_score=(1.083333333, 44.592528001, 9.833333333)
[CHECK][phase1_pair_self_labeling.train.subproblem] episode=19915 subproblem_id=NP_NC block_count=24 best_source=agent_sample_52 loss=1.057113 phase1_score=(0.25, 90.743398177, 2.0)
[CHECK][phase1_pair_self_labeling.train.subproblem] episode=19915 subproblem_id=FN_FL block_count=32 best_source=agent_sample_63 loss=0.891486 phase1_score=(1.0, 5.826043974, 0.5)
[CHECK][phase1_pair_self_labeling.train] episode=19915 problem_id=EP19915 block_count=56 best_source=NP_NC:agent_sample_52|FN_FL:agent_sample_63 subproblem_count=2 loss=0.974299 learning_score=(1.25, 96.569442152, 2.5) phase1_score=(1.25, 96.569442152, 2.5)
[CHECK][phase1_pair_self_labeling.train.subproblem] episode=19916 subproblem_id=NP_NC block_count=40 best_source=agent_sample_46 loss=1.618959 phase1_score=(0.5, 259.526905186, 3.25)
[CHECK][phase1_pair_self_labeling.train.subproblem] episode=19916 subproblem_id=FN_FL block_count=37 best_source=agent_sample_27 loss=0.903297 phase1_score=(1.0, 9.785121092, 1.5)
[CHECK][phase1_pair_self_labeling.train] episode=19916 problem_id=EP19916 block_count=77 best_source=NP_NC:agent_sample_46|FN_FL:agent_sample_27 subproblem_count=2 loss=1.261128 learning_score=(1.5, 269.312026278, 4.75) phase1_score=(1.5, 269.312026278, 4.75)
[CHECK][phase1_pair_self_labeling.train.subproblem] episode=19917 subproblem_id=NP_NC block_count=48 best_source=cut_first_balanced loss=15.593223 phase1_score=(0.333333333, 118.961340352, 6.166666667)
[CHECK][phase1_pair_self_labeling.train.subproblem] episode=19917 subproblem_id=FN_FL block_count=50 best_source=agent_sample_43 loss=1.387786 phase1_score=(0.5, 20.830293293, 2.0)
[CHECK][phase1_pair_self_labeling.train] episode=19917 problem_id=EP19917 block_count=98 best_source=NP_NC:cut_first_balanced|FN_FL:agent_sample_43 subproblem_count=2 loss=8.490505 learning_score=(0.833333333, 139.791633645, 8.166666667) phase1_score=(0.833333333, 139.791633645, 8.166666667)
[CHECK][phase1_pair_self_labeling.train.subproblem] episode=19918 subproblem_id=NP_NC block_count=23 best_source=agent_sample_26 loss=0.670416 phase1_score=(0.5, 32.764351388, 4.166666667)
[CHECK][phase1_pair_self_labeling.train.subproblem] episode=19918 subproblem_id=FN_FL block_count=24 best_source=agent_sample_33 loss=0.374817 phase1_score=(0.0, 3.415634804, 4.5)
[CHECK][phase1_pair_self_labeling.train] episode=19918 problem_id=EP19918 block_count=47 best_source=NP_NC:agent_sample_26|FN_FL:agent_sample_33 subproblem_count=2 loss=0.522616 learning_score=(0.5, 36.179986192, 8.666666667) phase1_score=(0.5, 36.179986192, 8.666666667)
[CHECK][phase1_pair_self_labeling.train.subproblem] episode=19919 subproblem_id=NP_NC block_count=14 best_source=agent_sample_34 loss=0.918469 phase1_score=(0.5, 62.92076709, 6.083333333)
[CHECK][phase1_pair_self_labeling.train.subproblem] episode=19919 subproblem_id=FN_FL block_count=19 best_source=agent_sample_23 loss=0.569341 phase1_score=(0.5, 13.050466176, 1.5)
[CHECK][phase1_pair_self_labeling.train] episode=19919 problem_id=EP19919 block_count=33 best_source=NP_NC:agent_sample_34|FN_FL:agent_sample_23 subproblem_count=2 loss=0.743905 learning_score=(1.0, 75.971233266, 7.583333333) phase1_score=(1.0, 75.971233266, 7.583333333)
[CHECK][phase1_pair_self_labeling.train.subproblem] episode=19920 subproblem_id=NP_NC block_count=30 best_source=agent_sample_46 loss=0.778472 phase1_score=(0.5, 30.663797259, 1.5)
[CHECK][phase1_pair_self_labeling.train.subproblem] episode=19920 subproblem_id=FN_FL block_count=33 best_source=agent_sample_51 loss=0.794656 phase1_score=(0.0, 50.834987868, 3.0)
[CHECK][phase1_pair_self_labeling.train] episode=19920 problem_id=EP19920 block_count=63 best_source=NP_NC:agent_sample_46|FN_FL:agent_sample_51 subproblem_count=2 loss=0.786564 learning_score=(0.5, 81.498785127, 4.5) phase1_score=(0.5, 81.498785127, 4.5)
[CHECK][phase1_pair_self_labeling.train.subproblem] episode=19921 subproblem_id=NP_NC block_count=10 best_source=agent_sample_5 loss=0.428022 phase1_score=(0.083333333, 31.221228749, 3.0)
[CHECK][phase1_pair_self_labeling.train.subproblem] episode=19921 subproblem_id=FN_FL block_count=12 best_source=agent_sample_3 loss=0.240407 phase1_score=(0.5, 12.596201214, 3.0)
[CHECK][phase1_pair_self_labeling.train] episode=19921 problem_id=EP19921 block_count=22 best_source=NP_NC:agent_sample_5|FN_FL:agent_sample_3 subproblem_count=2 loss=0.334214 learning_score=(0.583333333, 43.817429963, 6.0) phase1_score=(0.583333333, 43.817429963, 6.0)
[CHECK][phase1_pair_self_labeling.train.subproblem] episode=19922 subproblem_id=NP_NC block_count=31 best_source=agent_sample_46 loss=1.530637 phase1_score=(0.083333333, 43.128481372, 3.333333333)
[CHECK][phase1_pair_self_labeling.train.subproblem] episode=19922 subproblem_id=FN_FL block_count=45 best_source=agent_sample_15 loss=1.008014 phase1_score=(1.0, 7.652228442, 1.0)
[CHECK][phase1_pair_self_labeling.train] episode=19922 problem_id=EP19922 block_count=76 best_source=NP_NC:agent_sample_46|FN_FL:agent_sample_15 subproblem_count=2 loss=1.269325 learning_score=(1.083333333, 50.780709814, 4.333333333) phase1_score=(1.083333333, 50.780709814, 4.333333333)
[CHECK][phase1_pair_self_labeling.train.subproblem] episode=19923 subproblem_id=NP_NC block_count=18 best_source=agent_sample_60 loss=1.026353 phase1_score=(0.333333333, 338.701645122, 6.833333333)
[CHECK][phase1_pair_self_labeling.train.subproblem] episode=19923 subproblem_id=FN_FL block_count=20 best_source=agent_sample_30 loss=0.632012 phase1_score=(0.5, 17.529139057, 2.5)
[CHECK][phase1_pair_self_labeling.train] episode=19923 problem_id=EP19923 block_count=38 best_source=NP_NC:agent_sample_60|FN_FL:agent_sample_30 subproblem_count=2 loss=0.829182 learning_score=(0.833333333, 356.230784179, 9.333333333) phase1_score=(0.833333333, 356.230784179, 9.333333333)
[CHECK][phase1_pair_self_labeling.train.subproblem] episode=19924 subproblem_id=NP_NC block_count=17 best_source=agent_sample_21 loss=1.553557 phase1_score=(1.5, 414.611161945, 3.083333333)
[CHECK][phase1_pair_self_labeling.train.subproblem] episode=19924 subproblem_id=FN_FL block_count=19 best_source=agent_sample_4 loss=0.686505 phase1_score=(1.0, 33.732228509, 3.5)
[CHECK][phase1_pair_self_labeling.train] episode=19924 problem_id=EP19924 block_count=36 best_source=NP_NC:agent_sample_21|FN_FL:agent_sample_4 subproblem_count=2 loss=1.120031 learning_score=(2.5, 448.343390453, 6.583333333) phase1_score=(2.5, 448.343390453, 6.583333333)
[CHECK][phase1_pair_self_labeling.train.subproblem] episode=19925 subproblem_id=NP_NC block_count=35 best_source=agent_sample_50 loss=1.078472 phase1_score=(0.75, 23.250888055, 4.25)
[CHECK][phase1_pair_self_labeling.train.subproblem] episode=19925 subproblem_id=FN_FL block_count=48 best_source=agent_sample_32 loss=1.182603 phase1_score=(0.0, 5.984474804, 2.5)
[CHECK][phase1_pair_self_labeling.train] episode=19925 problem_id=EP19925 block_count=83 best_source=NP_NC:agent_sample_50|FN_FL:agent_sample_32 subproblem_count=2 loss=1.130537 learning_score=(0.75, 29.235362859, 6.75) phase1_score=(0.75, 29.235362859, 6.75)
[CHECK][phase1_pair_self_labeling.train.subproblem] episode=19926 subproblem_id=NP_NC block_count=45 best_source=agent_sample_8 loss=0.913707 phase1_score=(0.333333333, 24.81298581, 7.5)
[CHECK][phase1_pair_self_labeling.train.subproblem] episode=19926 subproblem_id=FN_FL block_count=62 best_source=agent_sample_44 loss=1.452041 phase1_score=(1.0, 14.479337445, 3.5)
[CHECK][phase1_pair_self_labeling.train] episode=19926 problem_id=EP19926 block_count=107 best_source=NP_NC:agent_sample_8|FN_FL:agent_sample_44 subproblem_count=2 loss=1.182874 learning_score=(1.333333333, 39.292323255, 11.0) phase1_score=(1.333333333, 39.292323255, 11.0)
[CHECK][phase1_pair_self_labeling.train.subproblem] episode=19927 subproblem_id=NP_NC block_count=19 best_source=wo_first_balanced loss=2.733017 phase1_score=(0.333333333, 774.323650592, 10.5)
[CHECK][phase1_pair_self_labeling.train.subproblem] episode=19927 subproblem_id=FN_FL block_count=20 best_source=agent_sample_14 loss=0.464811 phase1_score=(1.0, 30.733248369, 2.0)
[CHECK][phase1_pair_self_labeling.train] episode=19927 problem_id=EP19927 block_count=39 best_source=NP_NC:wo_first_balanced|FN_FL:agent_sample_14 subproblem_count=2 loss=1.598914 learning_score=(1.333333333, 805.056898962, 12.5) phase1_score=(1.333333333, 805.056898962, 12.5)
[CHECK][phase1_pair_self_labeling.train.subproblem] episode=19928 subproblem_id=NP_NC block_count=35 best_source=agent_sample_58 loss=1.444464 phase1_score=(1.583333333, 74.908444682, 2.75)
[CHECK][phase1_pair_self_labeling.train.subproblem] episode=19928 subproblem_id=FN_FL block_count=40 best_source=agent_sample_23 loss=1.045847 phase1_score=(1.0, 7.673608104, 3.0)
[CHECK][phase1_pair_self_labeling.train] episode=19928 problem_id=EP19928 block_count=75 best_source=NP_NC:agent_sample_58|FN_FL:agent_sample_23 subproblem_count=2 loss=1.245156 learning_score=(2.583333333, 82.582052786, 5.75) phase1_score=(2.583333333, 82.582052786, 5.75)
[CHECK][phase1_pair_self_labeling.train.subproblem] episode=19929 subproblem_id=NP_NC block_count=28 best_source=agent_sample_41 loss=0.718957 phase1_score=(0.25, 14.484595717, 2.916666667)
[CHECK][phase1_pair_self_labeling.train.subproblem] episode=19929 subproblem_id=FN_FL block_count=36 best_source=agent_sample_64 loss=0.946361 phase1_score=(0.0, 14.857590422, 1.5)
[CHECK][phase1_pair_self_labeling.train] episode=19929 problem_id=EP19929 block_count=64 best_source=NP_NC:agent_sample_41|FN_FL:agent_sample_64 subproblem_count=2 loss=0.832659 learning_score=(0.25, 29.342186138, 4.416666667) phase1_score=(0.25, 29.342186138, 4.416666667)
[CHECK][phase1_pair_self_labeling.train.subproblem] episode=19930 subproblem_id=NP_NC block_count=40 best_source=agent_sample_50 loss=0.998339 phase1_score=(0.75, 34.591757744, 1.0)
[CHECK][phase1_pair_self_labeling.train.subproblem] episode=19930 subproblem_id=FN_FL block_count=62 best_source=cut_first_balanced loss=16.146147 phase1_score=(1.0, 12.844561808, 4.5)
[CHECK][phase1_pair_self_labeling.train] episode=19930 problem_id=EP19930 block_count=102 best_source=NP_NC:agent_sample_50|FN_FL:cut_first_balanced subproblem_count=2 loss=8.572243 learning_score=(1.75, 47.436319552, 5.5) phase1_score=(1.75, 47.436319552, 5.5)
[CHECK][phase1_pair_self_labeling.train.subproblem] episode=19931 subproblem_id=NP_NC block_count=28 best_source=agent_sample_25 loss=1.006256 phase1_score=(0.583333333, 25.032844848, 3.0)
[CHECK][phase1_pair_self_labeling.train.subproblem] episode=19931 subproblem_id=FN_FL block_count=22 best_source=agent_sample_5 loss=0.494062 phase1_score=(0.5, 9.66856008, 2.5)
[CHECK][phase1_pair_self_labeling.train] episode=19931 problem_id=EP19931 block_count=50 best_source=NP_NC:agent_sample_25|FN_FL:agent_sample_5 subproblem_count=2 loss=0.750159 learning_score=(1.083333333, 34.701404928, 5.5) phase1_score=(1.083333333, 34.701404928, 5.5)
[CHECK][phase1_pair_self_labeling.train.subproblem] episode=19932 subproblem_id=NP_NC block_count=27 best_source=agent_sample_51 loss=0.736960 phase1_score=(0.416666667, 67.717018165, 3.5)
[CHECK][phase1_pair_self_labeling.train.subproblem] episode=19932 subproblem_id=FN_FL block_count=29 best_source=agent_sample_57 loss=0.969666 phase1_score=(0.5, 52.492709135, 3.5)
[CHECK][phase1_pair_self_labeling.train] episode=19932 problem_id=EP19932 block_count=56 best_source=NP_NC:agent_sample_51|FN_FL:agent_sample_57 subproblem_count=2 loss=0.853313 learning_score=(0.916666667, 120.2097273, 7.0) phase1_score=(0.916666667, 120.2097273, 7.0)
[CHECK][phase1_pair_self_labeling.train.subproblem] episode=19933 subproblem_id=NP_NC block_count=18 best_source=agent_sample_30 loss=0.770385 phase1_score=(0.5, 62.874048708, 3.083333333)
[CHECK][phase1_pair_self_labeling.train.subproblem] episode=19933 subproblem_id=FN_FL block_count=31 best_source=agent_sample_19 loss=0.907566 phase1_score=(0.5, 9.378261016, 2.0)
[CHECK][phase1_pair_self_labeling.train] episode=19933 problem_id=EP19933 block_count=49 best_source=NP_NC:agent_sample_30|FN_FL:agent_sample_19 subproblem_count=2 loss=0.838976 learning_score=(1.0, 72.252309724, 5.083333333) phase1_score=(1.0, 72.252309724, 5.083333333)
[CHECK][phase1_pair_self_labeling.train.subproblem] episode=19934 subproblem_id=NP_NC block_count=24 best_source=cut_first_balanced loss=6.427396 phase1_score=(0.416666667, 59.358599034, 9.666666667)
[CHECK][phase1_pair_self_labeling.train.subproblem] episode=19934 subproblem_id=FN_FL block_count=24 best_source=agent_sample_59 loss=0.808660 phase1_score=(0.0, 24.970338419, 4.0)
[CHECK][phase1_pair_self_labeling.train] episode=19934 problem_id=EP19934 block_count=48 best_source=NP_NC:cut_first_balanced|FN_FL:agent_sample_59 subproblem_count=2 loss=3.618028 learning_score=(0.416666667, 84.328937453, 13.666666667) phase1_score=(0.416666667, 84.328937453, 13.666666667)
[CHECK][phase1_pair_self_labeling.train.subproblem] episode=19935 subproblem_id=NP_NC block_count=33 best_source=agent_sample_23 loss=1.562791 phase1_score=(0.333333333, 36.903671198, 6.416666667)
[CHECK][phase1_pair_self_labeling.train.subproblem] episode=19935 subproblem_id=FN_FL block_count=49 best_source=agent_sample_57 loss=1.342105 phase1_score=(0.5, 23.191872546, 0.5)
[CHECK][phase1_pair_self_labeling.train] episode=19935 problem_id=EP19935 block_count=82 best_source=NP_NC:agent_sample_23|FN_FL:agent_sample_57 subproblem_count=2 loss=1.452448 learning_score=(0.833333333, 60.095543744, 6.916666667) phase1_score=(0.833333333, 60.095543744, 6.916666667)
[CHECK][phase1_pair_self_labeling.train.subproblem] episode=19936 subproblem_id=NP_NC block_count=20 best_source=agent_sample_17 loss=0.655215 phase1_score=(0.333333333, 30.627376586, 3.75)
[CHECK][phase1_pair_self_labeling.train.subproblem] episode=19936 subproblem_id=FN_FL block_count=22 best_source=agent_sample_23 loss=0.957815 phase1_score=(1.5, 93.257590515, 6.0)
[CHECK][phase1_pair_self_labeling.train] episode=19936 problem_id=EP19936 block_count=42 best_source=NP_NC:agent_sample_17|FN_FL:agent_sample_23 subproblem_count=2 loss=0.806515 learning_score=(1.833333333, 123.884967101, 9.75) phase1_score=(1.833333333, 123.884967101, 9.75)
[CHECK][phase1_pair_self_labeling.train.subproblem] episode=19937 subproblem_id=NP_NC block_count=29 best_source=agent_sample_3 loss=1.713966 phase1_score=(0.583333333, 17.347742296, 7.333333333)
[CHECK][phase1_pair_self_labeling.train.subproblem] episode=19937 subproblem_id=FN_FL block_count=33 best_source=agent_sample_32 loss=1.401141 phase1_score=(0.0, 6.830129694, 5.0)
[CHECK][phase1_pair_self_labeling.train] episode=19937 problem_id=EP19937 block_count=62 best_source=NP_NC:agent_sample_3|FN_FL:agent_sample_32 subproblem_count=2 loss=1.557554 learning_score=(0.583333333, 24.17787199, 12.333333333) phase1_score=(0.583333333, 24.17787199, 12.333333333)
[CHECK][phase1_pair_self_labeling.train.subproblem] episode=19938 subproblem_id=NP_NC block_count=7 best_source=agent_sample_33 loss=1.664186 phase1_score=(1.083333333, 41.491614396, 7.166666667)
[CHECK][phase1_pair_self_labeling.train.subproblem] episode=19938 subproblem_id=FN_FL block_count=11 best_source=agent_sample_2 loss=0.259499 phase1_score=(0.0, 27.531478699, 2.0)
[CHECK][phase1_pair_self_labeling.train] episode=19938 problem_id=EP19938 block_count=18 best_source=NP_NC:agent_sample_33|FN_FL:agent_sample_2 subproblem_count=2 loss=0.961843 learning_score=(1.083333333, 69.023093095, 9.166666667) phase1_score=(1.083333333, 69.023093095, 9.166666667)
[CHECK][phase1_pair_self_labeling.train.subproblem] episode=19939 subproblem_id=NP_NC block_count=37 best_source=agent_sample_54 loss=1.442319 phase1_score=(0.25, 53.760225762, 7.333333333)
[CHECK][phase1_pair_self_labeling.train.subproblem] episode=19939 subproblem_id=FN_FL block_count=42 best_source=agent_sample_29 loss=1.643154 phase1_score=(1.0, 23.801562143, 7.0)
[CHECK][phase1_pair_self_labeling.train] episode=19939 problem_id=EP19939 block_count=79 best_source=NP_NC:agent_sample_54|FN_FL:agent_sample_29 subproblem_count=2 loss=1.542736 learning_score=(1.25, 77.561787905, 14.333333333) phase1_score=(1.25, 77.561787905, 14.333333333)
[CHECK][phase1_pair_self_labeling.train.subproblem] episode=19940 subproblem_id=NP_NC block_count=9 best_source=agent_sample_4 loss=0.678818 phase1_score=(8.0, 591.187835915, 10.75)
[CHECK][phase1_pair_self_labeling.train.subproblem] episode=19940 subproblem_id=FN_FL block_count=9 best_source=agent_greedy loss=0.257705 phase1_score=(1.0, 56.035304463, 5.0)
[CHECK][phase1_pair_self_labeling.train] episode=19940 problem_id=EP19940 block_count=18 best_source=NP_NC:agent_sample_4|FN_FL:agent_greedy subproblem_count=2 loss=0.468261 learning_score=(9.0, 647.223140378, 15.75) phase1_score=(9.0, 647.223140378, 15.75)
[CHECK][phase1_pair_self_labeling.train.subproblem] episode=19941 subproblem_id=NP_NC block_count=34 best_source=agent_sample_55 loss=1.698465 phase1_score=(0.5, 27.883037061, 6.583333333)
[CHECK][phase1_pair_self_labeling.train.subproblem] episode=19941 subproblem_id=FN_FL block_count=37 best_source=agent_sample_46 loss=1.502843 phase1_score=(0.0, 37.503307501, 2.5)
[CHECK][phase1_pair_self_labeling.train] episode=19941 problem_id=EP19941 block_count=71 best_source=NP_NC:agent_sample_55|FN_FL:agent_sample_46 subproblem_count=2 loss=1.600654 learning_score=(0.5, 65.386344562, 9.083333333) phase1_score=(0.5, 65.386344562, 9.083333333)
[CHECK][phase1_pair_self_labeling.train.subproblem] episode=19942 subproblem_id=NP_NC block_count=39 best_source=agent_sample_27 loss=1.547148 phase1_score=(0.5, 28.00831943, 4.75)
[CHECK][phase1_pair_self_labeling.train.subproblem] episode=19942 subproblem_id=FN_FL block_count=35 best_source=agent_sample_19 loss=1.368864 phase1_score=(0.5, 22.144293495, 1.0)
[CHECK][phase1_pair_self_labeling.train] episode=19942 problem_id=EP19942 block_count=74 best_source=NP_NC:agent_sample_27|FN_FL:agent_sample_19 subproblem_count=2 loss=1.458006 learning_score=(1.0, 50.152612924, 5.75) phase1_score=(1.0, 50.152612924, 5.75)
[CHECK][phase1_pair_self_labeling.train.subproblem] episode=19943 subproblem_id=NP_NC block_count=22 best_source=agent_sample_26 loss=0.804577 phase1_score=(0.333333333, 22.810757021, 4.0)
[CHECK][phase1_pair_self_labeling.train.subproblem] episode=19943 subproblem_id=FN_FL block_count=30 best_source=agent_sample_9 loss=1.153354 phase1_score=(0.5, 15.570265587, 6.0)
[CHECK][phase1_pair_self_labeling.train] episode=19943 problem_id=EP19943 block_count=52 best_source=NP_NC:agent_sample_26|FN_FL:agent_sample_9 subproblem_count=2 loss=0.978966 learning_score=(0.833333333, 38.381022607, 10.0) phase1_score=(0.833333333, 38.381022607, 10.0)
[CHECK][phase1_pair_self_labeling.train.subproblem] episode=19944 subproblem_id=NP_NC block_count=23 best_source=agent_sample_26 loss=1.379079 phase1_score=(0.333333333, 83.709027831, 3.75)
[CHECK][phase1_pair_self_labeling.train.subproblem] episode=19944 subproblem_id=FN_FL block_count=34 best_source=agent_sample_34 loss=1.038083 phase1_score=(0.5, 9.672473741, 1.5)
[CHECK][phase1_pair_self_labeling.train] episode=19944 problem_id=EP19944 block_count=57 best_source=NP_NC:agent_sample_26|FN_FL:agent_sample_34 subproblem_count=2 loss=1.208581 learning_score=(0.833333333, 93.381501572, 5.25) phase1_score=(0.833333333, 93.381501572, 5.25)
[CHECK][phase1_pair_self_labeling.train.subproblem] episode=19945 subproblem_id=NP_NC block_count=15 best_source=agent_sample_20 loss=1.011745 phase1_score=(3.416666667, 121.296969051, 4.916666667)
[CHECK][phase1_pair_self_labeling.train.subproblem] episode=19945 subproblem_id=FN_FL block_count=7 best_source=agent_greedy loss=0.233219 phase1_score=(1.0, 143.917596696, 2.0)
[CHECK][phase1_pair_self_labeling.train] episode=19945 problem_id=EP19945 block_count=22 best_source=NP_NC:agent_sample_20|FN_FL:agent_greedy subproblem_count=2 loss=0.622482 learning_score=(4.416666667, 265.214565747, 6.916666667) phase1_score=(4.416666667, 265.214565747, 6.916666667)
[CHECK][phase1_pair_self_labeling.train.subproblem] episode=19946 subproblem_id=NP_NC block_count=47 best_source=agent_sample_12 loss=1.649829 phase1_score=(0.5, 16.639574094, 5.083333333)
[CHECK][phase1_pair_self_labeling.train.subproblem] episode=19946 subproblem_id=FN_FL block_count=43 best_source=agent_sample_61 loss=1.592896 phase1_score=(0.5, 10.900847749, 3.5)
[CHECK][phase1_pair_self_labeling.train] episode=19946 problem_id=EP19946 block_count=90 best_source=NP_NC:agent_sample_12|FN_FL:agent_sample_61 subproblem_count=2 loss=1.621362 learning_score=(1.0, 27.540421844, 8.583333333) phase1_score=(1.0, 27.540421844, 8.583333333)
[CHECK][phase1_pair_self_labeling.train.subproblem] episode=19947 subproblem_id=NP_NC block_count=8 best_source=agent_greedy loss=0.244504 phase1_score=(0.833333333, 81.650713236, 1.0)
[CHECK][phase1_pair_self_labeling.train.subproblem] episode=19947 subproblem_id=FN_FL block_count=13 best_source=agent_sample_8 loss=0.261075 phase1_score=(1.0, 22.051270814, 1.0)
[CHECK][phase1_pair_self_labeling.train] episode=19947 problem_id=EP19947 block_count=21 best_source=NP_NC:agent_greedy|FN_FL:agent_sample_8 subproblem_count=2 loss=0.252790 learning_score=(1.833333333, 103.70198405, 2.0) phase1_score=(1.833333333, 103.70198405, 2.0)
[CHECK][phase1_pair_self_labeling.train.subproblem] episode=19948 subproblem_id=NP_NC block_count=33 best_source=agent_sample_50 loss=1.747905 phase1_score=(1.333333333, 33.016461921, 6.833333333)
[CHECK][phase1_pair_self_labeling.train.subproblem] episode=19948 subproblem_id=FN_FL block_count=40 best_source=agent_sample_55 loss=1.487999 phase1_score=(1.0, 4.504534314, 3.0)
[CHECK][phase1_pair_self_labeling.train] episode=19948 problem_id=EP19948 block_count=73 best_source=NP_NC:agent_sample_50|FN_FL:agent_sample_55 subproblem_count=2 loss=1.617952 learning_score=(2.333333333, 37.520996235, 9.833333333) phase1_score=(2.333333333, 37.520996235, 9.833333333)
[CHECK][phase1_pair_self_labeling.train.subproblem] episode=19949 subproblem_id=NP_NC block_count=10 best_source=agent_sample_49 loss=0.489695 phase1_score=(0.5, 132.493519874, 3.416666667)
[CHECK][phase1_pair_self_labeling.train.subproblem] episode=19949 subproblem_id=FN_FL block_count=11 best_source=agent_sample_4 loss=0.366085 phase1_score=(1.5, 81.837756919, 4.0)
[CHECK][phase1_pair_self_labeling.train] episode=19949 problem_id=EP19949 block_count=21 best_source=NP_NC:agent_sample_49|FN_FL:agent_sample_4 subproblem_count=2 loss=0.427890 learning_score=(2.0, 214.331276792, 7.416666667) phase1_score=(2.0, 214.331276792, 7.416666667)
[CHECK][phase1_pair_self_labeling.train.subproblem] episode=19950 subproblem_id=NP_NC block_count=24 best_source=agent_sample_57 loss=1.060766 phase1_score=(0.333333333, 19.362381492, 2.583333333)
[CHECK][phase1_pair_self_labeling.train.subproblem] episode=19950 subproblem_id=FN_FL block_count=24 best_source=agent_sample_18 loss=0.725552 phase1_score=(0.5, 15.01675578, 0.5)
[CHECK][phase1_pair_self_labeling.train] episode=19950 problem_id=EP19950 block_count=48 best_source=NP_NC:agent_sample_57|FN_FL:agent_sample_18 subproblem_count=2 loss=0.893159 learning_score=(0.833333333, 34.379137272, 3.083333333) phase1_score=(0.833333333, 34.379137272, 3.083333333)
[CHECK][phase1_pair_self_labeling.train.subproblem] episode=19951 subproblem_id=NP_NC block_count=22 best_source=agent_sample_57 loss=0.628740 phase1_score=(0.416666667, 23.186964836, 1.75)
[CHECK][phase1_pair_self_labeling.train.subproblem] episode=19951 subproblem_id=FN_FL block_count=27 best_source=agent_sample_55 loss=0.908412 phase1_score=(1.0, 33.909490084, 0.5)
[CHECK][phase1_pair_self_labeling.train] episode=19951 problem_id=EP19951 block_count=49 best_source=NP_NC:agent_sample_57|FN_FL:agent_sample_55 subproblem_count=2 loss=0.768576 learning_score=(1.416666667, 57.09645492, 2.25) phase1_score=(1.416666667, 57.09645492, 2.25)
[CHECK][phase1_pair_self_labeling.train.subproblem] episode=19952 subproblem_id=NP_NC block_count=17 best_source=agent_sample_17 loss=0.987574 phase1_score=(5.25, 360.665969997, 1.333333333)
[CHECK][phase1_pair_self_labeling.train.subproblem] episode=19952 subproblem_id=FN_FL block_count=14 best_source=agent_sample_7 loss=0.645648 phase1_score=(0.5, 143.677903691, 2.0)
[CHECK][phase1_pair_self_labeling.train] episode=19952 problem_id=EP19952 block_count=31 best_source=NP_NC:agent_sample_17|FN_FL:agent_sample_7 subproblem_count=2 loss=0.816611 learning_score=(5.75, 504.343873688, 3.333333333) phase1_score=(5.75, 504.343873688, 3.333333333)
[CHECK][phase1_pair_self_labeling.train.subproblem] episode=19953 subproblem_id=NP_NC block_count=23 best_source=agent_sample_13 loss=0.781796 phase1_score=(0.416666667, 61.009268968, 3.0)
[CHECK][phase1_pair_self_labeling.train.subproblem] episode=19953 subproblem_id=FN_FL block_count=28 best_source=agent_sample_5 loss=0.944116 phase1_score=(0.5, 6.713087859, 3.0)
[CHECK][phase1_pair_self_labeling.train] episode=19953 problem_id=EP19953 block_count=51 best_source=NP_NC:agent_sample_13|FN_FL:agent_sample_5 subproblem_count=2 loss=0.862956 learning_score=(0.916666667, 67.722356827, 6.0) phase1_score=(0.916666667, 67.722356827, 6.0)
[CHECK][phase1_pair_self_labeling.train.subproblem] episode=19954 subproblem_id=NP_NC block_count=21 best_source=agent_sample_53 loss=0.516920 phase1_score=(0.5, 12.735026241, 2.25)
[CHECK][phase1_pair_self_labeling.train.subproblem] episode=19954 subproblem_id=FN_FL block_count=21 best_source=agent_sample_50 loss=0.778086 phase1_score=(0.5, 25.305985776, 3.0)
[CHECK][phase1_pair_self_labeling.train] episode=19954 problem_id=EP19954 block_count=42 best_source=NP_NC:agent_sample_53|FN_FL:agent_sample_50 subproblem_count=2 loss=0.647503 learning_score=(1.0, 38.041012017, 5.25) phase1_score=(1.0, 38.041012017, 5.25)
[CHECK][phase1_pair_self_labeling.train.subproblem] episode=19955 subproblem_id=NP_NC block_count=46 best_source=agent_sample_42 loss=1.469569 phase1_score=(0.5, 18.311594473, 2.75)
[CHECK][phase1_pair_self_labeling.train.subproblem] episode=19955 subproblem_id=FN_FL block_count=46 best_source=agent_sample_57 loss=1.493147 phase1_score=(0.5, 15.390395464, 3.0)
[CHECK][phase1_pair_self_labeling.train] episode=19955 problem_id=EP19955 block_count=92 best_source=NP_NC:agent_sample_42|FN_FL:agent_sample_57 subproblem_count=2 loss=1.481358 learning_score=(1.0, 33.701989936, 5.75) phase1_score=(1.0, 33.701989936, 5.75)
[CHECK][phase1_pair_self_labeling.train.subproblem] episode=19956 subproblem_id=NP_NC block_count=28 best_source=agent_sample_37 loss=0.963691 phase1_score=(0.333333333, 16.919690419, 7.75)
[CHECK][phase1_pair_self_labeling.train.subproblem] episode=19956 subproblem_id=FN_FL block_count=48 best_source=agent_sample_15 loss=1.328899 phase1_score=(0.0, 58.162811002, 0.5)
[CHECK][phase1_pair_self_labeling.train] episode=19956 problem_id=EP19956 block_count=76 best_source=NP_NC:agent_sample_37|FN_FL:agent_sample_15 subproblem_count=2 loss=1.146295 learning_score=(0.333333333, 75.08250142, 8.25) phase1_score=(0.333333333, 75.08250142, 8.25)
[CHECK][phase1_pair_self_labeling.train.subproblem] episode=19957 subproblem_id=NP_NC block_count=29 best_source=agent_sample_25 loss=1.163985 phase1_score=(0.583333333, 38.708468398, 3.416666667)
[CHECK][phase1_pair_self_labeling.train.subproblem] episode=19957 subproblem_id=FN_FL block_count=34 best_source=agent_sample_44 loss=0.849808 phase1_score=(1.0, 10.551318464, 0.5)
[CHECK][phase1_pair_self_labeling.train] episode=19957 problem_id=EP19957 block_count=63 best_source=NP_NC:agent_sample_25|FN_FL:agent_sample_44 subproblem_count=2 loss=1.006896 learning_score=(1.583333333, 49.259786862, 3.916666667) phase1_score=(1.583333333, 49.259786862, 3.916666667)
[CHECK][phase1_pair_self_labeling.train.subproblem] episode=19958 subproblem_id=NP_NC block_count=32 best_source=agent_sample_27 loss=1.098908 phase1_score=(0.416666667, 29.533931868, 5.75)
[CHECK][phase1_pair_self_labeling.train.subproblem] episode=19958 subproblem_id=FN_FL block_count=37 best_source=agent_sample_43 loss=1.117825 phase1_score=(0.5, 11.568565671, 3.0)
[CHECK][phase1_pair_self_labeling.train] episode=19958 problem_id=EP19958 block_count=69 best_source=NP_NC:agent_sample_27|FN_FL:agent_sample_43 subproblem_count=2 loss=1.108366 learning_score=(0.916666667, 41.102497538, 8.75) phase1_score=(0.916666667, 41.102497538, 8.75)
[CHECK][phase1_pair_self_labeling.train.subproblem] episode=19959 subproblem_id=NP_NC block_count=23 best_source=agent_sample_52 loss=0.639253 phase1_score=(1.0, 46.635264868, 3.333333333)
[CHECK][phase1_pair_self_labeling.train.subproblem] episode=19959 subproblem_id=FN_FL block_count=34 best_source=agent_sample_7 loss=1.148020 phase1_score=(0.5, 28.597024828, 1.0)
[CHECK][phase1_pair_self_labeling.train] episode=19959 problem_id=EP19959 block_count=57 best_source=NP_NC:agent_sample_52|FN_FL:agent_sample_7 subproblem_count=2 loss=0.893637 learning_score=(1.5, 75.232289696, 4.333333333) phase1_score=(1.5, 75.232289696, 4.333333333)
[CHECK][phase1_pair_self_labeling.train.subproblem] episode=19960 subproblem_id=NP_NC block_count=15 best_source=agent_sample_16 loss=0.445141 phase1_score=(0.5, 41.236496481, 3.75)
[CHECK][phase1_pair_self_labeling.train.subproblem] episode=19960 subproblem_id=FN_FL block_count=19 best_source=agent_sample_13 loss=0.376066 phase1_score=(0.5, 28.03741074, 1.0)
[CHECK][phase1_pair_self_labeling.train] episode=19960 problem_id=EP19960 block_count=34 best_source=NP_NC:agent_sample_16|FN_FL:agent_sample_13 subproblem_count=2 loss=0.410603 learning_score=(1.0, 69.273907221, 4.75) phase1_score=(1.0, 69.273907221, 4.75)
[CHECK][phase1_pair_self_labeling.train.subproblem] episode=19961 subproblem_id=NP_NC block_count=13 best_source=agent_sample_21 loss=0.927617 phase1_score=(0.833333333, 60.498800754, 5.333333333)
[CHECK][phase1_pair_self_labeling.train.subproblem] episode=19961 subproblem_id=FN_FL block_count=18 best_source=agent_sample_15 loss=0.439752 phase1_score=(0.0, 16.275800257, 4.5)
[CHECK][phase1_pair_self_labeling.train] episode=19961 problem_id=EP19961 block_count=31 best_source=NP_NC:agent_sample_21|FN_FL:agent_sample_15 subproblem_count=2 loss=0.683685 learning_score=(0.833333333, 76.774601011, 9.833333333) phase1_score=(0.833333333, 76.774601011, 9.833333333)
[CHECK][phase1_pair_self_labeling.train.subproblem] episode=19962 subproblem_id=NP_NC block_count=17 best_source=agent_sample_25 loss=1.401771 phase1_score=(3.5, 301.884154768, 4.75)
[CHECK][phase1_pair_self_labeling.train.subproblem] episode=19962 subproblem_id=FN_FL block_count=21 best_source=agent_sample_28 loss=0.497736 phase1_score=(1.0, 7.939262766, 2.5)
[CHECK][phase1_pair_self_labeling.train] episode=19962 problem_id=EP19962 block_count=38 best_source=NP_NC:agent_sample_25|FN_FL:agent_sample_28 subproblem_count=2 loss=0.949754 learning_score=(4.5, 309.823417534, 7.25) phase1_score=(4.5, 309.823417534, 7.25)
[CHECK][phase1_pair_self_labeling.train.subproblem] episode=19963 subproblem_id=NP_NC block_count=45 best_source=agent_sample_38 loss=1.305579 phase1_score=(0.166666667, 24.121286372, 2.75)
[CHECK][phase1_pair_self_labeling.train.subproblem] episode=19963 subproblem_id=FN_FL block_count=51 best_source=agent_sample_44 loss=1.455108 phase1_score=(0.5, 5.86726787, 1.5)
[CHECK][phase1_pair_self_labeling.train] episode=19963 problem_id=EP19963 block_count=96 best_source=NP_NC:agent_sample_38|FN_FL:agent_sample_44 subproblem_count=2 loss=1.380343 learning_score=(0.666666667, 29.988554241, 4.25) phase1_score=(0.666666667, 29.988554241, 4.25)
[CHECK][phase1_pair_self_labeling.train.subproblem] episode=19964 subproblem_id=NP_NC block_count=11 best_source=agent_sample_29 loss=1.078197 phase1_score=(1.25, 158.074659512, 11.416666667)
[CHECK][phase1_pair_self_labeling.train.subproblem] episode=19964 subproblem_id=FN_FL block_count=16 best_source=agent_sample_42 loss=0.441456 phase1_score=(0.5, 62.565782545, 6.0)
[CHECK][phase1_pair_self_labeling.train] episode=19964 problem_id=EP19964 block_count=27 best_source=NP_NC:agent_sample_29|FN_FL:agent_sample_42 subproblem_count=2 loss=0.759827 learning_score=(1.75, 220.640442057, 17.416666667) phase1_score=(1.75, 220.640442057, 17.416666667)
[CHECK][phase1_pair_self_labeling.train.subproblem] episode=19965 subproblem_id=NP_NC block_count=14 best_source=agent_sample_11 loss=0.834605 phase1_score=(0.416666667, 35.504785726, 6.916666667)
[CHECK][phase1_pair_self_labeling.train.subproblem] episode=19965 subproblem_id=FN_FL block_count=11 best_source=wo_first_balanced loss=3.640567 phase1_score=(1.0, 101.530666922, 2.0)
[CHECK][phase1_pair_self_labeling.train] episode=19965 problem_id=EP19965 block_count=25 best_source=NP_NC:agent_sample_11|FN_FL:wo_first_balanced subproblem_count=2 loss=2.237586 learning_score=(1.416666667, 137.035452648, 8.916666667) phase1_score=(1.416666667, 137.035452648, 8.916666667)
[CHECK][phase1_pair_self_labeling.train.subproblem] episode=19966 subproblem_id=NP_NC block_count=34 best_source=agent_greedy loss=0.679085 phase1_score=(0.5, 33.86302443, 1.333333333)
[CHECK][phase1_pair_self_labeling.train.subproblem] episode=19966 subproblem_id=FN_FL block_count=29 best_source=agent_sample_51 loss=0.865677 phase1_score=(1.0, 13.744109421, 1.5)
[CHECK][phase1_pair_self_labeling.train] episode=19966 problem_id=EP19966 block_count=63 best_source=NP_NC:agent_greedy|FN_FL:agent_sample_51 subproblem_count=2 loss=0.772381 learning_score=(1.5, 47.607133851, 2.833333333) phase1_score=(1.5, 47.607133851, 2.833333333)
[CHECK][phase1_pair_self_labeling.train.subproblem] episode=19967 subproblem_id=NP_NC block_count=29 best_source=agent_sample_51 loss=1.023734 phase1_score=(0.5, 45.125366261, 14.5)
[CHECK][phase1_pair_self_labeling.train.subproblem] episode=19967 subproblem_id=FN_FL block_count=33 best_source=agent_sample_16 loss=0.889300 phase1_score=(1.0, 8.585574995, 2.5)
[CHECK][phase1_pair_self_labeling.train] episode=19967 problem_id=EP19967 block_count=62 best_source=NP_NC:agent_sample_51|FN_FL:agent_sample_16 subproblem_count=2 loss=0.956517 learning_score=(1.5, 53.710941255, 17.0) phase1_score=(1.5, 53.710941255, 17.0)
[CHECK][phase1_pair_self_labeling.train.subproblem] episode=19968 subproblem_id=NP_NC block_count=37 best_source=agent_sample_31 loss=1.241404 phase1_score=(0.25, 15.561201052, 4.5)
[CHECK][phase1_pair_self_labeling.train.subproblem] episode=19968 subproblem_id=FN_FL block_count=54 best_source=agent_sample_62 loss=1.257904 phase1_score=(0.0, 8.986643933, 1.0)
[CHECK][phase1_pair_self_labeling.train] episode=19968 problem_id=EP19968 block_count=91 best_source=NP_NC:agent_sample_31|FN_FL:agent_sample_62 subproblem_count=2 loss=1.249654 learning_score=(0.25, 24.547844985, 5.5) phase1_score=(0.25, 24.547844985, 5.5)
[CHECK][phase1_pair_self_labeling.train.subproblem] episode=19969 subproblem_id=NP_NC block_count=13 best_source=agent_sample_9 loss=0.757130 phase1_score=(1.0, 159.770873616, 3.5)
[CHECK][phase1_pair_self_labeling.train.subproblem] episode=19969 subproblem_id=FN_FL block_count=15 best_source=agent_sample_13 loss=0.334173 phase1_score=(0.5, 2.323775971, 3.5)
[CHECK][phase1_pair_self_labeling.train] episode=19969 problem_id=EP19969 block_count=28 best_source=NP_NC:agent_sample_9|FN_FL:agent_sample_13 subproblem_count=2 loss=0.545651 learning_score=(1.5, 162.094649587, 7.0) phase1_score=(1.5, 162.094649587, 7.0)
[CHECK][phase1_pair_self_labeling.train.subproblem] episode=19970 subproblem_id=NP_NC block_count=19 best_source=agent_sample_27 loss=1.616796 phase1_score=(0.583333333, 260.154427258, 4.833333333)
[CHECK][phase1_pair_self_labeling.train.subproblem] episode=19970 subproblem_id=FN_FL block_count=19 best_source=agent_sample_18 loss=0.612063 phase1_score=(0.5, 16.81615329, 10.5)
[CHECK][phase1_pair_self_labeling.train] episode=19970 problem_id=EP19970 block_count=38 best_source=NP_NC:agent_sample_27|FN_FL:agent_sample_18 subproblem_count=2 loss=1.114429 learning_score=(1.083333333, 276.970580548, 15.333333333) phase1_score=(1.083333333, 276.970580548, 15.333333333)
[CHECK][phase1_pair_self_labeling.train.subproblem] episode=19971 subproblem_id=NP_NC block_count=45 best_source=agent_greedy loss=0.694719 phase1_score=(0.333333333, 10.583387217, 1.25)
[CHECK][phase1_pair_self_labeling.train.subproblem] episode=19971 subproblem_id=FN_FL block_count=38 best_source=agent_sample_34 loss=0.901657 phase1_score=(0.5, 17.963556713, 2.0)
[CHECK][phase1_pair_self_labeling.train] episode=19971 problem_id=EP19971 block_count=83 best_source=NP_NC:agent_greedy|FN_FL:agent_sample_34 subproblem_count=2 loss=0.798188 learning_score=(0.833333333, 28.54694393, 3.25) phase1_score=(0.833333333, 28.54694393, 3.25)
[CHECK][phase1_pair_self_labeling.train.subproblem] episode=19972 subproblem_id=NP_NC block_count=19 best_source=agent_sample_15 loss=1.106343 phase1_score=(0.416666667, 147.270236428, 2.416666667)
[CHECK][phase1_pair_self_labeling.train.subproblem] episode=19972 subproblem_id=FN_FL block_count=24 best_source=agent_sample_42 loss=0.413503 phase1_score=(0.5, 11.099261139, 0.5)
[CHECK][phase1_pair_self_labeling.train] episode=19972 problem_id=EP19972 block_count=43 best_source=NP_NC:agent_sample_15|FN_FL:agent_sample_42 subproblem_count=2 loss=0.759923 learning_score=(0.916666667, 158.369497567, 2.916666667) phase1_score=(0.916666667, 158.369497567, 2.916666667)
[CHECK][phase1_pair_self_labeling.train.subproblem] episode=19973 subproblem_id=NP_NC block_count=11 best_source=agent_sample_25 loss=0.672576 phase1_score=(0.666666667, 85.783807678, 7.25)
[CHECK][phase1_pair_self_labeling.train.subproblem] episode=19973 subproblem_id=FN_FL block_count=13 best_source=agent_sample_6 loss=0.331921 phase1_score=(0.0, 18.547673807, 0.0)
[CHECK][phase1_pair_self_labeling.train] episode=19973 problem_id=EP19973 block_count=24 best_source=NP_NC:agent_sample_25|FN_FL:agent_sample_6 subproblem_count=2 loss=0.502249 learning_score=(0.666666667, 104.331481485, 7.25) phase1_score=(0.666666667, 104.331481485, 7.25)
[CHECK][phase1_pair_self_labeling.train.subproblem] episode=19974 subproblem_id=NP_NC block_count=12 best_source=agent_greedy loss=0.355051 phase1_score=(0.666666667, 54.20419152, 6.583333333)
[CHECK][phase1_pair_self_labeling.train.subproblem] episode=19974 subproblem_id=FN_FL block_count=14 best_source=agent_sample_5 loss=0.522284 phase1_score=(0.0, 22.935867718, 3.5)
[CHECK][phase1_pair_self_labeling.train] episode=19974 problem_id=EP19974 block_count=26 best_source=NP_NC:agent_greedy|FN_FL:agent_sample_5 subproblem_count=2 loss=0.438667 learning_score=(0.666666667, 77.140059238, 10.083333333) phase1_score=(0.666666667, 77.140059238, 10.083333333)
[CHECK][phase1_pair_self_labeling.train.subproblem] episode=19975 subproblem_id=NP_NC block_count=45 best_source=agent_sample_60 loss=1.054298 phase1_score=(0.416666667, 12.058646401, 3.25)
[CHECK][phase1_pair_self_labeling.train.subproblem] episode=19975 subproblem_id=FN_FL block_count=45 best_source=agent_sample_11 loss=0.996022 phase1_score=(0.0, 24.786098742, 2.5)
[CHECK][phase1_pair_self_labeling.train] episode=19975 problem_id=EP19975 block_count=90 best_source=NP_NC:agent_sample_60|FN_FL:agent_sample_11 subproblem_count=2 loss=1.025160 learning_score=(0.416666667, 36.844745143, 5.75) phase1_score=(0.416666667, 36.844745143, 5.75)
[CHECK][phase1_pair_self_labeling.train.subproblem] episode=19976 subproblem_id=NP_NC block_count=30 best_source=agent_sample_19 loss=0.426303 phase1_score=(0.333333333, 56.624210153, 5.75)
[CHECK][phase1_pair_self_labeling.train.subproblem] episode=19976 subproblem_id=FN_FL block_count=40 best_source=agent_sample_46 loss=0.672908 phase1_score=(0.5, 11.248071373, 0.5)
[CHECK][phase1_pair_self_labeling.train] episode=19976 problem_id=EP19976 block_count=70 best_source=NP_NC:agent_sample_19|FN_FL:agent_sample_46 subproblem_count=2 loss=0.549606 learning_score=(0.833333333, 67.872281525, 6.25) phase1_score=(0.833333333, 67.872281525, 6.25)
[CHECK][phase1_pair_self_labeling.train.subproblem] episode=19977 subproblem_id=NP_NC block_count=20 best_source=agent_sample_29 loss=0.305203 phase1_score=(0.583333333, 27.483833634, 2.25)
[CHECK][phase1_pair_self_labeling.train.subproblem] episode=19977 subproblem_id=FN_FL block_count=23 best_source=agent_sample_56 loss=0.544929 phase1_score=(0.0, 46.081290441, 1.5)
[CHECK][phase1_pair_self_labeling.train] episode=19977 problem_id=EP19977 block_count=43 best_source=NP_NC:agent_sample_29|FN_FL:agent_sample_56 subproblem_count=2 loss=0.425066 learning_score=(0.583333333, 73.565124075, 3.75) phase1_score=(0.583333333, 73.565124075, 3.75)
[CHECK][phase1_pair_self_labeling.train.subproblem] episode=19978 subproblem_id=NP_NC block_count=39 best_source=agent_sample_29 loss=0.648432 phase1_score=(0.333333333, 6.260419841, 1.833333333)
[CHECK][phase1_pair_self_labeling.train.subproblem] episode=19978 subproblem_id=FN_FL block_count=41 best_source=agent_sample_64 loss=1.072757 phase1_score=(0.5, 18.49766279, 3.5)
[CHECK][phase1_pair_self_labeling.train] episode=19978 problem_id=EP19978 block_count=80 best_source=NP_NC:agent_sample_29|FN_FL:agent_sample_64 subproblem_count=2 loss=0.860595 learning_score=(0.833333333, 24.758082631, 5.333333333) phase1_score=(0.833333333, 24.758082631, 5.333333333)
[CHECK][phase1_pair_self_labeling.train.subproblem] episode=19979 subproblem_id=NP_NC block_count=28 best_source=agent_greedy loss=0.832156 phase1_score=(0.75, 258.609222484, 1.75)
[CHECK][phase1_pair_self_labeling.train.subproblem] episode=19979 subproblem_id=FN_FL block_count=33 best_source=agent_sample_45 loss=0.826382 phase1_score=(0.5, 5.574459449, 2.0)
[CHECK][phase1_pair_self_labeling.train] episode=19979 problem_id=EP19979 block_count=61 best_source=NP_NC:agent_greedy|FN_FL:agent_sample_45 subproblem_count=2 loss=0.829269 learning_score=(1.25, 264.183681934, 3.75) phase1_score=(1.25, 264.183681934, 3.75)
[CHECK][phase1_pair_self_labeling.train.subproblem] episode=19980 subproblem_id=NP_NC block_count=34 best_source=agent_sample_36 loss=0.664425 phase1_score=(0.166666667, 56.663885973, 5.25)
[CHECK][phase1_pair_self_labeling.train.subproblem] episode=19980 subproblem_id=FN_FL block_count=44 best_source=agent_sample_53 loss=0.760025 phase1_score=(0.5, 7.687420514, 2.5)
[CHECK][phase1_pair_self_labeling.train] episode=19980 problem_id=EP19980 block_count=78 best_source=NP_NC:agent_sample_36|FN_FL:agent_sample_53 subproblem_count=2 loss=0.712225 learning_score=(0.666666667, 64.351306487, 7.75) phase1_score=(0.666666667, 64.351306487, 7.75)
[CHECK][phase1_pair_self_labeling.train.subproblem] episode=19981 subproblem_id=NP_NC block_count=47 best_source=agent_sample_14 loss=0.846329 phase1_score=(0.083333333, 17.872503654, 6.833333333)
[CHECK][phase1_pair_self_labeling.train.subproblem] episode=19981 subproblem_id=FN_FL block_count=57 best_source=agent_sample_14 loss=1.094533 phase1_score=(0.5, 14.627833957, 3.0)
[CHECK][phase1_pair_self_labeling.train] episode=19981 problem_id=EP19981 block_count=104 best_source=NP_NC:agent_sample_14|FN_FL:agent_sample_14 subproblem_count=2 loss=0.970431 learning_score=(0.583333333, 32.500337611, 9.833333333) phase1_score=(0.583333333, 32.500337611, 9.833333333)
[CHECK][phase1_pair_self_labeling.train.subproblem] episode=19982 subproblem_id=NP_NC block_count=25 best_source=agent_sample_41 loss=0.734254 phase1_score=(0.5, 41.578991043, 3.666666667)
[CHECK][phase1_pair_self_labeling.train.subproblem] episode=19982 subproblem_id=FN_FL block_count=40 best_source=agent_sample_23 loss=0.860062 phase1_score=(0.5, 3.129103407, 2.5)
[CHECK][phase1_pair_self_labeling.train] episode=19982 problem_id=EP19982 block_count=65 best_source=NP_NC:agent_sample_41|FN_FL:agent_sample_23 subproblem_count=2 loss=0.797158 learning_score=(1.0, 44.708094451, 6.166666667) phase1_score=(1.0, 44.708094451, 6.166666667)
[CHECK][phase1_pair_self_labeling.train.subproblem] episode=19983 subproblem_id=NP_NC block_count=10 best_source=agent_greedy loss=0.101121 phase1_score=(0.5, 105.09372368, 5.5)
[CHECK][phase1_pair_self_labeling.train.subproblem] episode=19983 subproblem_id=FN_FL block_count=24 best_source=agent_sample_38 loss=0.443089 phase1_score=(0.5, 3.355703078, 3.0)
[CHECK][phase1_pair_self_labeling.train] episode=19983 problem_id=EP19983 block_count=34 best_source=NP_NC:agent_greedy|FN_FL:agent_sample_38 subproblem_count=2 loss=0.272105 learning_score=(1.0, 108.449426758, 8.5) phase1_score=(1.0, 108.449426758, 8.5)
[CHECK][phase1_pair_self_labeling.train.subproblem] episode=19984 subproblem_id=NP_NC block_count=30 best_source=agent_sample_39 loss=0.540304 phase1_score=(0.333333333, 12.363102344, 3.666666667)
[CHECK][phase1_pair_self_labeling.train.subproblem] episode=19984 subproblem_id=FN_FL block_count=27 best_source=agent_sample_46 loss=0.452685 phase1_score=(1.0, 17.39572174, 3.0)
[CHECK][phase1_pair_self_labeling.train] episode=19984 problem_id=EP19984 block_count=57 best_source=NP_NC:agent_sample_39|FN_FL:agent_sample_46 subproblem_count=2 loss=0.496494 learning_score=(1.333333333, 29.758824084, 6.666666667) phase1_score=(1.333333333, 29.758824084, 6.666666667)
[CHECK][phase1_pair_self_labeling.train.subproblem] episode=19985 subproblem_id=NP_NC block_count=28 best_source=agent_sample_7 loss=0.679167 phase1_score=(0.25, 28.943670973, 5.416666667)
[CHECK][phase1_pair_self_labeling.train.subproblem] episode=19985 subproblem_id=FN_FL block_count=31 best_source=agent_sample_36 loss=0.580291 phase1_score=(0.0, 42.077197823, 3.0)
[CHECK][phase1_pair_self_labeling.train] episode=19985 problem_id=EP19985 block_count=59 best_source=NP_NC:agent_sample_7|FN_FL:agent_sample_36 subproblem_count=2 loss=0.629729 learning_score=(0.25, 71.020868795, 8.416666667) phase1_score=(0.25, 71.020868795, 8.416666667)
[CHECK][phase1_pair_self_labeling.train.subproblem] episode=19986 subproblem_id=NP_NC block_count=52 best_source=agent_sample_9 loss=1.303250 phase1_score=(0.5, 175.020757068, 12.25)
[CHECK][phase1_pair_self_labeling.train.subproblem] episode=19986 subproblem_id=FN_FL block_count=53 best_source=agent_sample_45 loss=1.107864 phase1_score=(0.5, 6.235238802, 4.0)
[CHECK][phase1_pair_self_labeling.train] episode=19986 problem_id=EP19986 block_count=105 best_source=NP_NC:agent_sample_9|FN_FL:agent_sample_45 subproblem_count=2 loss=1.205557 learning_score=(1.0, 181.25599587, 16.25) phase1_score=(1.0, 181.25599587, 16.25)
[CHECK][phase1_pair_self_labeling.train.subproblem] episode=19987 subproblem_id=NP_NC block_count=15 best_source=agent_sample_26 loss=0.535879 phase1_score=(0.5, 38.075592155, 4.5)
[CHECK][phase1_pair_self_labeling.train.subproblem] episode=19987 subproblem_id=FN_FL block_count=25 best_source=agent_sample_54 loss=0.551152 phase1_score=(0.0, 56.680074573, 3.5)
[CHECK][phase1_pair_self_labeling.train] episode=19987 problem_id=EP19987 block_count=40 best_source=NP_NC:agent_sample_26|FN_FL:agent_sample_54 subproblem_count=2 loss=0.543515 learning_score=(0.5, 94.755666728, 8.0) phase1_score=(0.5, 94.755666728, 8.0)
[CHECK][phase1_pair_self_labeling.train.subproblem] episode=19988 subproblem_id=NP_NC block_count=32 best_source=agent_sample_8 loss=0.694072 phase1_score=(1.333333333, 49.103310406, 3.25)
[CHECK][phase1_pair_self_labeling.train.subproblem] episode=19988 subproblem_id=FN_FL block_count=56 best_source=agent_sample_21 loss=0.972112 phase1_score=(1.0, 7.833644059, 1.0)
[CHECK][phase1_pair_self_labeling.train] episode=19988 problem_id=EP19988 block_count=88 best_source=NP_NC:agent_sample_8|FN_FL:agent_sample_21 subproblem_count=2 loss=0.833092 learning_score=(2.333333333, 56.936954465, 4.25) phase1_score=(2.333333333, 56.936954465, 4.25)
[CHECK][phase1_pair_self_labeling.train.subproblem] episode=19989 subproblem_id=NP_NC block_count=48 best_source=agent_sample_33 loss=0.845891 phase1_score=(0.416666667, 33.425762038, 5.5)
[CHECK][phase1_pair_self_labeling.train.subproblem] episode=19989 subproblem_id=FN_FL block_count=37 best_source=agent_sample_41 loss=0.916942 phase1_score=(0.5, 14.792902575, 1.5)
[CHECK][phase1_pair_self_labeling.train] episode=19989 problem_id=EP19989 block_count=85 best_source=NP_NC:agent_sample_33|FN_FL:agent_sample_41 subproblem_count=2 loss=0.881416 learning_score=(0.916666667, 48.218664613, 7.0) phase1_score=(0.916666667, 48.218664613, 7.0)
[CHECK][phase1_pair_self_labeling.train.subproblem] episode=19990 subproblem_id=NP_NC block_count=21 best_source=agent_sample_30 loss=0.454501 phase1_score=(0.5, 28.754825059, 6.75)
[CHECK][phase1_pair_self_labeling.train.subproblem] episode=19990 subproblem_id=FN_FL block_count=23 best_source=agent_sample_15 loss=0.540939 phase1_score=(0.0, 58.287350201, 3.5)
[CHECK][phase1_pair_self_labeling.train] episode=19990 problem_id=EP19990 block_count=44 best_source=NP_NC:agent_sample_30|FN_FL:agent_sample_15 subproblem_count=2 loss=0.497720 learning_score=(0.5, 87.04217526, 10.25) phase1_score=(0.5, 87.04217526, 10.25)
[CHECK][phase1_pair_self_labeling.train.subproblem] episode=19991 subproblem_id=NP_NC block_count=26 best_source=agent_sample_41 loss=0.597907 phase1_score=(0.416666667, 65.10894984, 3.75)
[CHECK][phase1_pair_self_labeling.train.subproblem] episode=19991 subproblem_id=FN_FL block_count=23 best_source=agent_sample_40 loss=0.347315 phase1_score=(0.5, 39.660742424, 2.0)
[CHECK][phase1_pair_self_labeling.train] episode=19991 problem_id=EP19991 block_count=49 best_source=NP_NC:agent_sample_41|FN_FL:agent_sample_40 subproblem_count=2 loss=0.472611 learning_score=(0.916666667, 104.769692264, 5.75) phase1_score=(0.916666667, 104.769692264, 5.75)
[CHECK][phase1_pair_self_labeling.train.subproblem] episode=19992 subproblem_id=NP_NC block_count=22 best_source=agent_sample_30 loss=1.023095 phase1_score=(1.166666667, 248.770058573, 7.5)
[CHECK][phase1_pair_self_labeling.train.subproblem] episode=19992 subproblem_id=FN_FL block_count=25 best_source=agent_sample_42 loss=0.778075 phase1_score=(0.5, 24.854352852, 4.0)
[CHECK][phase1_pair_self_labeling.train] episode=19992 problem_id=EP19992 block_count=47 best_source=NP_NC:agent_sample_30|FN_FL:agent_sample_42 subproblem_count=2 loss=0.900585 learning_score=(1.666666667, 273.624411425, 11.5) phase1_score=(1.666666667, 273.624411425, 11.5)
[CHECK][phase1_pair_self_labeling.train.subproblem] episode=19993 subproblem_id=NP_NC block_count=48 best_source=agent_sample_40 loss=0.890879 phase1_score=(0.416666667, 62.18038881, 4.333333333)
[CHECK][phase1_pair_self_labeling.train.subproblem] episode=19993 subproblem_id=FN_FL block_count=51 best_source=agent_sample_26 loss=1.033747 phase1_score=(0.5, 13.200812819, 2.5)
[CHECK][phase1_pair_self_labeling.train] episode=19993 problem_id=EP19993 block_count=99 best_source=NP_NC:agent_sample_40|FN_FL:agent_sample_26 subproblem_count=2 loss=0.962313 learning_score=(0.916666667, 75.381201629, 6.833333333) phase1_score=(0.916666667, 75.381201629, 6.833333333)
[CHECK][phase1_pair_self_labeling.train.subproblem] episode=19994 subproblem_id=NP_NC block_count=31 best_source=agent_sample_39 loss=0.738519 phase1_score=(0.5, 65.677434523, 7.666666667)
[CHECK][phase1_pair_self_labeling.train.subproblem] episode=19994 subproblem_id=FN_FL block_count=38 best_source=agent_sample_38 loss=0.757384 phase1_score=(0.5, 7.871519872, 1.0)
[CHECK][phase1_pair_self_labeling.train] episode=19994 problem_id=EP19994 block_count=69 best_source=NP_NC:agent_sample_39|FN_FL:agent_sample_38 subproblem_count=2 loss=0.747951 learning_score=(1.0, 73.548954396, 8.666666667) phase1_score=(1.0, 73.548954396, 8.666666667)
[CHECK][phase1_pair_self_labeling.train.subproblem] episode=19995 subproblem_id=NP_NC block_count=46 best_source=agent_sample_33 loss=1.156227 phase1_score=(0.333333333, 24.079715832, 6.416666667)
[CHECK][phase1_pair_self_labeling.train.subproblem] episode=19995 subproblem_id=FN_FL block_count=59 best_source=agent_sample_20 loss=1.357561 phase1_score=(0.5, 18.111788033, 1.5)
[CHECK][phase1_pair_self_labeling.train] episode=19995 problem_id=EP19995 block_count=105 best_source=NP_NC:agent_sample_33|FN_FL:agent_sample_20 subproblem_count=2 loss=1.256894 learning_score=(0.833333333, 42.191503865, 7.916666667) phase1_score=(0.833333333, 42.191503865, 7.916666667)
[CHECK][phase1_pair_self_labeling.train.subproblem] episode=19996 subproblem_id=NP_NC block_count=10 best_source=agent_sample_5 loss=0.208091 phase1_score=(0.25, 67.769910491, 0.5)
[CHECK][phase1_pair_self_labeling.train.subproblem] episode=19996 subproblem_id=FN_FL block_count=14 best_source=agent_sample_14 loss=0.284130 phase1_score=(1.0, 38.814877563, 3.0)
[CHECK][phase1_pair_self_labeling.train] episode=19996 problem_id=EP19996 block_count=24 best_source=NP_NC:agent_sample_5|FN_FL:agent_sample_14 subproblem_count=2 loss=0.246110 learning_score=(1.25, 106.584788053, 3.5) phase1_score=(1.25, 106.584788053, 3.5)
[CHECK][phase1_pair_self_labeling.train.subproblem] episode=19997 subproblem_id=NP_NC block_count=29 best_source=agent_sample_58 loss=0.850256 phase1_score=(1.0, 41.539363778, 3.0)
[CHECK][phase1_pair_self_labeling.train.subproblem] episode=19997 subproblem_id=FN_FL block_count=30 best_source=agent_sample_3 loss=0.684967 phase1_score=(0.5, 14.270097525, 2.0)
[CHECK][phase1_pair_self_labeling.train] episode=19997 problem_id=EP19997 block_count=59 best_source=NP_NC:agent_sample_58|FN_FL:agent_sample_3 subproblem_count=2 loss=0.767611 learning_score=(1.5, 55.809461302, 5.0) phase1_score=(1.5, 55.809461302, 5.0)
[CHECK][phase1_pair_self_labeling.train.subproblem] episode=19998 subproblem_id=NP_NC block_count=36 best_source=agent_sample_61 loss=0.701343 phase1_score=(0.583333333, 20.351645225, 1.75)
[CHECK][phase1_pair_self_labeling.train.subproblem] episode=19998 subproblem_id=FN_FL block_count=59 best_source=agent_sample_14 loss=1.182025 phase1_score=(0.0, 3.027586343, 3.0)
[CHECK][phase1_pair_self_labeling.train] episode=19998 problem_id=EP19998 block_count=95 best_source=NP_NC:agent_sample_61|FN_FL:agent_sample_14 subproblem_count=2 loss=0.941684 learning_score=(0.583333333, 23.379231568, 4.75) phase1_score=(0.583333333, 23.379231568, 4.75)
[CHECK][phase1_pair_self_labeling.train.subproblem] episode=19999 subproblem_id=NP_NC block_count=25 best_source=agent_sample_61 loss=0.486310 phase1_score=(0.25, 42.50435466, 2.083333333)
[CHECK][phase1_pair_self_labeling.train.subproblem] episode=19999 subproblem_id=FN_FL block_count=31 best_source=agent_sample_49 loss=0.729993 phase1_score=(0.5, 85.816575402, 2.0)
[CHECK][phase1_pair_self_labeling.train] episode=19999 problem_id=EP19999 block_count=56 best_source=NP_NC:agent_sample_61|FN_FL:agent_sample_49 subproblem_count=2 loss=0.608151 learning_score=(0.75, 128.320930062, 4.083333333) phase1_score=(0.75, 128.320930062, 4.083333333)
[CHECK][phase1_pair_self_labeling.train.subproblem] episode=20000 subproblem_id=NP_NC block_count=36 best_source=agent_sample_9 loss=0.695593 phase1_score=(0.5, 17.382259255, 6.083333333)
[CHECK][phase1_pair_self_labeling.train.subproblem] episode=20000 subproblem_id=FN_FL block_count=37 best_source=agent_sample_58 loss=0.781533 phase1_score=(0.5, 16.132780523, 2.0)
[CHECK][phase1_pair_self_labeling.train] episode=20000 problem_id=EP20000 block_count=73 best_source=NP_NC:agent_sample_9|FN_FL:agent_sample_58 subproblem_count=2 loss=0.738563 learning_score=(1.0, 33.515039778, 8.083333333) phase1_score=(1.0, 33.515039778, 8.083333333)
[VALIDATION][phase1_pair_self_labeling.validate] episode=20000 validation_episodes=20 agent_best_rate=0.837607 checkpoint_score=(0.499287749265, 35.198267027752, 2.368233618231) best_checkpoint_saved=False
- checkpoint_path: output\phase1_mixed_resource_pool_v2\phase1_pair_pointer.pt
- best_checkpoint_path: output\phase1_mixed_resource_pool_v2\phase1_pair_pointer_best.pt
- metrics_csv: output\phase1_mixed_resource_pool_v2\metrics.csv
- candidate_summary_csv: 
- best_action_table_jsonl: output\phase1_mixed_resource_pool_v2\best_action_table.jsonl
- validation_summary_csv: output\phase1_mixed_resource_pool_v2\validation_summary.csv
- validation_candidate_summary_csv: output\phase1_mixed_resource_pool_v2\validation_candidate_summary.csv
- validation_wo_gap_png: 
- validation_series_wo_gap_png: output\phase1_mixed_resource_pool_v2\validation_series_wo_gap.png
- validation_cut_gap_png: 
- validation_series_cut_gap_png: output\phase1_mixed_resource_pool_v2\validation_series_cut_gap.png
- validation_bevel_gap_png: 
- validation_series_bevel_gap_png: output\phase1_mixed_resource_pool_v2\validation_series_bevel_gap.png
- summary_json: output\phase1_mixed_resource_pool_v2\summary.json
- best_source_counts: {'NP_NC:wo_first_balanced|FN_FL:agent_sample_5': 11, 'NP_NC:bevel_first_balanced|FN_FL:cut_first_balanced': 13, 'NP_NC:cut_first_balanced|FN_FL:bevel_first_balanced': 7, 'NP_NC:bevel_first_balanced|FN_FL:agent_sample_21': 4, 'NP_NC:wo_first_balanced|FN_FL:cut_first_balanced': 11, 'NP_NC:wo_first_balanced|FN_FL:wo_first_balanced': 16, 'NP_NC:bevel_first_balanced|FN_FL:wo_first_balanced': 5, 'NP_NC:bevel_first_balanced|FN_FL:agent_sample_53': 2, 'NP_NC:bevel_first_balanced|FN_FL:agent_sample_29': 4, 'NP_NC:cut_first_balanced|FN_FL:agent_sample_21': 4, 'NP_NC:wo_first_balanced|FN_FL:bevel_first_balanced': 12, 'NP_NC:cut_first_balanced|FN_FL:cut_first_balanced': 5, 'NP_NC:wo_first_balanced|FN_FL:agent_sample_23': 2, 'NP_NC:cut_first_balanced|FN_FL:agent_sample_55': 2, 'NP_NC:wo_first_balanced|FN_FL:agent_sample_20': 6, 'NP_NC:bevel_first_balanced|FN_FL:agent_sample_45': 3, 'NP_NC:bevel_first_balanced|FN_FL:agent_sample_22': 10, 'NP_NC:wo_first_balanced|FN_FL:agent_sample_9': 6, 'NP_NC:wo_first_balanced|FN_FL:agent_sample_46': 5, 'NP_NC:cut_first_balanced|FN_FL:agent_sample_22': 4, 'NP_NC:cut_first_balanced|FN_FL:agent_sample_48': 3, 'NP_NC:agent_sample_45|FN_FL:agent_sample_50': 5, 'NP_NC:agent_sample_8|FN_FL:wo_first_balanced': 3, 'NP_NC:bevel_first_balanced|FN_FL:agent_sample_35': 5, 'NP_NC:bevel_first_balanced|FN_FL:agent_sample_7': 8, 'NP_NC:wo_first_balanced|FN_FL:agent_sample_11': 5, 'NP_NC:bevel_first_balanced|FN_FL:agent_sample_41': 3, 'NP_NC:cut_first_balanced|FN_FL:agent_sample_23': 5, 'NP_NC:cut_first_balanced|FN_FL:agent_sample_59': 5, 'NP_NC:agent_sample_17|FN_FL:agent_sample_2': 6, 'NP_NC:agent_sample_31|FN_FL:agent_sample_10': 8, 'NP_NC:wo_first_balanced|FN_FL:agent_sample_37': 10, 'NP_NC:wo_first_balanced|FN_FL:agent_sample_22': 8, 'NP_NC:agent_sample_17|FN_FL:agent_sample_59': 3, 'NP_NC:wo_first_balanced|FN_FL:agent_sample_45': 5, 'NP_NC:bevel_first_balanced|FN_FL:agent_sample_36': 3, 'NP_NC:agent_sample_53|FN_FL:wo_first_balanced': 3, 'NP_NC:cut_first_balanced|FN_FL:agent_sample_49': 4, 'NP_NC:agent_sample_15|FN_FL:wo_first_balanced': 5, 'NP_NC:agent_sample_24|FN_FL:agent_sample_59': 2, 'NP_NC:agent_sample_14|FN_FL:agent_sample_20': 7, 'NP_NC:agent_sample_36|FN_FL:wo_first_balanced': 6, 'NP_NC:bevel_first_balanced|FN_FL:agent_sample_59': 2, 'NP_NC:agent_sample_14|FN_FL:agent_sample_17': 8, 'NP_NC:agent_sample_9|FN_FL:wo_first_balanced': 2, 'NP_NC:agent_sample_16|FN_FL:agent_sample_56': 6, 'NP_NC:agent_sample_37|FN_FL:bevel_first_balanced': 3, 'NP_NC:cut_first_balanced|FN_FL:agent_sample_63': 2, 'NP_NC:wo_first_balanced|FN_FL:agent_sample_25': 4, 'NP_NC:agent_sample_10|FN_FL:agent_sample_17': 9, 'NP_NC:agent_sample_5|FN_FL:agent_sample_23': 9, 'NP_NC:agent_sample_40|FN_FL:agent_sample_16': 5, 'NP_NC:agent_sample_18|FN_FL:agent_sample_11': 5, 'NP_NC:agent_sample_61|FN_FL:agent_sample_42': 2, 'NP_NC:cut_first_balanced|FN_FL:wo_first_balanced': 4, 'NP_NC:agent_sample_33|FN_FL:agent_sample_42': 5, 'NP_NC:agent_sample_40|FN_FL:agent_sample_21': 5, 'NP_NC:agent_sample_15|FN_FL:agent_sample_30': 3, 'NP_NC:bevel_first_balanced|FN_FL:agent_sample_4': 4, 'NP_NC:wo_first_balanced|FN_FL:agent_sample_24': 4, 'NP_NC:agent_sample_52|FN_FL:agent_sample_16': 2, 'NP_NC:wo_first_balanced|FN_FL:agent_sample_26': 4, 'NP_NC:agent_sample_36|FN_FL:agent_sample_48': 9, 'NP_NC:wo_first_balanced|FN_FL:agent_sample_40': 8, 'NP_NC:agent_sample_11|FN_FL:agent_sample_52': 5, 'NP_NC:wo_first_balanced|FN_FL:agent_sample_27': 4, 'NP_NC:agent_sample_44|FN_FL:cut_first_balanced': 2, 'NP_NC:agent_sample_3|FN_FL:agent_greedy': 39, 'NP_NC:agent_sample_26|FN_FL:wo_first_balanced': 3, 'NP_NC:agent_sample_36|FN_FL:agent_sample_33': 2, 'NP_NC:agent_sample_22|FN_FL:agent_sample_53': 4, 'NP_NC:agent_sample_14|FN_FL:agent_sample_62': 2, 'NP_NC:wo_first_balanced|FN_FL:agent_sample_13': 3, 'NP_NC:wo_first_balanced|FN_FL:agent_sample_54': 4, 'NP_NC:agent_sample_20|FN_FL:agent_sample_48': 5, 'NP_NC:agent_sample_36|FN_FL:agent_sample_57': 2, 'NP_NC:agent_sample_17|FN_FL:agent_sample_5': 4, 'NP_NC:agent_sample_20|FN_FL:agent_sample_15': 4, 'NP_NC:wo_first_balanced|FN_FL:agent_sample_42': 4, 'NP_NC:agent_sample_41|FN_FL:agent_sample_44': 4, 'NP_NC:agent_sample_43|FN_FL:agent_sample_49': 8, 'NP_NC:wo_first_balanced|FN_FL:agent_sample_21': 2, 'NP_NC:wo_first_balanced|FN_FL:agent_sample_3': 14, 'NP_NC:cut_first_balanced|FN_FL:agent_sample_26': 2, 'NP_NC:wo_first_balanced|FN_FL:agent_sample_16': 4, 'NP_NC:wo_first_balanced|FN_FL:agent_sample_2': 15, 'NP_NC:cut_first_balanced|FN_FL:agent_sample_17': 3, 'NP_NC:agent_sample_25|FN_FL:agent_sample_23': 1, 'NP_NC:wo_first_balanced|FN_FL:agent_sample_62': 2, 'NP_NC:bevel_first_balanced|FN_FL:agent_sample_17': 1, 'NP_NC:cut_first_balanced|FN_FL:agent_sample_5': 3, 'NP_NC:agent_sample_37|FN_FL:cut_first_balanced': 2, 'NP_NC:wo_first_balanced|FN_FL:agent_sample_14': 7, 'NP_NC:agent_sample_22|FN_FL:agent_sample_18': 8, 'NP_NC:agent_sample_27|FN_FL:bevel_first_balanced': 7, 'NP_NC:wo_first_balanced|FN_FL:agent_sample_53': 2, 'NP_NC:wo_first_balanced|FN_FL:agent_sample_58': 8, 'NP_NC:bevel_first_balanced|FN_FL:agent_sample_38': 3, 'NP_NC:agent_sample_26|FN_FL:agent_sample_41': 4, 'NP_NC:agent_sample_57|FN_FL:agent_sample_58': 1, 'NP_NC:bevel_first_balanced|FN_FL:agent_sample_60': 2, 'NP_NC:agent_sample_15|FN_FL:bevel_first_balanced': 2, 'NP_NC:agent_sample_48|FN_FL:agent_sample_6': 5, 'NP_NC:bevel_first_balanced|FN_FL:agent_sample_64': 2, 'NP_NC:agent_sample_13|FN_FL:agent_sample_15': 6, 'NP_NC:wo_first_balanced|FN_FL:agent_sample_44': 4, 'NP_NC:agent_sample_12|FN_FL:agent_sample_10': 6, 'NP_NC:bevel_first_balanced|FN_FL:agent_sample_62': 4, 'NP_NC:agent_sample_26|FN_FL:agent_greedy': 12, 'NP_NC:agent_sample_20|FN_FL:agent_sample_9': 11, 'NP_NC:agent_sample_22|FN_FL:agent_sample_62': 7, 'NP_NC:wo_first_balanced|FN_FL:agent_sample_48': 5, 'NP_NC:agent_sample_28|FN_FL:agent_sample_62': 5, 'NP_NC:wo_first_balanced|FN_FL:agent_greedy': 33, 'NP_NC:agent_sample_31|FN_FL:agent_sample_31': 8, 'NP_NC:agent_sample_23|FN_FL:agent_sample_9': 5, 'NP_NC:wo_first_balanced|FN_FL:agent_sample_50': 2, 'NP_NC:agent_sample_60|FN_FL:agent_sample_50': 5, 'NP_NC:bevel_first_balanced|FN_FL:agent_sample_16': 7, 'NP_NC:agent_sample_61|FN_FL:agent_sample_33': 6, 'NP_NC:agent_sample_64|FN_FL:wo_first_balanced': 2, 'NP_NC:agent_sample_10|FN_FL:agent_sample_10': 4, 'NP_NC:agent_sample_26|FN_FL:agent_sample_36': 6, 'NP_NC:wo_first_balanced|FN_FL:agent_sample_34': 7, 'NP_NC:bevel_first_balanced|FN_FL:agent_sample_28': 5, 'NP_NC:agent_sample_38|FN_FL:agent_sample_2': 4, 'NP_NC:agent_sample_36|FN_FL:agent_sample_49': 5, 'NP_NC:cut_first_balanced|FN_FL:agent_greedy': 17, 'NP_NC:agent_sample_35|FN_FL:wo_first_balanced': 5, 'NP_NC:agent_sample_57|FN_FL:agent_sample_31': 7, 'NP_NC:agent_sample_16|FN_FL:agent_sample_49': 3, 'NP_NC:bevel_first_balanced|FN_FL:bevel_first_balanced': 6, 'NP_NC:agent_sample_34|FN_FL:agent_sample_39': 2, 'NP_NC:agent_sample_10|FN_FL:bevel_first_balanced': 2, 'NP_NC:agent_sample_21|FN_FL:bevel_first_balanced': 6, 'NP_NC:cut_first_balanced|FN_FL:agent_sample_19': 6, 'NP_NC:agent_sample_24|FN_FL:agent_sample_52': 6, 'NP_NC:wo_first_balanced|FN_FL:agent_sample_64': 6, 'NP_NC:wo_first_balanced|FN_FL:agent_sample_10': 7, 'NP_NC:agent_sample_61|FN_FL:agent_sample_53': 4, 'NP_NC:agent_sample_62|FN_FL:wo_first_balanced': 5, 'NP_NC:agent_greedy|FN_FL:agent_sample_45': 15, 'NP_NC:agent_sample_9|FN_FL:agent_sample_40': 1, 'NP_NC:agent_sample_59|FN_FL:agent_sample_53': 2, 'NP_NC:agent_sample_4|FN_FL:agent_sample_50': 7, 'NP_NC:agent_sample_58|FN_FL:agent_sample_5': 3, 'NP_NC:agent_sample_11|FN_FL:agent_sample_7': 10, 'NP_NC:agent_sample_5|FN_FL:agent_sample_39': 4, 'NP_NC:agent_sample_53|FN_FL:agent_sample_15': 7, 'NP_NC:agent_sample_16|FN_FL:agent_sample_51': 5, 'NP_NC:agent_sample_42|FN_FL:agent_sample_27': 6, 'NP_NC:agent_sample_46|FN_FL:agent_sample_27': 5, 'NP_NC:agent_sample_57|FN_FL:agent_sample_20': 5, 'NP_NC:agent_sample_16|FN_FL:agent_sample_23': 5, 'NP_NC:agent_sample_59|FN_FL:agent_sample_59': 6, 'NP_NC:agent_sample_23|FN_FL:agent_sample_2': 8, 'NP_NC:agent_sample_26|FN_FL:cut_first_balanced': 2, 'NP_NC:wo_first_balanced|FN_FL:agent_sample_63': 4, 'NP_NC:agent_sample_39|FN_FL:agent_sample_62': 4, 'NP_NC:wo_first_balanced|FN_FL:agent_sample_60': 6, 'NP_NC:agent_sample_21|FN_FL:agent_sample_42': 6, 'NP_NC:agent_sample_43|FN_FL:agent_sample_13': 3, 'NP_NC:agent_sample_27|FN_FL:agent_sample_57': 3, 'NP_NC:agent_sample_37|FN_FL:agent_sample_44': 2, 'NP_NC:agent_sample_14|FN_FL:agent_sample_21': 5, 'NP_NC:wo_first_balanced|FN_FL:agent_sample_57': 5, 'NP_NC:agent_sample_46|FN_FL:agent_sample_55': 3, 'NP_NC:cut_first_balanced|FN_FL:agent_sample_35': 4, 'NP_NC:agent_sample_16|FN_FL:wo_first_balanced': 3, 'NP_NC:agent_sample_46|FN_FL:agent_greedy': 6, 'NP_NC:agent_sample_41|FN_FL:agent_sample_4': 5, 'NP_NC:bevel_first_balanced|FN_FL:agent_sample_34': 3, 'NP_NC:agent_sample_4|FN_FL:agent_sample_64': 5, 'NP_NC:agent_sample_59|FN_FL:agent_sample_60': 4, 'NP_NC:agent_sample_38|FN_FL:agent_greedy': 7, 'NP_NC:agent_sample_50|FN_FL:agent_sample_26': 7, 'NP_NC:agent_sample_11|FN_FL:agent_sample_15': 7, 'NP_NC:wo_first_balanced|FN_FL:agent_sample_18': 5, 'NP_NC:wo_first_balanced|FN_FL:agent_sample_49': 6, 'NP_NC:agent_sample_39|FN_FL:agent_sample_14': 6, 'NP_NC:agent_greedy|FN_FL:agent_sample_3': 30, 'NP_NC:agent_sample_43|FN_FL:agent_sample_28': 6, 'NP_NC:agent_sample_3|FN_FL:agent_sample_4': 12, 'NP_NC:agent_sample_19|FN_FL:agent_sample_5': 7, 'NP_NC:agent_sample_24|FN_FL:agent_sample_4': 8, 'NP_NC:agent_sample_21|FN_FL:cut_first_balanced': 6, 'NP_NC:wo_first_balanced|FN_FL:agent_sample_29': 6, 'NP_NC:agent_sample_8|FN_FL:agent_sample_10': 8, 'NP_NC:agent_sample_18|FN_FL:wo_first_balanced': 4, 'NP_NC:wo_first_balanced|FN_FL:agent_sample_39': 4, 'NP_NC:agent_sample_8|FN_FL:agent_sample_14': 8, 'NP_NC:cut_first_balanced|FN_FL:agent_sample_56': 3, 'NP_NC:agent_sample_33|FN_FL:agent_sample_4': 4, 'NP_NC:agent_sample_43|FN_FL:agent_sample_58': 6, 'NP_NC:wo_first_balanced|FN_FL:agent_sample_30': 7, 'NP_NC:agent_sample_60|FN_FL:bevel_first_balanced': 2, 'NP_NC:bevel_first_balanced|FN_FL:agent_greedy': 10, 'NP_NC:agent_greedy|FN_FL:agent_sample_55': 10, 'NP_NC:agent_sample_22|FN_FL:agent_greedy': 10, 'NP_NC:agent_sample_15|FN_FL:agent_sample_16': 4, 'NP_NC:agent_sample_8|FN_FL:agent_sample_7': 4, 'NP_NC:agent_sample_40|FN_FL:agent_sample_47': 7, 'NP_NC:agent_sample_42|FN_FL:agent_sample_58': 3, 'NP_NC:agent_greedy|FN_FL:agent_sample_44': 16, 'NP_NC:agent_sample_12|FN_FL:agent_sample_14': 4, 'NP_NC:agent_sample_61|FN_FL:agent_sample_21': 6, 'NP_NC:agent_sample_52|FN_FL:agent_sample_54': 5, 'NP_NC:agent_sample_56|FN_FL:agent_sample_34': 2, 'NP_NC:agent_sample_15|FN_FL:agent_sample_17': 4, 'NP_NC:agent_sample_2|FN_FL:agent_greedy': 30, 'NP_NC:agent_sample_4|FN_FL:agent_sample_14': 4, 'NP_NC:agent_sample_32|FN_FL:agent_sample_62': 2, 'NP_NC:agent_sample_42|FN_FL:agent_greedy': 8, 'NP_NC:agent_sample_16|FN_FL:agent_sample_39': 5, 'NP_NC:agent_sample_10|FN_FL:agent_sample_9': 9, 'NP_NC:agent_sample_59|FN_FL:agent_sample_20': 3, 'NP_NC:agent_sample_40|FN_FL:wo_first_balanced': 5, 'NP_NC:agent_sample_47|FN_FL:agent_sample_56': 6, 'NP_NC:wo_first_balanced|FN_FL:agent_sample_32': 7, 'NP_NC:bevel_first_balanced|FN_FL:agent_sample_18': 6, 'NP_NC:agent_sample_32|FN_FL:agent_greedy': 10, 'NP_NC:agent_sample_46|FN_FL:agent_sample_29': 2, 'NP_NC:agent_sample_12|FN_FL:bevel_first_balanced': 5, 'NP_NC:agent_sample_47|FN_FL:agent_sample_38': 6, 'NP_NC:agent_sample_2|FN_FL:agent_sample_2': 21, 'NP_NC:bevel_first_balanced|FN_FL:agent_sample_9': 6, 'NP_NC:agent_sample_12|FN_FL:agent_sample_42': 5, 'NP_NC:cut_first_balanced|FN_FL:agent_sample_31': 4, 'NP_NC:agent_sample_55|FN_FL:agent_sample_11': 5, 'NP_NC:agent_sample_13|FN_FL:agent_sample_24': 6, 'NP_NC:cut_first_balanced|FN_FL:agent_sample_50': 2, 'NP_NC:agent_sample_17|FN_FL:wo_first_balanced': 2, 'NP_NC:bevel_first_balanced|FN_FL:agent_sample_2': 8, 'NP_NC:agent_sample_45|FN_FL:bevel_first_balanced': 2, 'NP_NC:agent_sample_12|FN_FL:agent_sample_3': 7, 'NP_NC:agent_sample_4|FN_FL:agent_sample_10': 6, 'NP_NC:cut_first_balanced|FN_FL:agent_sample_4': 3, 'NP_NC:cut_first_balanced|FN_FL:agent_sample_54': 5, 'NP_NC:agent_sample_3|FN_FL:agent_sample_61': 8, 'NP_NC:agent_sample_10|FN_FL:agent_sample_49': 4, 'NP_NC:bevel_first_balanced|FN_FL:agent_sample_26': 4, 'NP_NC:agent_sample_59|FN_FL:agent_sample_4': 5, 'NP_NC:agent_sample_41|FN_FL:agent_sample_18': 9, 'NP_NC:agent_sample_58|FN_FL:agent_sample_11': 3, 'NP_NC:agent_sample_50|FN_FL:agent_sample_31': 7, 'NP_NC:agent_sample_51|FN_FL:agent_sample_5': 5, 'NP_NC:agent_sample_12|FN_FL:agent_sample_16': 12, 'NP_NC:agent_sample_56|FN_FL:agent_sample_8': 3, 'NP_NC:agent_sample_62|FN_FL:agent_sample_6': 7, 'NP_NC:agent_greedy|FN_FL:agent_sample_5': 41, 'NP_NC:agent_sample_22|FN_FL:agent_sample_32': 5, 'NP_NC:agent_sample_33|FN_FL:agent_sample_64': 6, 'NP_NC:agent_sample_14|FN_FL:agent_greedy': 9, 'NP_NC:agent_sample_30|FN_FL:agent_sample_60': 4, 'NP_NC:agent_sample_64|FN_FL:agent_sample_11': 4, 'NP_NC:cut_first_balanced|FN_FL:agent_sample_36': 1, 'NP_NC:agent_sample_12|FN_FL:agent_sample_47': 4, 'NP_NC:bevel_first_balanced|FN_FL:agent_sample_47': 4, 'NP_NC:agent_greedy|FN_FL:agent_greedy': 106, 'NP_NC:agent_sample_53|FN_FL:agent_sample_36': 3, 'NP_NC:agent_sample_25|FN_FL:agent_sample_61': 2, 'NP_NC:agent_greedy|FN_FL:agent_sample_42': 11, 'NP_NC:agent_sample_8|FN_FL:agent_sample_42': 9, 'NP_NC:agent_sample_5|FN_FL:agent_sample_60': 9, 'NP_NC:agent_greedy|FN_FL:agent_sample_12': 14, 'NP_NC:agent_greedy|FN_FL:agent_sample_64': 13, 'NP_NC:agent_sample_21|FN_FL:agent_sample_34': 3, 'NP_NC:agent_sample_5|FN_FL:wo_first_balanced': 6, 'NP_NC:agent_sample_24|FN_FL:agent_sample_20': 7, 'NP_NC:agent_sample_6|FN_FL:agent_sample_35': 6, 'NP_NC:agent_sample_16|FN_FL:agent_sample_8': 1, 'NP_NC:agent_greedy|FN_FL:agent_sample_30': 13, 'NP_NC:agent_sample_8|FN_FL:agent_sample_30': 4, 'NP_NC:agent_sample_56|FN_FL:cut_first_balanced': 2, 'NP_NC:agent_sample_47|FN_FL:agent_sample_19': 10, 'NP_NC:agent_sample_58|FN_FL:agent_sample_19': 4, 'NP_NC:agent_sample_20|FN_FL:agent_sample_24': 3, 'NP_NC:agent_sample_57|FN_FL:agent_sample_55': 5, 'NP_NC:agent_sample_10|FN_FL:agent_sample_21': 3, 'NP_NC:agent_sample_31|FN_FL:agent_sample_27': 5, 'NP_NC:agent_sample_6|FN_FL:agent_sample_46': 2, 'NP_NC:agent_sample_29|FN_FL:agent_sample_51': 5, 'NP_NC:agent_sample_61|FN_FL:agent_greedy': 11, 'NP_NC:agent_sample_20|FN_FL:agent_sample_56': 4, 'NP_NC:agent_greedy|FN_FL:agent_sample_53': 8, 'NP_NC:agent_sample_21|FN_FL:agent_sample_32': 8, 'NP_NC:agent_sample_58|FN_FL:agent_sample_8': 6, 'NP_NC:agent_sample_25|FN_FL:wo_first_balanced': 6, 'NP_NC:cut_first_balanced|FN_FL:agent_sample_47': 3, 'NP_NC:agent_sample_48|FN_FL:cut_first_balanced': 2, 'NP_NC:agent_sample_30|FN_FL:cut_first_balanced': 1, 'NP_NC:agent_sample_6|FN_FL:agent_sample_60': 9, 'NP_NC:agent_sample_24|FN_FL:agent_sample_33': 6, 'NP_NC:wo_first_balanced|FN_FL:agent_sample_6': 7, 'NP_NC:agent_sample_28|FN_FL:agent_sample_4': 4, 'NP_NC:agent_sample_15|FN_FL:agent_greedy': 12, 'NP_NC:agent_sample_56|FN_FL:wo_first_balanced': 4, 'NP_NC:agent_sample_23|FN_FL:wo_first_balanced': 4, 'NP_NC:agent_sample_8|FN_FL:agent_sample_15': 7, 'NP_NC:agent_greedy|FN_FL:wo_first_balanced': 14, 'NP_NC:agent_sample_22|FN_FL:agent_sample_25': 6, 'NP_NC:agent_sample_37|FN_FL:agent_sample_56': 2, 'NP_NC:agent_sample_44|FN_FL:agent_sample_15': 6, 'NP_NC:agent_sample_10|FN_FL:agent_sample_6': 6, 'NP_NC:agent_sample_5|FN_FL:agent_sample_32': 6, 'NP_NC:agent_sample_53|FN_FL:agent_sample_59': 6, 'NP_NC:agent_sample_8|FN_FL:agent_sample_3': 16, 'NP_NC:agent_sample_13|FN_FL:wo_first_balanced': 6, 'NP_NC:agent_sample_58|FN_FL:agent_sample_48': 4, 'NP_NC:agent_sample_48|FN_FL:agent_sample_32': 4, 'NP_NC:agent_sample_3|FN_FL:agent_sample_33': 4, 'NP_NC:agent_sample_37|FN_FL:agent_sample_48': 3, 'NP_NC:agent_sample_33|FN_FL:agent_sample_28': 5, 'NP_NC:agent_sample_3|FN_FL:agent_sample_15': 6, 'NP_NC:agent_greedy|FN_FL:agent_sample_48': 13, 'NP_NC:agent_sample_62|FN_FL:agent_sample_64': 4, 'NP_NC:agent_sample_28|FN_FL:agent_sample_29': 8, 'NP_NC:agent_sample_5|FN_FL:agent_sample_12': 11, 'NP_NC:wo_first_balanced|FN_FL:agent_sample_33': 2, 'NP_NC:agent_sample_38|FN_FL:agent_sample_58': 2, 'NP_NC:wo_first_balanced|FN_FL:agent_sample_12': 12, 'NP_NC:agent_greedy|FN_FL:agent_sample_17': 17, 'NP_NC:agent_sample_2|FN_FL:agent_sample_33': 7, 'NP_NC:agent_sample_54|FN_FL:agent_sample_49': 9, 'NP_NC:agent_sample_20|FN_FL:agent_sample_34': 8, 'NP_NC:agent_sample_17|FN_FL:agent_sample_53': 3, 'NP_NC:agent_sample_7|FN_FL:agent_sample_26': 8, 'NP_NC:agent_sample_57|FN_FL:agent_sample_12': 6, 'NP_NC:agent_sample_43|FN_FL:agent_sample_12': 3, 'NP_NC:agent_sample_53|FN_FL:agent_sample_17': 1, 'NP_NC:agent_sample_27|FN_FL:agent_greedy': 12, 'NP_NC:cut_first_balanced|FN_FL:agent_sample_46': 3, 'NP_NC:agent_sample_29|FN_FL:agent_sample_7': 6, 'NP_NC:agent_sample_38|FN_FL:agent_sample_10': 9, 'NP_NC:agent_greedy|FN_FL:bevel_first_balanced': 20, 'NP_NC:agent_sample_64|FN_FL:agent_sample_61': 4, 'NP_NC:agent_sample_27|FN_FL:agent_sample_52': 4, 'NP_NC:agent_sample_24|FN_FL:agent_sample_39': 3, 'NP_NC:agent_sample_31|FN_FL:agent_sample_7': 6, 'NP_NC:agent_sample_12|FN_FL:agent_sample_15': 5, 'NP_NC:agent_sample_2|FN_FL:agent_sample_4': 9, 'NP_NC:agent_sample_5|FN_FL:agent_sample_18': 3, 'NP_NC:agent_sample_8|FN_FL:agent_greedy': 21, 'NP_NC:agent_sample_30|FN_FL:agent_sample_37': 4, 'NP_NC:agent_sample_9|FN_FL:agent_greedy': 19, 'NP_NC:bevel_first_balanced|FN_FL:agent_sample_12': 4, 'NP_NC:agent_sample_55|FN_FL:agent_sample_20': 2, 'NP_NC:cut_first_balanced|FN_FL:agent_sample_41': 2, 'NP_NC:agent_sample_22|FN_FL:agent_sample_21': 5, 'NP_NC:agent_sample_45|FN_FL:wo_first_balanced': 3, 'NP_NC:cut_first_balanced|FN_FL:agent_sample_20': 3, 'NP_NC:agent_sample_59|FN_FL:agent_sample_24': 2, 'NP_NC:agent_greedy|FN_FL:agent_sample_31': 13, 'NP_NC:agent_greedy|FN_FL:agent_sample_21': 19, 'NP_NC:agent_sample_46|FN_FL:cut_first_balanced': 4, 'NP_NC:agent_greedy|FN_FL:agent_sample_46': 12, 'NP_NC:agent_sample_43|FN_FL:agent_sample_2': 7, 'NP_NC:agent_sample_23|FN_FL:agent_sample_6': 7, 'NP_NC:agent_greedy|FN_FL:agent_sample_63': 13, 'NP_NC:agent_sample_38|FN_FL:agent_sample_26': 6, 'NP_NC:agent_sample_6|FN_FL:agent_sample_7': 6, 'NP_NC:agent_sample_11|FN_FL:agent_sample_6': 13, 'NP_NC:agent_sample_51|FN_FL:agent_sample_63': 5, 'NP_NC:agent_sample_28|FN_FL:agent_sample_19': 4, 'NP_NC:bevel_first_balanced|FN_FL:agent_sample_27': 3, 'NP_NC:agent_sample_23|FN_FL:agent_sample_51': 3, 'NP_NC:agent_sample_47|FN_FL:agent_sample_43': 3, 'NP_NC:bevel_first_balanced|FN_FL:agent_sample_19': 5, 'NP_NC:agent_sample_4|FN_FL:agent_sample_32': 8, 'NP_NC:agent_sample_40|FN_FL:agent_sample_17': 3, 'NP_NC:agent_sample_53|FN_FL:agent_sample_57': 4, 'NP_NC:agent_sample_37|FN_FL:agent_sample_61': 6, 'NP_NC:agent_sample_4|FN_FL:agent_greedy': 27, 'NP_NC:agent_sample_64|FN_FL:agent_sample_51': 6, 'NP_NC:agent_sample_31|FN_FL:agent_sample_58': 5, 'NP_NC:agent_sample_16|FN_FL:agent_sample_55': 4, 'NP_NC:agent_greedy|FN_FL:agent_sample_49': 11, 'NP_NC:bevel_first_balanced|FN_FL:agent_sample_43': 4, 'NP_NC:agent_sample_50|FN_FL:agent_sample_48': 4, 'NP_NC:agent_sample_7|FN_FL:agent_sample_14': 7, 'NP_NC:agent_sample_56|FN_FL:agent_greedy': 8, 'NP_NC:agent_sample_46|FN_FL:agent_sample_10': 6, 'NP_NC:agent_sample_27|FN_FL:agent_sample_19': 4, 'NP_NC:agent_sample_16|FN_FL:cut_first_balanced': 5, 'NP_NC:agent_sample_8|FN_FL:agent_sample_41': 5, 'NP_NC:agent_sample_15|FN_FL:agent_sample_4': 8, 'NP_NC:agent_sample_60|FN_FL:agent_sample_25': 4, 'NP_NC:cut_first_balanced|FN_FL:agent_sample_12': 4, 'NP_NC:agent_sample_7|FN_FL:agent_sample_60': 6, 'NP_NC:agent_sample_37|FN_FL:agent_sample_41': 6, 'NP_NC:agent_sample_11|FN_FL:agent_sample_32': 5, 'NP_NC:agent_sample_16|FN_FL:agent_sample_27': 8, 'NP_NC:agent_sample_43|FN_FL:agent_sample_34': 3, 'NP_NC:agent_sample_9|FN_FL:agent_sample_32': 4, 'NP_NC:cut_first_balanced|FN_FL:agent_sample_29': 5, 'NP_NC:agent_sample_37|FN_FL:agent_sample_49': 4, 'NP_NC:agent_sample_39|FN_FL:agent_sample_64': 2, 'NP_NC:agent_sample_3|FN_FL:agent_sample_59': 4, 'NP_NC:cut_first_balanced|FN_FL:agent_sample_45': 2, 'NP_NC:agent_sample_4|FN_FL:agent_sample_28': 3, 'NP_NC:agent_sample_24|FN_FL:agent_sample_27': 4, 'NP_NC:agent_sample_26|FN_FL:agent_sample_26': 5, 'NP_NC:agent_sample_38|FN_FL:bevel_first_balanced': 2, 'NP_NC:agent_sample_32|FN_FL:bevel_first_balanced': 7, 'NP_NC:agent_sample_50|FN_FL:cut_first_balanced': 2, 'NP_NC:agent_greedy|FN_FL:agent_sample_50': 8, 'NP_NC:agent_sample_31|FN_FL:agent_sample_2': 8, 'NP_NC:agent_sample_58|FN_FL:agent_sample_20': 5, 'NP_NC:agent_sample_19|FN_FL:agent_sample_41': 6, 'NP_NC:agent_sample_30|FN_FL:agent_sample_61': 6, 'NP_NC:agent_sample_53|FN_FL:agent_sample_55': 5, 'NP_NC:agent_sample_9|FN_FL:agent_sample_10': 6, 'NP_NC:agent_sample_54|FN_FL:cut_first_balanced': 3, 'NP_NC:agent_sample_5|FN_FL:agent_sample_3': 17, 'NP_NC:agent_sample_43|FN_FL:agent_sample_17': 4, 'NP_NC:agent_sample_45|FN_FL:agent_sample_43': 5, 'NP_NC:agent_sample_32|FN_FL:agent_sample_47': 5, 'NP_NC:agent_sample_44|FN_FL:agent_sample_9': 1, 'NP_NC:agent_sample_33|FN_FL:agent_sample_62': 5, 'NP_NC:agent_sample_46|FN_FL:agent_sample_9': 3, 'NP_NC:agent_sample_11|FN_FL:agent_sample_12': 7, 'NP_NC:agent_sample_51|FN_FL:agent_sample_20': 3, 'NP_NC:agent_sample_47|FN_FL:agent_sample_8': 2, 'NP_NC:agent_sample_62|FN_FL:agent_sample_12': 8, 'NP_NC:agent_sample_9|FN_FL:agent_sample_2': 10, 'NP_NC:agent_sample_21|FN_FL:agent_sample_31': 7, 'NP_NC:agent_sample_51|FN_FL:bevel_first_balanced': 5, 'NP_NC:agent_sample_45|FN_FL:agent_sample_19': 6, 'NP_NC:agent_sample_7|FN_FL:agent_sample_17': 9, 'NP_NC:agent_sample_62|FN_FL:agent_sample_39': 4, 'NP_NC:agent_sample_20|FN_FL:wo_first_balanced': 8, 'NP_NC:agent_sample_52|FN_FL:agent_sample_9': 6, 'NP_NC:agent_sample_5|FN_FL:agent_sample_11': 9, 'NP_NC:agent_sample_58|FN_FL:agent_sample_51': 3, 'NP_NC:agent_sample_30|FN_FL:agent_sample_20': 7, 'NP_NC:agent_sample_31|FN_FL:agent_sample_60': 3, 'NP_NC:agent_sample_5|FN_FL:agent_sample_51': 8, 'NP_NC:agent_sample_18|FN_FL:agent_sample_62': 3, 'NP_NC:agent_sample_7|FN_FL:agent_sample_54': 1, 'NP_NC:agent_sample_29|FN_FL:agent_sample_48': 5, 'NP_NC:agent_sample_17|FN_FL:agent_sample_28': 4, 'NP_NC:cut_first_balanced|FN_FL:agent_sample_25': 4, 'NP_NC:agent_greedy|FN_FL:cut_first_balanced': 7, 'NP_NC:agent_sample_4|FN_FL:agent_sample_39': 6, 'NP_NC:agent_sample_55|FN_FL:agent_sample_19': 3, 'NP_NC:agent_sample_36|FN_FL:agent_sample_12': 5, 'NP_NC:agent_sample_47|FN_FL:agent_sample_63': 5, 'NP_NC:agent_sample_12|FN_FL:agent_greedy': 9, 'NP_NC:agent_sample_3|FN_FL:agent_sample_63': 3, 'NP_NC:agent_sample_34|FN_FL:agent_sample_62': 7, 'NP_NC:agent_sample_20|FN_FL:agent_sample_49': 4, 'NP_NC:agent_sample_5|FN_FL:agent_sample_36': 10, 'NP_NC:agent_sample_37|FN_FL:agent_sample_17': 5, 'NP_NC:agent_sample_26|FN_FL:agent_sample_18': 2, 'NP_NC:agent_greedy|FN_FL:agent_sample_11': 20, 'NP_NC:agent_sample_21|FN_FL:agent_sample_61': 2, 'NP_NC:agent_sample_8|FN_FL:agent_sample_39': 4, 'NP_NC:agent_sample_13|FN_FL:agent_sample_39': 7, 'NP_NC:agent_sample_60|FN_FL:agent_sample_59': 4, 'NP_NC:agent_sample_22|FN_FL:agent_sample_46': 3, 'NP_NC:agent_sample_51|FN_FL:agent_sample_64': 4, 'NP_NC:agent_sample_12|FN_FL:cut_first_balanced': 4, 'NP_NC:agent_sample_41|FN_FL:agent_sample_40': 10, 'NP_NC:agent_sample_62|FN_FL:agent_sample_8': 6, 'NP_NC:agent_sample_46|FN_FL:agent_sample_8': 6, 'NP_NC:agent_sample_4|FN_FL:agent_sample_5': 9, 'NP_NC:agent_sample_59|FN_FL:agent_sample_51': 7, 'NP_NC:agent_sample_47|FN_FL:agent_sample_17': 5, 'NP_NC:agent_sample_60|FN_FL:agent_greedy': 7, 'NP_NC:agent_sample_61|FN_FL:agent_sample_62': 2, 'NP_NC:agent_sample_14|FN_FL:agent_sample_42': 8, 'NP_NC:agent_greedy|FN_FL:agent_sample_16': 16, 'NP_NC:agent_sample_3|FN_FL:agent_sample_32': 6, 'NP_NC:agent_sample_40|FN_FL:agent_sample_22': 8, 'NP_NC:agent_sample_30|FN_FL:agent_greedy': 6, 'NP_NC:agent_sample_12|FN_FL:agent_sample_64': 5, 'NP_NC:agent_sample_30|FN_FL:agent_sample_8': 4, 'NP_NC:agent_sample_29|FN_FL:agent_sample_2': 6, 'NP_NC:agent_sample_6|FN_FL:agent_sample_18': 8, 'NP_NC:agent_sample_24|FN_FL:agent_sample_9': 5, 'NP_NC:agent_sample_58|FN_FL:agent_sample_16': 4, 'NP_NC:agent_sample_37|FN_FL:agent_sample_29': 6, 'NP_NC:agent_sample_42|FN_FL:agent_sample_20': 3, 'NP_NC:agent_sample_8|FN_FL:agent_sample_38': 7, 'NP_NC:agent_sample_30|FN_FL:agent_sample_21': 3, 'NP_NC:agent_sample_45|FN_FL:agent_sample_61': 3, 'NP_NC:agent_sample_64|FN_FL:agent_sample_49': 6, 'NP_NC:agent_sample_2|FN_FL:cut_first_balanced': 8, 'NP_NC:agent_sample_56|FN_FL:agent_sample_41': 3, 'NP_NC:agent_sample_30|FN_FL:agent_sample_15': 4, 'NP_NC:agent_sample_48|FN_FL:agent_sample_14': 7, 'NP_NC:agent_sample_16|FN_FL:agent_sample_14': 5, 'NP_NC:agent_sample_62|FN_FL:agent_sample_19': 7, 'NP_NC:agent_sample_64|FN_FL:agent_sample_19': 8, 'NP_NC:agent_sample_43|FN_FL:agent_sample_8': 4, 'NP_NC:agent_sample_54|FN_FL:agent_sample_48': 6, 'NP_NC:agent_greedy|FN_FL:agent_sample_37': 11, 'NP_NC:agent_sample_22|FN_FL:agent_sample_45': 7, 'NP_NC:agent_greedy|FN_FL:agent_sample_43': 11, 'NP_NC:agent_sample_20|FN_FL:agent_greedy': 12, 'NP_NC:agent_sample_33|FN_FL:agent_sample_14': 7, 'NP_NC:agent_sample_37|FN_FL:agent_sample_8': 2, 'NP_NC:agent_sample_6|FN_FL:agent_greedy': 23, 'NP_NC:agent_sample_15|FN_FL:agent_sample_12': 3, 'NP_NC:cut_first_balanced|FN_FL:agent_sample_33': 3, 'NP_NC:agent_sample_61|FN_FL:agent_sample_57': 6, 'NP_NC:agent_sample_39|FN_FL:agent_sample_54': 4, 'NP_NC:agent_sample_2|FN_FL:wo_first_balanced': 7, 'NP_NC:agent_sample_43|FN_FL:agent_sample_35': 7, 'NP_NC:agent_sample_6|FN_FL:agent_sample_30': 4, 'NP_NC:agent_sample_50|FN_FL:agent_sample_51': 5, 'NP_NC:agent_greedy|FN_FL:agent_sample_25': 18, 'NP_NC:agent_sample_63|FN_FL:agent_sample_55': 3, 'NP_NC:agent_sample_22|FN_FL:agent_sample_61': 6, 'NP_NC:agent_sample_20|FN_FL:agent_sample_33': 4, 'NP_NC:agent_sample_57|FN_FL:agent_sample_49': 7, 'NP_NC:agent_sample_28|FN_FL:agent_sample_56': 4, 'NP_NC:agent_sample_18|FN_FL:agent_sample_14': 6, 'NP_NC:agent_sample_43|FN_FL:agent_sample_32': 5, 'NP_NC:agent_sample_3|FN_FL:agent_sample_13': 4, 'NP_NC:agent_sample_48|FN_FL:agent_sample_26': 2, 'NP_NC:agent_sample_57|FN_FL:agent_sample_3': 7, 'NP_NC:agent_greedy|FN_FL:agent_sample_36': 15, 'NP_NC:agent_greedy|FN_FL:agent_sample_40': 9, 'NP_NC:agent_sample_18|FN_FL:agent_sample_9': 5, 'NP_NC:agent_sample_12|FN_FL:agent_sample_18': 4, 'NP_NC:agent_sample_29|FN_FL:agent_sample_58': 6, 'NP_NC:agent_sample_10|FN_FL:agent_sample_19': 2, 'NP_NC:agent_sample_3|FN_FL:agent_sample_22': 11, 'NP_NC:agent_sample_17|FN_FL:agent_sample_52': 5, 'NP_NC:agent_sample_36|FN_FL:agent_sample_29': 4, 'NP_NC:agent_sample_17|FN_FL:agent_sample_35': 4, 'NP_NC:agent_sample_31|FN_FL:agent_sample_9': 8, 'NP_NC:agent_sample_16|FN_FL:agent_sample_17': 4, 'NP_NC:agent_sample_12|FN_FL:agent_sample_12': 7, 'NP_NC:agent_sample_6|FN_FL:wo_first_balanced': 4, 'NP_NC:agent_sample_17|FN_FL:agent_sample_21': 4, 'NP_NC:agent_sample_60|FN_FL:agent_sample_13': 7, 'NP_NC:agent_sample_11|FN_FL:agent_sample_54': 8, 'NP_NC:agent_sample_16|FN_FL:agent_sample_45': 5, 'NP_NC:agent_sample_33|FN_FL:agent_sample_18': 3, 'NP_NC:agent_sample_60|FN_FL:agent_sample_41': 7, 'NP_NC:agent_sample_37|FN_FL:agent_sample_34': 4, 'NP_NC:agent_sample_47|FN_FL:agent_sample_35': 3, 'NP_NC:agent_sample_6|FN_FL:agent_sample_39': 5, 'NP_NC:agent_sample_31|FN_FL:agent_sample_34': 7, 'NP_NC:agent_sample_56|FN_FL:agent_sample_16': 4, 'NP_NC:agent_sample_27|FN_FL:agent_sample_36': 3, 'NP_NC:cut_first_balanced|FN_FL:agent_sample_39': 1, 'NP_NC:agent_sample_49|FN_FL:agent_sample_55': 9, 'NP_NC:agent_sample_2|FN_FL:agent_sample_9': 11, 'NP_NC:agent_sample_14|FN_FL:agent_sample_29': 7, 'NP_NC:agent_sample_16|FN_FL:agent_sample_43': 6, 'NP_NC:agent_sample_26|FN_FL:agent_sample_43': 2, 'NP_NC:agent_sample_60|FN_FL:agent_sample_42': 3, 'NP_NC:agent_sample_2|FN_FL:agent_sample_47': 5, 'NP_NC:agent_sample_58|FN_FL:agent_greedy': 11, 'NP_NC:agent_sample_40|FN_FL:agent_sample_59': 4, 'NP_NC:agent_sample_28|FN_FL:agent_sample_44': 4, 'NP_NC:agent_sample_54|FN_FL:agent_sample_38': 3, 'NP_NC:agent_sample_56|FN_FL:agent_sample_51': 8, 'NP_NC:agent_sample_37|FN_FL:agent_sample_31': 4, 'NP_NC:agent_sample_49|FN_FL:agent_sample_31': 1, 'NP_NC:agent_sample_19|FN_FL:agent_sample_8': 9, 'NP_NC:agent_sample_47|FN_FL:agent_sample_12': 8, 'NP_NC:agent_sample_39|FN_FL:agent_sample_23': 3, 'NP_NC:agent_sample_15|FN_FL:agent_sample_57': 5, 'NP_NC:agent_sample_3|FN_FL:agent_sample_31': 5, 'NP_NC:agent_sample_19|FN_FL:agent_sample_17': 2, 'NP_NC:agent_sample_63|FN_FL:agent_sample_61': 5, 'NP_NC:agent_greedy|FN_FL:agent_sample_7': 21, 'NP_NC:agent_sample_2|FN_FL:agent_sample_6': 7, 'NP_NC:agent_sample_23|FN_FL:cut_first_balanced': 3, 'NP_NC:agent_sample_53|FN_FL:agent_sample_25': 9, 'NP_NC:cut_first_balanced|FN_FL:agent_sample_44': 3, 'NP_NC:agent_sample_34|FN_FL:agent_sample_11': 8, 'NP_NC:agent_sample_54|FN_FL:agent_sample_26': 2, 'NP_NC:agent_sample_34|FN_FL:agent_sample_38': 5, 'NP_NC:agent_sample_23|FN_FL:agent_sample_33': 4, 'NP_NC:bevel_first_balanced|FN_FL:agent_sample_48': 5, 'NP_NC:agent_sample_9|FN_FL:agent_sample_56': 5, 'NP_NC:agent_sample_3|FN_FL:agent_sample_12': 12, 'NP_NC:agent_sample_51|FN_FL:agent_sample_22': 5, 'NP_NC:agent_greedy|FN_FL:agent_sample_28': 8, 'NP_NC:agent_sample_24|FN_FL:agent_sample_14': 5, 'NP_NC:agent_sample_42|FN_FL:agent_sample_33': 7, 'NP_NC:agent_sample_36|FN_FL:agent_sample_28': 3, 'NP_NC:agent_sample_12|FN_FL:agent_sample_9': 1, 'NP_NC:agent_sample_40|FN_FL:agent_sample_30': 5, 'NP_NC:agent_sample_47|FN_FL:agent_sample_22': 3, 'NP_NC:wo_first_balanced|FN_FL:agent_sample_43': 4, 'NP_NC:agent_sample_17|FN_FL:agent_sample_16': 7, 'NP_NC:agent_sample_47|FN_FL:agent_sample_18': 3, 'NP_NC:agent_sample_15|FN_FL:agent_sample_50': 5, 'NP_NC:agent_sample_54|FN_FL:agent_sample_54': 6, 'NP_NC:agent_sample_17|FN_FL:agent_sample_10': 7, 'NP_NC:agent_sample_53|FN_FL:agent_sample_42': 2, 'NP_NC:agent_sample_6|FN_FL:agent_sample_44': 8, 'NP_NC:agent_sample_10|FN_FL:agent_sample_62': 6, 'NP_NC:agent_sample_12|FN_FL:agent_sample_30': 3, 'NP_NC:agent_sample_42|FN_FL:agent_sample_23': 4, 'NP_NC:agent_sample_39|FN_FL:agent_sample_33': 5, 'NP_NC:agent_sample_5|FN_FL:agent_sample_20': 3, 'NP_NC:agent_sample_62|FN_FL:agent_sample_46': 3, 'NP_NC:agent_sample_10|FN_FL:agent_sample_34': 5, 'NP_NC:agent_sample_55|FN_FL:agent_sample_21': 4, 'NP_NC:agent_sample_41|FN_FL:agent_sample_9': 2, 'NP_NC:agent_sample_5|FN_FL:agent_sample_33': 9, 'NP_NC:agent_sample_41|FN_FL:agent_sample_29': 4, 'NP_NC:wo_first_balanced|FN_FL:agent_sample_28': 5, 'NP_NC:agent_sample_15|FN_FL:agent_sample_51': 5, 'NP_NC:agent_sample_57|FN_FL:agent_sample_53': 6, 'NP_NC:agent_sample_54|FN_FL:agent_sample_27': 5, 'NP_NC:agent_sample_14|FN_FL:agent_sample_18': 8, 'NP_NC:agent_sample_29|FN_FL:agent_greedy': 9, 'NP_NC:agent_sample_8|FN_FL:agent_sample_21': 4, 'NP_NC:agent_sample_59|FN_FL:agent_sample_19': 3, 'NP_NC:agent_sample_17|FN_FL:agent_sample_55': 4, 'NP_NC:agent_sample_25|FN_FL:agent_sample_18': 4, 'NP_NC:agent_sample_4|FN_FL:agent_sample_41': 8, 'NP_NC:agent_sample_33|FN_FL:agent_sample_27': 4, 'NP_NC:agent_sample_21|FN_FL:agent_greedy': 9, 'NP_NC:agent_sample_54|FN_FL:agent_sample_23': 6, 'NP_NC:agent_sample_48|FN_FL:agent_sample_8': 5, 'NP_NC:agent_sample_25|FN_FL:agent_greedy': 11, 'NP_NC:agent_sample_3|FN_FL:cut_first_balanced': 7, 'NP_NC:agent_sample_42|FN_FL:agent_sample_14': 8, 'NP_NC:agent_sample_48|FN_FL:agent_sample_53': 4, 'NP_NC:agent_sample_55|FN_FL:agent_sample_7': 4, 'NP_NC:agent_sample_22|FN_FL:wo_first_balanced': 4, 'NP_NC:agent_sample_22|FN_FL:agent_sample_3': 7, 'NP_NC:agent_sample_26|FN_FL:agent_sample_6': 7, 'NP_NC:agent_sample_34|FN_FL:agent_sample_60': 3, 'NP_NC:agent_sample_13|FN_FL:agent_sample_27': 6, 'NP_NC:agent_sample_42|FN_FL:agent_sample_10': 5, 'NP_NC:agent_sample_37|FN_FL:agent_sample_3': 9, 'NP_NC:agent_sample_53|FN_FL:agent_sample_18': 7, 'NP_NC:agent_sample_41|FN_FL:agent_sample_33': 7, 'NP_NC:agent_sample_51|FN_FL:agent_sample_13': 5, 'NP_NC:agent_sample_44|FN_FL:agent_sample_18': 4, 'NP_NC:agent_sample_37|FN_FL:agent_sample_4': 6, 'NP_NC:agent_sample_25|FN_FL:agent_sample_3': 5, 'NP_NC:agent_sample_42|FN_FL:agent_sample_4': 3, 'NP_NC:agent_sample_35|FN_FL:agent_sample_8': 7, 'NP_NC:agent_sample_9|FN_FL:agent_sample_18': 7, 'NP_NC:agent_greedy|FN_FL:agent_sample_20': 14, 'NP_NC:agent_sample_62|FN_FL:agent_sample_53': 4, 'NP_NC:agent_sample_14|FN_FL:agent_sample_35': 10, 'NP_NC:agent_sample_51|FN_FL:agent_sample_54': 2, 'NP_NC:agent_sample_7|FN_FL:agent_sample_3': 7, 'NP_NC:agent_greedy|FN_FL:agent_sample_62': 13, 'NP_NC:agent_sample_10|FN_FL:agent_sample_32': 8, 'NP_NC:agent_sample_44|FN_FL:agent_sample_2': 5, 'NP_NC:agent_sample_48|FN_FL:agent_sample_47': 6, 'NP_NC:agent_sample_39|FN_FL:agent_sample_21': 3, 'NP_NC:agent_sample_31|FN_FL:wo_first_balanced': 5, 'NP_NC:agent_sample_27|FN_FL:agent_sample_37': 5, 'NP_NC:agent_sample_21|FN_FL:agent_sample_28': 2, 'NP_NC:agent_sample_53|FN_FL:agent_sample_23': 4, 'NP_NC:agent_sample_34|FN_FL:agent_sample_18': 5, 'NP_NC:agent_greedy|FN_FL:agent_sample_6': 19, 'NP_NC:agent_sample_29|FN_FL:agent_sample_25': 7, 'NP_NC:wo_first_balanced|FN_FL:agent_sample_4': 8, 'NP_NC:agent_sample_29|FN_FL:agent_sample_31': 4, 'NP_NC:agent_sample_21|FN_FL:agent_sample_57': 5, 'NP_NC:agent_sample_26|FN_FL:agent_sample_32': 6, 'NP_NC:agent_sample_19|FN_FL:agent_sample_23': 4, 'NP_NC:agent_sample_45|FN_FL:agent_sample_38': 7, 'NP_NC:agent_sample_33|FN_FL:agent_sample_36': 8, 'NP_NC:agent_sample_63|FN_FL:agent_sample_2': 5, 'NP_NC:agent_sample_30|FN_FL:agent_sample_58': 9, 'NP_NC:agent_sample_19|FN_FL:agent_sample_63': 5, 'NP_NC:agent_sample_45|FN_FL:agent_sample_48': 4, 'NP_NC:agent_sample_10|FN_FL:agent_sample_43': 4, 'NP_NC:agent_sample_7|FN_FL:agent_sample_34': 5, 'NP_NC:agent_sample_6|FN_FL:agent_sample_56': 3, 'NP_NC:agent_sample_3|FN_FL:agent_sample_27': 9, 'NP_NC:agent_sample_36|FN_FL:agent_sample_24': 5, 'NP_NC:agent_sample_61|FN_FL:wo_first_balanced': 3, 'NP_NC:agent_sample_23|FN_FL:agent_sample_47': 8, 'NP_NC:agent_sample_9|FN_FL:agent_sample_12': 5, 'NP_NC:agent_sample_20|FN_FL:agent_sample_16': 7, 'NP_NC:agent_sample_23|FN_FL:agent_sample_30': 8, 'NP_NC:agent_sample_42|FN_FL:agent_sample_3': 3, 'NP_NC:agent_sample_36|FN_FL:agent_sample_14': 3, 'NP_NC:agent_sample_13|FN_FL:agent_sample_23': 7, 'NP_NC:agent_sample_50|FN_FL:agent_sample_15': 3, 'NP_NC:agent_sample_26|FN_FL:agent_sample_8': 11, 'NP_NC:agent_sample_49|FN_FL:agent_sample_44': 2, 'NP_NC:agent_greedy|FN_FL:agent_sample_60': 13, 'NP_NC:agent_sample_41|FN_FL:agent_sample_17': 2, 'NP_NC:agent_sample_6|FN_FL:agent_sample_2': 12, 'NP_NC:agent_sample_34|FN_FL:agent_sample_61': 7, 'NP_NC:agent_sample_47|FN_FL:agent_sample_31': 3, 'NP_NC:agent_sample_33|FN_FL:agent_sample_31': 3, 'NP_NC:agent_sample_64|FN_FL:agent_sample_44': 4, 'NP_NC:agent_sample_37|FN_FL:agent_sample_15': 6, 'NP_NC:agent_sample_8|FN_FL:agent_sample_31': 4, 'NP_NC:agent_sample_50|FN_FL:agent_greedy': 7, 'NP_NC:agent_sample_49|FN_FL:agent_sample_46': 3, 'NP_NC:agent_sample_35|FN_FL:agent_sample_35': 5, 'NP_NC:agent_sample_4|FN_FL:agent_sample_61': 5, 'NP_NC:agent_sample_5|FN_FL:agent_sample_53': 4, 'NP_NC:agent_sample_42|FN_FL:agent_sample_42': 7, 'NP_NC:agent_sample_48|FN_FL:agent_sample_4': 5, 'NP_NC:agent_sample_59|FN_FL:agent_sample_28': 4, 'NP_NC:agent_greedy|FN_FL:agent_sample_14': 12, 'NP_NC:agent_sample_23|FN_FL:agent_sample_63': 7, 'NP_NC:agent_sample_15|FN_FL:agent_sample_13': 4, 'NP_NC:agent_greedy|FN_FL:agent_sample_23': 21, 'NP_NC:agent_sample_27|FN_FL:agent_sample_51': 2, 'NP_NC:agent_sample_44|FN_FL:agent_sample_52': 3, 'NP_NC:agent_sample_52|FN_FL:agent_sample_56': 4, 'NP_NC:agent_sample_5|FN_FL:agent_sample_47': 7, 'NP_NC:agent_sample_42|FN_FL:agent_sample_24': 2, 'NP_NC:agent_sample_50|FN_FL:agent_sample_20': 5, 'NP_NC:agent_sample_34|FN_FL:agent_sample_45': 3, 'NP_NC:agent_sample_4|FN_FL:wo_first_balanced': 9, 'NP_NC:agent_sample_38|FN_FL:agent_sample_7': 7, 'NP_NC:agent_sample_4|FN_FL:agent_sample_23': 8, 'NP_NC:agent_sample_34|FN_FL:agent_sample_5': 7, 'NP_NC:agent_sample_27|FN_FL:agent_sample_28': 7, 'NP_NC:agent_sample_64|FN_FL:agent_sample_52': 7, 'NP_NC:agent_sample_9|FN_FL:agent_sample_37': 3, 'NP_NC:agent_sample_54|FN_FL:agent_sample_8': 6, 'NP_NC:agent_sample_40|FN_FL:agent_sample_43': 6, 'NP_NC:agent_sample_10|FN_FL:agent_sample_45': 5, 'NP_NC:agent_sample_4|FN_FL:agent_sample_43': 7, 'NP_NC:agent_sample_2|FN_FL:agent_sample_21': 6, 'NP_NC:agent_sample_28|FN_FL:agent_sample_9': 4, 'NP_NC:agent_sample_56|FN_FL:agent_sample_7': 8, 'NP_NC:agent_sample_15|FN_FL:agent_sample_40': 4, 'NP_NC:agent_sample_56|FN_FL:agent_sample_50': 8, 'NP_NC:agent_sample_22|FN_FL:agent_sample_19': 8, 'NP_NC:agent_sample_62|FN_FL:agent_sample_18': 7, 'NP_NC:agent_sample_41|FN_FL:agent_sample_12': 6, 'NP_NC:bevel_first_balanced|FN_FL:agent_sample_56': 3, 'NP_NC:agent_sample_19|FN_FL:agent_sample_30': 5, 'NP_NC:agent_sample_26|FN_FL:agent_sample_19': 5, 'NP_NC:agent_sample_48|FN_FL:agent_sample_62': 4, 'NP_NC:agent_sample_37|FN_FL:agent_sample_26': 2, 'NP_NC:agent_sample_54|FN_FL:agent_sample_39': 2, 'NP_NC:agent_sample_3|FN_FL:agent_sample_57': 5, 'NP_NC:agent_sample_3|FN_FL:agent_sample_53': 6, 'NP_NC:agent_sample_31|FN_FL:agent_sample_13': 1, 'NP_NC:agent_sample_22|FN_FL:agent_sample_13': 5, 'NP_NC:agent_sample_10|FN_FL:agent_sample_61': 2, 'NP_NC:agent_sample_44|FN_FL:agent_sample_46': 4, 'NP_NC:agent_sample_59|FN_FL:agent_sample_40': 3, 'NP_NC:agent_sample_3|FN_FL:agent_sample_3': 16, 'NP_NC:agent_sample_28|FN_FL:agent_sample_54': 5, 'NP_NC:agent_sample_54|FN_FL:agent_sample_13': 5, 'NP_NC:agent_sample_22|FN_FL:agent_sample_20': 8, 'NP_NC:agent_sample_11|FN_FL:agent_sample_20': 5, 'NP_NC:agent_sample_28|FN_FL:agent_sample_52': 5, 'NP_NC:agent_sample_3|FN_FL:agent_sample_48': 9, 'NP_NC:agent_sample_16|FN_FL:agent_sample_36': 10, 'NP_NC:agent_sample_24|FN_FL:agent_sample_18': 6, 'NP_NC:agent_sample_20|FN_FL:agent_sample_38': 6, 'NP_NC:agent_sample_17|FN_FL:agent_sample_33': 5, 'NP_NC:agent_sample_4|FN_FL:agent_sample_42': 8, 'NP_NC:agent_sample_59|FN_FL:wo_first_balanced': 4, 'NP_NC:agent_sample_17|FN_FL:agent_sample_38': 4, 'NP_NC:agent_greedy|FN_FL:agent_sample_29': 15, 'NP_NC:agent_sample_32|FN_FL:agent_sample_30': 5, 'NP_NC:agent_sample_4|FN_FL:agent_sample_2': 11, 'NP_NC:agent_sample_51|FN_FL:agent_sample_26': 3, 'NP_NC:agent_sample_24|FN_FL:agent_sample_41': 9, 'NP_NC:agent_sample_34|FN_FL:agent_sample_58': 4, 'NP_NC:agent_sample_7|FN_FL:agent_sample_47': 3, 'NP_NC:agent_sample_23|FN_FL:agent_sample_35': 7, 'NP_NC:agent_sample_6|FN_FL:agent_sample_23': 7, 'NP_NC:agent_sample_10|FN_FL:agent_sample_36': 2, 'NP_NC:agent_sample_13|FN_FL:agent_sample_16': 6, 'NP_NC:agent_sample_62|FN_FL:agent_sample_62': 5, 'NP_NC:agent_sample_63|FN_FL:agent_sample_57': 5, 'NP_NC:agent_sample_11|FN_FL:agent_sample_59': 2, 'NP_NC:agent_sample_18|FN_FL:agent_sample_50': 6, 'NP_NC:agent_sample_43|FN_FL:agent_sample_19': 4, 'NP_NC:agent_sample_41|FN_FL:agent_sample_62': 5, 'NP_NC:agent_sample_61|FN_FL:agent_sample_22': 4, 'NP_NC:agent_sample_2|FN_FL:agent_sample_62': 7, 'NP_NC:agent_sample_36|FN_FL:agent_sample_52': 7, 'NP_NC:agent_greedy|FN_FL:agent_sample_2': 41, 'NP_NC:agent_sample_30|FN_FL:agent_sample_12': 4, 'NP_NC:agent_greedy|FN_FL:agent_sample_22': 7, 'NP_NC:agent_sample_53|FN_FL:agent_sample_30': 5, 'NP_NC:agent_sample_45|FN_FL:agent_sample_54': 5, 'NP_NC:agent_sample_19|FN_FL:agent_sample_26': 5, 'NP_NC:agent_sample_47|FN_FL:agent_sample_25': 7, 'NP_NC:agent_sample_2|FN_FL:agent_sample_55': 9, 'NP_NC:agent_sample_43|FN_FL:agent_sample_22': 3, 'NP_NC:agent_sample_11|FN_FL:agent_sample_16': 4, 'NP_NC:agent_sample_23|FN_FL:agent_sample_44': 6, 'NP_NC:agent_sample_39|FN_FL:agent_sample_58': 7, 'NP_NC:agent_sample_60|FN_FL:agent_sample_51': 3, 'NP_NC:agent_sample_36|FN_FL:agent_sample_43': 3, 'NP_NC:agent_sample_56|FN_FL:agent_sample_55': 6, 'NP_NC:agent_sample_11|FN_FL:agent_sample_40': 3, 'NP_NC:agent_sample_28|FN_FL:agent_sample_7': 2, 'NP_NC:agent_sample_29|FN_FL:agent_sample_56': 5, 'NP_NC:agent_sample_7|FN_FL:agent_sample_9': 7, 'NP_NC:agent_sample_47|FN_FL:agent_sample_7': 5, 'NP_NC:agent_sample_3|FN_FL:agent_sample_10': 8, 'NP_NC:agent_sample_24|FN_FL:agent_sample_51': 7, 'NP_NC:agent_sample_15|FN_FL:agent_sample_58': 3, 'NP_NC:agent_sample_4|FN_FL:agent_sample_33': 2, 'NP_NC:agent_sample_24|FN_FL:agent_sample_28': 2, 'NP_NC:agent_sample_14|FN_FL:agent_sample_48': 6, 'NP_NC:agent_sample_36|FN_FL:agent_sample_8': 4, 'NP_NC:agent_sample_14|FN_FL:agent_sample_11': 9, 'NP_NC:agent_sample_28|FN_FL:agent_sample_18': 5, 'NP_NC:agent_sample_27|FN_FL:agent_sample_29': 5, 'NP_NC:agent_sample_10|FN_FL:agent_sample_4': 8, 'NP_NC:agent_sample_36|FN_FL:cut_first_balanced': 3, 'NP_NC:agent_sample_40|FN_FL:agent_sample_12': 5, 'NP_NC:agent_sample_10|FN_FL:agent_sample_39': 5, 'NP_NC:agent_sample_52|FN_FL:agent_sample_47': 2, 'NP_NC:agent_sample_62|FN_FL:agent_greedy': 9, 'NP_NC:agent_sample_3|FN_FL:agent_sample_37': 5, 'NP_NC:agent_sample_19|FN_FL:agent_sample_10': 11, 'NP_NC:agent_sample_5|FN_FL:agent_sample_7': 6, 'NP_NC:agent_sample_25|FN_FL:agent_sample_15': 5, 'NP_NC:agent_sample_39|FN_FL:agent_sample_50': 6, 'NP_NC:agent_sample_12|FN_FL:agent_sample_51': 5, 'NP_NC:agent_sample_32|FN_FL:agent_sample_44': 6, 'NP_NC:agent_sample_56|FN_FL:agent_sample_19': 1, 'NP_NC:agent_sample_35|FN_FL:agent_sample_37': 4, 'NP_NC:agent_sample_14|FN_FL:agent_sample_10': 7, 'NP_NC:agent_sample_49|FN_FL:agent_sample_40': 2, 'NP_NC:agent_sample_53|FN_FL:agent_sample_47': 3, 'NP_NC:agent_sample_63|FN_FL:agent_sample_7': 8, 'NP_NC:agent_sample_16|FN_FL:agent_sample_62': 3, 'NP_NC:agent_sample_55|FN_FL:agent_sample_5': 5, 'NP_NC:agent_sample_17|FN_FL:agent_sample_15': 5, 'NP_NC:agent_sample_32|FN_FL:agent_sample_59': 6, 'NP_NC:agent_sample_56|FN_FL:agent_sample_64': 4, 'NP_NC:agent_sample_20|FN_FL:agent_sample_19': 6, 'NP_NC:agent_sample_59|FN_FL:agent_sample_46': 5, 'NP_NC:agent_sample_4|FN_FL:agent_sample_53': 10, 'NP_NC:agent_sample_29|FN_FL:agent_sample_63': 9, 'NP_NC:agent_sample_46|FN_FL:agent_sample_32': 7, 'NP_NC:agent_sample_36|FN_FL:agent_sample_22': 8, 'NP_NC:agent_sample_13|FN_FL:bevel_first_balanced': 3, 'NP_NC:agent_sample_45|FN_FL:agent_sample_2': 8, 'NP_NC:agent_sample_14|FN_FL:agent_sample_64': 6, 'NP_NC:agent_greedy|FN_FL:agent_sample_57': 8, 'NP_NC:agent_sample_3|FN_FL:agent_sample_28': 1, 'NP_NC:agent_sample_64|FN_FL:bevel_first_balanced': 2, 'NP_NC:agent_sample_60|FN_FL:agent_sample_64': 6, 'NP_NC:bevel_first_balanced|FN_FL:agent_sample_37': 2, 'NP_NC:agent_sample_58|FN_FL:agent_sample_49': 3, 'NP_NC:agent_sample_57|FN_FL:agent_sample_51': 1, 'NP_NC:agent_sample_14|FN_FL:agent_sample_51': 4, 'NP_NC:agent_sample_20|FN_FL:agent_sample_17': 5, 'NP_NC:agent_sample_26|FN_FL:agent_sample_2': 6, 'NP_NC:agent_sample_31|FN_FL:agent_sample_50': 5, 'NP_NC:agent_greedy|FN_FL:agent_sample_58': 11, 'NP_NC:agent_sample_28|FN_FL:agent_sample_28': 6, 'NP_NC:agent_sample_7|FN_FL:agent_sample_27': 6, 'NP_NC:agent_sample_6|FN_FL:agent_sample_8': 5, 'NP_NC:agent_sample_27|FN_FL:agent_sample_8': 6, 'NP_NC:agent_sample_50|FN_FL:agent_sample_14': 2, 'NP_NC:agent_sample_7|FN_FL:agent_sample_38': 7, 'NP_NC:agent_sample_3|FN_FL:agent_sample_2': 18, 'NP_NC:agent_sample_28|FN_FL:agent_sample_22': 5, 'NP_NC:agent_sample_15|FN_FL:agent_sample_37': 7, 'NP_NC:agent_sample_3|FN_FL:agent_sample_9': 6, 'NP_NC:agent_sample_7|FN_FL:agent_sample_6': 4, 'NP_NC:agent_sample_43|FN_FL:agent_sample_51': 5, 'NP_NC:agent_sample_46|FN_FL:agent_sample_5': 5, 'NP_NC:agent_sample_26|FN_FL:agent_sample_31': 6, 'NP_NC:agent_sample_32|FN_FL:agent_sample_16': 3, 'NP_NC:agent_sample_48|FN_FL:agent_sample_3': 4, 'NP_NC:agent_sample_31|FN_FL:agent_sample_44': 5, 'NP_NC:agent_sample_40|FN_FL:agent_sample_53': 2, 'NP_NC:agent_sample_5|FN_FL:agent_sample_21': 7, 'NP_NC:agent_sample_42|FN_FL:agent_sample_32': 5, 'NP_NC:agent_sample_15|FN_FL:agent_sample_26': 5, 'NP_NC:agent_sample_52|FN_FL:agent_sample_23': 4, 'NP_NC:agent_sample_63|FN_FL:agent_sample_29': 5, 'NP_NC:agent_sample_15|FN_FL:agent_sample_46': 5, 'NP_NC:agent_sample_55|FN_FL:agent_sample_52': 5, 'NP_NC:agent_sample_2|FN_FL:agent_sample_58': 5, 'NP_NC:agent_sample_11|FN_FL:agent_sample_28': 4, 'NP_NC:agent_sample_3|FN_FL:agent_sample_34': 9, 'NP_NC:agent_sample_28|FN_FL:agent_sample_58': 1, 'NP_NC:agent_sample_2|FN_FL:agent_sample_31': 9, 'NP_NC:agent_sample_53|FN_FL:agent_sample_48': 5, 'NP_NC:agent_sample_39|FN_FL:agent_sample_19': 6, 'NP_NC:agent_sample_17|FN_FL:agent_sample_39': 4, 'NP_NC:agent_sample_18|FN_FL:agent_greedy': 10, 'NP_NC:agent_sample_60|FN_FL:agent_sample_8': 4, 'NP_NC:agent_sample_58|FN_FL:agent_sample_30': 6, 'NP_NC:agent_sample_44|FN_FL:agent_sample_4': 4, 'NP_NC:agent_sample_57|FN_FL:agent_sample_38': 7, 'NP_NC:agent_sample_52|FN_FL:agent_sample_55': 5, 'NP_NC:agent_greedy|FN_FL:agent_sample_54': 10, 'NP_NC:agent_sample_42|FN_FL:agent_sample_26': 10, 'NP_NC:agent_greedy|FN_FL:agent_sample_10': 17, 'NP_NC:agent_sample_54|FN_FL:agent_sample_4': 3, 'NP_NC:agent_sample_26|FN_FL:agent_sample_58': 3, 'NP_NC:agent_sample_49|FN_FL:agent_sample_27': 2, 'NP_NC:agent_sample_57|FN_FL:agent_sample_45': 5, 'NP_NC:agent_sample_59|FN_FL:agent_greedy': 12, 'NP_NC:agent_sample_10|FN_FL:agent_sample_7': 12, 'NP_NC:agent_sample_15|FN_FL:agent_sample_60': 4, 'NP_NC:agent_sample_26|FN_FL:agent_sample_62': 5, 'NP_NC:agent_sample_37|FN_FL:agent_greedy': 7, 'NP_NC:agent_sample_28|FN_FL:agent_sample_16': 3, 'NP_NC:agent_sample_52|FN_FL:agent_sample_26': 4, 'NP_NC:agent_sample_31|FN_FL:agent_sample_33': 7, 'NP_NC:agent_sample_31|FN_FL:agent_sample_17': 8, 'NP_NC:agent_sample_30|FN_FL:agent_sample_19': 7, 'NP_NC:agent_sample_63|FN_FL:agent_sample_56': 3, 'NP_NC:agent_sample_51|FN_FL:agent_sample_24': 2, 'NP_NC:agent_sample_8|FN_FL:agent_sample_36': 3, 'NP_NC:agent_sample_57|FN_FL:agent_sample_56': 4, 'NP_NC:agent_sample_6|FN_FL:agent_sample_55': 6, 'NP_NC:agent_sample_41|FN_FL:agent_sample_50': 4, 'NP_NC:agent_sample_41|FN_FL:wo_first_balanced': 3, 'NP_NC:agent_sample_48|FN_FL:agent_sample_41': 5, 'NP_NC:agent_sample_36|FN_FL:bevel_first_balanced': 1, 'NP_NC:agent_sample_34|FN_FL:agent_sample_52': 3, 'NP_NC:agent_sample_58|FN_FL:agent_sample_45': 4, 'NP_NC:agent_sample_40|FN_FL:agent_sample_2': 9, 'NP_NC:wo_first_balanced|FN_FL:agent_sample_19': 4, 'NP_NC:agent_sample_42|FN_FL:agent_sample_36': 3, 'NP_NC:agent_sample_23|FN_FL:agent_sample_27': 6, 'NP_NC:agent_sample_14|FN_FL:agent_sample_36': 6, 'NP_NC:agent_sample_49|FN_FL:agent_sample_57': 4, 'NP_NC:agent_sample_37|FN_FL:agent_sample_37': 4, 'NP_NC:agent_sample_60|FN_FL:agent_sample_60': 3, 'NP_NC:agent_sample_22|FN_FL:agent_sample_15': 5, 'NP_NC:agent_sample_24|FN_FL:agent_sample_29': 5, 'NP_NC:agent_sample_24|FN_FL:agent_sample_13': 5, 'NP_NC:agent_sample_28|FN_FL:agent_sample_60': 3, 'NP_NC:agent_sample_3|FN_FL:agent_sample_25': 6, 'NP_NC:agent_sample_26|FN_FL:agent_sample_27': 5, 'NP_NC:cut_first_balanced|FN_FL:agent_sample_52': 1, 'NP_NC:agent_sample_9|FN_FL:agent_sample_33': 5, 'NP_NC:agent_sample_2|FN_FL:agent_sample_24': 7, 'NP_NC:agent_sample_54|FN_FL:agent_sample_11': 8, 'NP_NC:agent_sample_29|FN_FL:agent_sample_62': 6, 'NP_NC:agent_sample_48|FN_FL:agent_sample_22': 3, 'NP_NC:agent_sample_54|FN_FL:agent_sample_16': 5, 'NP_NC:agent_sample_3|FN_FL:bevel_first_balanced': 6, 'NP_NC:cut_first_balanced|FN_FL:agent_sample_7': 5, 'NP_NC:agent_sample_30|FN_FL:agent_sample_25': 4, 'NP_NC:agent_sample_58|FN_FL:agent_sample_57': 4, 'NP_NC:agent_sample_37|FN_FL:wo_first_balanced': 2, 'NP_NC:agent_sample_52|FN_FL:agent_sample_43': 6, 'NP_NC:agent_sample_61|FN_FL:agent_sample_39': 8, 'NP_NC:agent_sample_35|FN_FL:agent_sample_3': 4, 'NP_NC:agent_sample_54|FN_FL:agent_sample_47': 3, 'NP_NC:agent_sample_25|FN_FL:agent_sample_14': 4, 'NP_NC:agent_sample_30|FN_FL:agent_sample_46': 5, 'NP_NC:agent_sample_63|FN_FL:agent_greedy': 6, 'NP_NC:agent_sample_63|FN_FL:agent_sample_17': 1, 'NP_NC:agent_sample_39|FN_FL:agent_sample_31': 3, 'NP_NC:agent_sample_62|FN_FL:agent_sample_24': 2, 'NP_NC:agent_sample_59|FN_FL:agent_sample_27': 2, 'NP_NC:agent_sample_45|FN_FL:agent_sample_63': 5, 'NP_NC:agent_sample_30|FN_FL:agent_sample_55': 8, 'NP_NC:agent_sample_19|FN_FL:agent_sample_49': 6, 'NP_NC:agent_sample_20|FN_FL:agent_sample_54': 4, 'NP_NC:agent_sample_18|FN_FL:agent_sample_57': 5, 'NP_NC:agent_sample_25|FN_FL:agent_sample_64': 8, 'NP_NC:agent_sample_16|FN_FL:agent_sample_20': 6, 'NP_NC:agent_sample_43|FN_FL:agent_sample_57': 3, 'NP_NC:agent_sample_38|FN_FL:agent_sample_28': 5, 'NP_NC:agent_sample_34|FN_FL:agent_sample_47': 5, 'NP_NC:agent_sample_56|FN_FL:agent_sample_37': 4, 'NP_NC:agent_sample_18|FN_FL:agent_sample_4': 2, 'NP_NC:agent_sample_58|FN_FL:agent_sample_38': 8, 'NP_NC:agent_sample_40|FN_FL:agent_sample_34': 5, 'NP_NC:agent_sample_48|FN_FL:agent_sample_24': 5, 'NP_NC:agent_sample_34|FN_FL:agent_sample_42': 4, 'NP_NC:agent_sample_36|FN_FL:agent_sample_19': 5, 'NP_NC:agent_sample_26|FN_FL:agent_sample_38': 4, 'NP_NC:agent_sample_27|FN_FL:agent_sample_56': 2, 'NP_NC:agent_sample_33|FN_FL:agent_sample_41': 4, 'NP_NC:agent_sample_31|FN_FL:cut_first_balanced': 2, 'NP_NC:agent_sample_3|FN_FL:agent_sample_62': 6, 'NP_NC:agent_sample_48|FN_FL:agent_sample_27': 4, 'NP_NC:agent_sample_10|FN_FL:agent_sample_42': 4, 'NP_NC:agent_sample_22|FN_FL:agent_sample_34': 7, 'NP_NC:agent_sample_35|FN_FL:agent_greedy': 12, 'NP_NC:agent_sample_13|FN_FL:agent_sample_22': 5, 'NP_NC:agent_sample_27|FN_FL:agent_sample_32': 5, 'NP_NC:agent_sample_30|FN_FL:agent_sample_62': 3, 'NP_NC:agent_sample_42|FN_FL:agent_sample_6': 4, 'NP_NC:agent_sample_10|FN_FL:agent_sample_13': 4, 'NP_NC:agent_sample_32|FN_FL:agent_sample_63': 2, 'NP_NC:agent_sample_21|FN_FL:agent_sample_22': 6, 'NP_NC:agent_sample_26|FN_FL:agent_sample_59': 6, 'NP_NC:agent_sample_35|FN_FL:agent_sample_6': 3, 'NP_NC:agent_sample_54|FN_FL:agent_sample_18': 1, 'NP_NC:agent_sample_9|FN_FL:agent_sample_49': 2, 'NP_NC:agent_greedy|FN_FL:agent_sample_35': 17, 'NP_NC:agent_sample_40|FN_FL:agent_sample_41': 3, 'NP_NC:agent_sample_64|FN_FL:agent_sample_28': 4, 'NP_NC:agent_sample_58|FN_FL:agent_sample_13': 3, 'NP_NC:agent_sample_28|FN_FL:agent_sample_42': 6, 'NP_NC:agent_sample_11|FN_FL:agent_sample_24': 4, 'NP_NC:agent_sample_26|FN_FL:agent_sample_47': 6, 'NP_NC:agent_sample_45|FN_FL:agent_sample_26': 4, 'NP_NC:agent_sample_38|FN_FL:agent_sample_16': 7, 'NP_NC:agent_sample_49|FN_FL:agent_sample_54': 3, 'NP_NC:agent_sample_15|FN_FL:agent_sample_53': 6, 'NP_NC:agent_sample_46|FN_FL:agent_sample_63': 5, 'NP_NC:agent_sample_50|FN_FL:agent_sample_4': 8, 'NP_NC:agent_sample_4|FN_FL:agent_sample_45': 2, 'NP_NC:agent_sample_26|FN_FL:agent_sample_10': 3, 'NP_NC:agent_sample_29|FN_FL:agent_sample_18': 4, 'NP_NC:agent_sample_54|FN_FL:agent_sample_6': 4, 'NP_NC:agent_sample_16|FN_FL:agent_sample_29': 10, 'NP_NC:agent_sample_20|FN_FL:agent_sample_52': 5, 'NP_NC:agent_sample_13|FN_FL:agent_sample_11': 7, 'NP_NC:agent_sample_13|FN_FL:agent_sample_50': 5, 'NP_NC:agent_sample_34|FN_FL:bevel_first_balanced': 2, 'NP_NC:agent_sample_9|FN_FL:agent_sample_41': 5, 'NP_NC:agent_sample_45|FN_FL:agent_sample_21': 3, 'NP_NC:agent_sample_60|FN_FL:agent_sample_29': 2, 'NP_NC:agent_sample_49|FN_FL:agent_sample_5': 7, 'NP_NC:agent_sample_32|FN_FL:wo_first_balanced': 4, 'NP_NC:agent_sample_43|FN_FL:agent_sample_53': 9, 'NP_NC:agent_sample_57|FN_FL:agent_sample_6': 6, 'NP_NC:agent_sample_17|FN_FL:agent_sample_54': 4, 'NP_NC:agent_sample_50|FN_FL:agent_sample_17': 5, 'NP_NC:agent_sample_12|FN_FL:agent_sample_50': 7, 'NP_NC:agent_sample_52|FN_FL:agent_sample_30': 4, 'NP_NC:agent_sample_6|FN_FL:agent_sample_13': 3, 'NP_NC:agent_sample_56|FN_FL:agent_sample_26': 5, 'NP_NC:agent_sample_31|FN_FL:agent_sample_56': 6, 'NP_NC:agent_sample_20|FN_FL:agent_sample_13': 5, 'NP_NC:agent_sample_34|FN_FL:agent_sample_34': 4, 'NP_NC:agent_sample_30|FN_FL:bevel_first_balanced': 3, 'NP_NC:agent_sample_31|FN_FL:agent_sample_15': 5, 'NP_NC:agent_sample_8|FN_FL:agent_sample_50': 9, 'NP_NC:agent_sample_58|FN_FL:agent_sample_29': 4, 'NP_NC:agent_sample_23|FN_FL:agent_sample_5': 7, 'NP_NC:agent_sample_54|FN_FL:agent_sample_42': 3, 'NP_NC:agent_sample_47|FN_FL:agent_sample_10': 4, 'NP_NC:agent_sample_45|FN_FL:agent_sample_4': 6, 'NP_NC:agent_sample_12|FN_FL:agent_sample_56': 7, 'NP_NC:agent_sample_28|FN_FL:agent_sample_49': 4, 'NP_NC:agent_sample_5|FN_FL:agent_sample_27': 7, 'NP_NC:agent_sample_33|FN_FL:agent_sample_61': 11, 'NP_NC:bevel_first_balanced|FN_FL:agent_sample_55': 3, 'NP_NC:agent_sample_23|FN_FL:bevel_first_balanced': 3, 'NP_NC:agent_greedy|FN_FL:agent_sample_52': 12, 'NP_NC:agent_sample_34|FN_FL:agent_sample_7': 3, 'NP_NC:agent_sample_30|FN_FL:agent_sample_17': 6, 'NP_NC:agent_sample_17|FN_FL:agent_sample_7': 8, 'NP_NC:agent_sample_5|FN_FL:agent_sample_9': 6, 'NP_NC:agent_sample_45|FN_FL:agent_sample_64': 3, 'NP_NC:agent_sample_64|FN_FL:agent_sample_4': 3, 'NP_NC:agent_sample_27|FN_FL:agent_sample_20': 6, 'NP_NC:agent_sample_20|FN_FL:agent_sample_55': 3, 'NP_NC:agent_sample_51|FN_FL:agent_sample_36': 5, 'NP_NC:agent_sample_25|FN_FL:agent_sample_55': 7, 'NP_NC:agent_sample_33|FN_FL:agent_sample_26': 8, 'NP_NC:agent_sample_32|FN_FL:agent_sample_55': 2, 'NP_NC:agent_sample_9|FN_FL:agent_sample_62': 2, 'NP_NC:agent_sample_41|FN_FL:agent_greedy': 5, 'NP_NC:agent_sample_11|FN_FL:agent_sample_13': 7, 'NP_NC:agent_sample_15|FN_FL:agent_sample_56': 7, 'NP_NC:agent_sample_20|FN_FL:agent_sample_41': 5, 'NP_NC:agent_sample_41|FN_FL:cut_first_balanced': 3, 'NP_NC:agent_sample_12|FN_FL:agent_sample_32': 1, 'NP_NC:agent_sample_19|FN_FL:agent_sample_33': 3, 'NP_NC:agent_sample_17|FN_FL:agent_sample_56': 5, 'NP_NC:agent_sample_62|FN_FL:agent_sample_31': 6, 'NP_NC:agent_sample_4|FN_FL:agent_sample_26': 5, 'NP_NC:agent_sample_54|FN_FL:agent_sample_2': 5, 'NP_NC:agent_sample_4|FN_FL:agent_sample_25': 6, 'NP_NC:agent_greedy|FN_FL:agent_sample_47': 9, 'NP_NC:agent_sample_2|FN_FL:agent_sample_14': 7, 'NP_NC:agent_sample_14|FN_FL:agent_sample_53': 10, 'NP_NC:agent_sample_13|FN_FL:agent_sample_20': 5, 'NP_NC:agent_sample_28|FN_FL:agent_sample_27': 5, 'NP_NC:agent_sample_33|FN_FL:agent_sample_52': 6, 'NP_NC:agent_sample_59|FN_FL:agent_sample_47': 4, 'NP_NC:agent_sample_42|FN_FL:agent_sample_57': 4, 'NP_NC:agent_sample_20|FN_FL:agent_sample_31': 6, 'NP_NC:agent_sample_20|FN_FL:agent_sample_59': 4, 'NP_NC:agent_sample_16|FN_FL:agent_greedy': 12, 'NP_NC:agent_sample_10|FN_FL:agent_sample_64': 2, 'NP_NC:agent_sample_29|FN_FL:agent_sample_60': 5, 'NP_NC:agent_sample_51|FN_FL:agent_sample_2': 8, 'NP_NC:agent_greedy|FN_FL:agent_sample_24': 12, 'NP_NC:agent_sample_56|FN_FL:agent_sample_52': 3, 'NP_NC:agent_sample_63|FN_FL:agent_sample_40': 1, 'NP_NC:agent_sample_63|FN_FL:agent_sample_20': 7, 'NP_NC:agent_sample_18|FN_FL:agent_sample_7': 4, 'NP_NC:agent_sample_62|FN_FL:agent_sample_48': 5, 'NP_NC:agent_sample_6|FN_FL:agent_sample_6': 6, 'NP_NC:agent_sample_27|FN_FL:agent_sample_31': 4, 'NP_NC:agent_sample_34|FN_FL:agent_sample_57': 4, 'NP_NC:agent_sample_10|FN_FL:agent_sample_44': 7, 'NP_NC:agent_sample_13|FN_FL:agent_sample_60': 6, 'NP_NC:agent_sample_28|FN_FL:agent_sample_30': 4, 'NP_NC:agent_sample_38|FN_FL:agent_sample_13': 6, 'NP_NC:agent_sample_47|FN_FL:cut_first_balanced': 2, 'NP_NC:agent_sample_55|FN_FL:agent_sample_15': 2, 'NP_NC:agent_greedy|FN_FL:agent_sample_13': 22, 'NP_NC:agent_sample_14|FN_FL:agent_sample_24': 9, 'NP_NC:agent_sample_62|FN_FL:agent_sample_15': 5, 'NP_NC:agent_sample_58|FN_FL:agent_sample_36': 5, 'NP_NC:agent_sample_7|FN_FL:wo_first_balanced': 3, 'NP_NC:agent_sample_7|FN_FL:agent_sample_11': 7, 'NP_NC:agent_sample_20|FN_FL:agent_sample_7': 9, 'NP_NC:agent_sample_25|FN_FL:agent_sample_2': 7, 'NP_NC:agent_sample_37|FN_FL:agent_sample_50': 3, 'NP_NC:agent_sample_22|FN_FL:agent_sample_47': 2, 'NP_NC:agent_sample_22|FN_FL:agent_sample_24': 3, 'NP_NC:agent_sample_51|FN_FL:agent_sample_40': 6, 'NP_NC:agent_sample_32|FN_FL:agent_sample_18': 8, 'NP_NC:agent_sample_61|FN_FL:agent_sample_44': 6, 'NP_NC:agent_sample_50|FN_FL:agent_sample_5': 5, 'NP_NC:agent_sample_6|FN_FL:agent_sample_5': 12, 'NP_NC:agent_sample_31|FN_FL:agent_sample_29': 3, 'NP_NC:agent_sample_12|FN_FL:agent_sample_28': 9, 'NP_NC:agent_sample_49|FN_FL:agent_sample_63': 2, 'NP_NC:agent_sample_20|FN_FL:agent_sample_43': 6, 'NP_NC:agent_sample_10|FN_FL:agent_sample_55': 4, 'NP_NC:agent_sample_62|FN_FL:agent_sample_45': 4, 'NP_NC:agent_sample_53|FN_FL:agent_sample_26': 6, 'NP_NC:agent_sample_5|FN_FL:agent_sample_58': 5, 'NP_NC:agent_sample_21|FN_FL:agent_sample_63': 3, 'NP_NC:agent_sample_12|FN_FL:agent_sample_43': 4, 'NP_NC:agent_sample_58|FN_FL:wo_first_balanced': 3, 'NP_NC:agent_sample_60|FN_FL:agent_sample_31': 4, 'NP_NC:agent_sample_54|FN_FL:agent_sample_31': 5, 'NP_NC:agent_sample_38|FN_FL:agent_sample_62': 2, 'NP_NC:agent_sample_24|FN_FL:agent_sample_12': 4, 'NP_NC:agent_sample_53|FN_FL:agent_sample_63': 6, 'NP_NC:agent_greedy|FN_FL:agent_sample_33': 22, 'NP_NC:agent_sample_42|FN_FL:agent_sample_22': 7, 'NP_NC:agent_sample_26|FN_FL:agent_sample_51': 5, 'NP_NC:agent_sample_40|FN_FL:agent_sample_4': 4, 'NP_NC:agent_sample_38|FN_FL:agent_sample_40': 5, 'NP_NC:agent_sample_63|FN_FL:agent_sample_3': 5, 'NP_NC:agent_sample_32|FN_FL:agent_sample_6': 9, 'NP_NC:agent_sample_29|FN_FL:agent_sample_57': 5, 'NP_NC:agent_sample_31|FN_FL:agent_sample_6': 8, 'NP_NC:agent_sample_43|FN_FL:agent_sample_50': 2, 'NP_NC:agent_sample_46|FN_FL:agent_sample_54': 1, 'NP_NC:agent_sample_51|FN_FL:agent_sample_38': 5, 'NP_NC:agent_sample_40|FN_FL:agent_greedy': 6, 'NP_NC:agent_sample_7|FN_FL:agent_sample_36': 9, 'NP_NC:agent_sample_13|FN_FL:agent_sample_6': 7, 'NP_NC:agent_sample_8|FN_FL:agent_sample_61': 4, 'NP_NC:agent_sample_17|FN_FL:agent_sample_18': 7, 'NP_NC:agent_sample_52|FN_FL:agent_sample_40': 4, 'NP_NC:agent_sample_61|FN_FL:agent_sample_27': 2, 'NP_NC:bevel_first_balanced|FN_FL:agent_sample_5': 5, 'NP_NC:agent_sample_19|FN_FL:agent_sample_28': 1, 'NP_NC:agent_sample_28|FN_FL:agent_sample_12': 4, 'NP_NC:agent_sample_32|FN_FL:agent_sample_37': 5, 'NP_NC:agent_sample_38|FN_FL:agent_sample_38': 2, 'NP_NC:wo_first_balanced|FN_FL:agent_sample_47': 8, 'NP_NC:agent_sample_27|FN_FL:agent_sample_17': 2, 'NP_NC:agent_sample_35|FN_FL:agent_sample_53': 3, 'NP_NC:agent_sample_30|FN_FL:agent_sample_22': 5, 'NP_NC:agent_sample_19|FN_FL:agent_sample_55': 12, 'NP_NC:agent_sample_48|FN_FL:agent_sample_37': 6, 'NP_NC:agent_sample_46|FN_FL:agent_sample_42': 5, 'NP_NC:agent_sample_7|FN_FL:agent_sample_16': 6, 'NP_NC:agent_sample_63|FN_FL:agent_sample_31': 4, 'NP_NC:agent_sample_63|FN_FL:agent_sample_47': 4, 'NP_NC:agent_sample_9|FN_FL:agent_sample_14': 6, 'NP_NC:agent_sample_23|FN_FL:agent_sample_62': 3, 'NP_NC:agent_sample_38|FN_FL:agent_sample_5': 7, 'NP_NC:agent_sample_21|FN_FL:agent_sample_24': 5, 'NP_NC:agent_sample_9|FN_FL:agent_sample_23': 7, 'NP_NC:agent_sample_9|FN_FL:agent_sample_48': 10, 'NP_NC:agent_sample_40|FN_FL:agent_sample_38': 5, 'NP_NC:agent_sample_43|FN_FL:agent_sample_64': 5, 'NP_NC:agent_sample_21|FN_FL:agent_sample_12': 4, 'NP_NC:agent_sample_39|FN_FL:agent_sample_39': 5, 'NP_NC:agent_sample_24|FN_FL:agent_sample_47': 6, 'NP_NC:agent_sample_3|FN_FL:agent_sample_36': 1, 'NP_NC:agent_sample_8|FN_FL:agent_sample_28': 7, 'NP_NC:agent_sample_41|FN_FL:agent_sample_19': 6, 'NP_NC:agent_sample_62|FN_FL:agent_sample_23': 2, 'NP_NC:agent_sample_42|FN_FL:agent_sample_46': 5, 'NP_NC:wo_first_balanced|FN_FL:agent_sample_59': 4, 'NP_NC:agent_sample_6|FN_FL:agent_sample_4': 9, 'NP_NC:agent_sample_24|FN_FL:agent_sample_53': 5, 'NP_NC:agent_sample_33|FN_FL:agent_sample_44': 3, 'NP_NC:agent_sample_11|FN_FL:agent_sample_18': 3, 'NP_NC:agent_sample_29|FN_FL:agent_sample_19': 4, 'NP_NC:agent_sample_7|FN_FL:agent_sample_61': 5, 'NP_NC:agent_sample_14|FN_FL:agent_sample_44': 2, 'NP_NC:cut_first_balanced|FN_FL:agent_sample_2': 5, 'NP_NC:agent_sample_27|FN_FL:agent_sample_13': 3, 'NP_NC:agent_greedy|FN_FL:agent_sample_9': 26, 'NP_NC:agent_sample_18|FN_FL:agent_sample_16': 4, 'NP_NC:agent_sample_33|FN_FL:agent_sample_11': 4, 'NP_NC:agent_sample_34|FN_FL:agent_sample_26': 4, 'NP_NC:agent_sample_59|FN_FL:agent_sample_37': 7, 'NP_NC:agent_sample_30|FN_FL:agent_sample_38': 6, 'NP_NC:agent_sample_31|FN_FL:agent_sample_61': 6, 'NP_NC:agent_sample_14|FN_FL:agent_sample_28': 8, 'NP_NC:agent_sample_49|FN_FL:agent_sample_28': 3, 'NP_NC:agent_sample_60|FN_FL:agent_sample_48': 3, 'NP_NC:agent_sample_19|FN_FL:agent_sample_14': 2, 'NP_NC:agent_sample_40|FN_FL:agent_sample_28': 4, 'NP_NC:agent_sample_27|FN_FL:agent_sample_26': 5, 'NP_NC:agent_sample_47|FN_FL:agent_sample_62': 8, 'NP_NC:agent_sample_22|FN_FL:agent_sample_35': 6, 'NP_NC:agent_sample_55|FN_FL:agent_sample_25': 2, 'NP_NC:agent_sample_6|FN_FL:agent_sample_41': 6, 'NP_NC:agent_sample_50|FN_FL:agent_sample_33': 3, 'NP_NC:agent_sample_62|FN_FL:cut_first_balanced': 3, 'NP_NC:agent_sample_16|FN_FL:agent_sample_59': 4, 'NP_NC:agent_sample_40|FN_FL:agent_sample_24': 4, 'NP_NC:agent_sample_12|FN_FL:agent_sample_2': 10, 'NP_NC:agent_sample_22|FN_FL:agent_sample_6': 5, 'NP_NC:agent_sample_43|FN_FL:agent_sample_44': 3, 'NP_NC:agent_sample_62|FN_FL:agent_sample_35': 4, 'NP_NC:agent_sample_44|FN_FL:agent_sample_57': 6, 'NP_NC:agent_sample_21|FN_FL:agent_sample_9': 4, 'NP_NC:agent_sample_11|FN_FL:agent_sample_29': 6, 'NP_NC:agent_sample_49|FN_FL:agent_sample_58': 2, 'NP_NC:agent_sample_51|FN_FL:agent_sample_6': 4, 'NP_NC:agent_sample_21|FN_FL:agent_sample_39': 2, 'NP_NC:agent_sample_17|FN_FL:agent_sample_25': 6, 'NP_NC:agent_sample_41|FN_FL:agent_sample_8': 5, 'NP_NC:agent_sample_47|FN_FL:agent_sample_51': 5, 'NP_NC:agent_sample_13|FN_FL:agent_sample_33': 5, 'NP_NC:agent_sample_35|FN_FL:agent_sample_32': 5, 'NP_NC:agent_sample_12|FN_FL:agent_sample_35': 7, 'NP_NC:agent_sample_5|FN_FL:agent_sample_40': 7, 'NP_NC:agent_sample_46|FN_FL:wo_first_balanced': 3, 'NP_NC:agent_sample_26|FN_FL:agent_sample_28': 2, 'NP_NC:agent_sample_40|FN_FL:agent_sample_54': 4, 'NP_NC:agent_sample_7|FN_FL:agent_sample_57': 7, 'NP_NC:agent_sample_17|FN_FL:agent_sample_27': 9, 'NP_NC:agent_sample_10|FN_FL:agent_sample_51': 3, 'NP_NC:agent_sample_49|FN_FL:agent_sample_38': 10, 'NP_NC:agent_sample_45|FN_FL:agent_sample_25': 4, 'NP_NC:agent_sample_25|FN_FL:agent_sample_7': 6, 'NP_NC:agent_sample_37|FN_FL:agent_sample_40': 3, 'NP_NC:agent_sample_5|FN_FL:agent_sample_2': 11, 'NP_NC:bevel_first_balanced|FN_FL:agent_sample_46': 3, 'NP_NC:agent_sample_51|FN_FL:agent_sample_30': 5, 'NP_NC:agent_sample_39|FN_FL:agent_sample_63': 7, 'NP_NC:agent_sample_8|FN_FL:agent_sample_24': 6, 'NP_NC:agent_sample_52|FN_FL:agent_sample_31': 4, 'NP_NC:agent_sample_19|FN_FL:agent_sample_60': 1, 'NP_NC:agent_sample_55|FN_FL:agent_sample_28': 3, 'NP_NC:agent_sample_4|FN_FL:agent_sample_16': 10, 'NP_NC:agent_sample_53|FN_FL:agent_sample_10': 4, 'NP_NC:agent_sample_56|FN_FL:agent_sample_15': 6, 'NP_NC:agent_sample_7|FN_FL:agent_sample_19': 6, 'NP_NC:agent_sample_11|FN_FL:agent_sample_9': 6, 'NP_NC:agent_sample_41|FN_FL:agent_sample_46': 7, 'NP_NC:agent_sample_17|FN_FL:agent_sample_48': 5, 'NP_NC:agent_sample_7|FN_FL:agent_sample_13': 4, 'NP_NC:agent_sample_63|FN_FL:agent_sample_48': 5, 'NP_NC:agent_sample_32|FN_FL:agent_sample_46': 5, 'NP_NC:agent_sample_47|FN_FL:agent_sample_21': 4, 'NP_NC:agent_sample_18|FN_FL:agent_sample_34': 6, 'NP_NC:agent_sample_42|FN_FL:agent_sample_40': 3, 'NP_NC:agent_sample_7|FN_FL:agent_sample_62': 5, 'NP_NC:agent_sample_41|FN_FL:agent_sample_37': 5, 'NP_NC:agent_sample_52|FN_FL:agent_sample_39': 4, 'NP_NC:agent_sample_7|FN_FL:agent_sample_35': 11, 'NP_NC:agent_sample_49|FN_FL:agent_sample_61': 2, 'NP_NC:agent_sample_62|FN_FL:agent_sample_7': 8, 'NP_NC:agent_sample_62|FN_FL:agent_sample_36': 7, 'NP_NC:agent_sample_18|FN_FL:agent_sample_32': 3, 'NP_NC:agent_sample_37|FN_FL:agent_sample_19': 4, 'NP_NC:agent_sample_31|FN_FL:agent_sample_62': 3, 'NP_NC:agent_sample_4|FN_FL:bevel_first_balanced': 5, 'NP_NC:agent_sample_7|FN_FL:agent_sample_2': 10, 'NP_NC:agent_sample_41|FN_FL:agent_sample_47': 4, 'NP_NC:agent_sample_2|FN_FL:agent_sample_35': 9, 'NP_NC:agent_sample_38|FN_FL:agent_sample_19': 7, 'NP_NC:agent_sample_57|FN_FL:agent_sample_47': 7, 'NP_NC:agent_sample_2|FN_FL:agent_sample_42': 4, 'NP_NC:agent_sample_56|FN_FL:agent_sample_4': 4, 'NP_NC:agent_sample_59|FN_FL:agent_sample_52': 4, 'NP_NC:agent_sample_12|FN_FL:agent_sample_62': 11, 'NP_NC:agent_sample_10|FN_FL:agent_sample_3': 9, 'NP_NC:cut_first_balanced|FN_FL:agent_sample_37': 3, 'NP_NC:agent_sample_10|FN_FL:agent_greedy': 13, 'NP_NC:agent_sample_15|FN_FL:agent_sample_23': 5, 'NP_NC:agent_sample_7|FN_FL:agent_greedy': 19, 'NP_NC:agent_sample_64|FN_FL:agent_sample_23': 2, 'NP_NC:agent_sample_39|FN_FL:agent_sample_29': 6, 'NP_NC:agent_sample_20|FN_FL:agent_sample_30': 4, 'NP_NC:agent_sample_48|FN_FL:agent_sample_11': 3, 'NP_NC:agent_sample_14|FN_FL:agent_sample_61': 5, 'NP_NC:agent_sample_56|FN_FL:agent_sample_58': 3, 'NP_NC:agent_sample_14|FN_FL:agent_sample_57': 9, 'NP_NC:agent_sample_23|FN_FL:agent_sample_8': 3, 'NP_NC:agent_sample_15|FN_FL:agent_sample_24': 4, 'NP_NC:agent_sample_57|FN_FL:agent_sample_32': 1, 'NP_NC:agent_sample_31|FN_FL:agent_sample_46': 4, 'NP_NC:agent_sample_5|FN_FL:agent_sample_61': 2, 'NP_NC:agent_sample_55|FN_FL:agent_sample_8': 5, 'NP_NC:agent_sample_38|FN_FL:agent_sample_59': 5, 'NP_NC:agent_sample_57|FN_FL:agent_sample_59': 8, 'NP_NC:agent_sample_21|FN_FL:agent_sample_21': 5, 'NP_NC:agent_sample_8|FN_FL:agent_sample_60': 3, 'NP_NC:agent_sample_6|FN_FL:agent_sample_21': 8, 'NP_NC:agent_sample_31|FN_FL:agent_sample_40': 5, 'NP_NC:agent_sample_8|FN_FL:cut_first_balanced': 5, 'NP_NC:agent_sample_12|FN_FL:agent_sample_40': 5, 'NP_NC:agent_sample_20|FN_FL:agent_sample_27': 3, 'NP_NC:agent_sample_26|FN_FL:agent_sample_40': 5, 'NP_NC:agent_sample_18|FN_FL:agent_sample_56': 3, 'NP_NC:agent_sample_5|FN_FL:agent_sample_54': 9, 'NP_NC:agent_sample_56|FN_FL:agent_sample_62': 7, 'NP_NC:agent_sample_58|FN_FL:agent_sample_9': 3, 'NP_NC:agent_sample_36|FN_FL:agent_sample_63': 1, 'NP_NC:agent_sample_53|FN_FL:agent_sample_37': 1, 'NP_NC:agent_sample_4|FN_FL:agent_sample_24': 8, 'NP_NC:agent_sample_14|FN_FL:agent_sample_5': 7, 'NP_NC:agent_sample_50|FN_FL:agent_sample_19': 4, 'NP_NC:agent_sample_50|FN_FL:agent_sample_3': 4, 'NP_NC:agent_sample_53|FN_FL:agent_sample_13': 4, 'NP_NC:agent_sample_13|FN_FL:agent_sample_41': 4, 'NP_NC:agent_sample_47|FN_FL:agent_sample_54': 4, 'NP_NC:agent_sample_34|FN_FL:agent_sample_20': 4, 'NP_NC:agent_greedy|FN_FL:agent_sample_38': 18, 'NP_NC:agent_sample_24|FN_FL:agent_sample_56': 2, 'NP_NC:agent_sample_27|FN_FL:wo_first_balanced': 3, 'NP_NC:agent_sample_5|FN_FL:agent_sample_31': 6, 'NP_NC:agent_sample_19|FN_FL:agent_sample_39': 4, 'NP_NC:agent_sample_2|FN_FL:agent_sample_7': 14, 'NP_NC:agent_sample_44|FN_FL:agent_sample_47': 4, 'NP_NC:agent_sample_20|FN_FL:agent_sample_22': 2, 'NP_NC:agent_sample_25|FN_FL:agent_sample_56': 2, 'NP_NC:agent_sample_63|FN_FL:agent_sample_11': 3, 'NP_NC:agent_sample_38|FN_FL:agent_sample_50': 5, 'NP_NC:agent_sample_32|FN_FL:agent_sample_53': 3, 'NP_NC:agent_sample_48|FN_FL:agent_sample_10': 6, 'NP_NC:agent_sample_28|FN_FL:agent_sample_63': 3, 'NP_NC:agent_sample_19|FN_FL:agent_greedy': 11, 'NP_NC:agent_sample_44|FN_FL:agent_sample_42': 5, 'NP_NC:agent_sample_56|FN_FL:agent_sample_3': 3, 'NP_NC:agent_sample_18|FN_FL:agent_sample_52': 10, 'NP_NC:agent_sample_21|FN_FL:agent_sample_36': 4, 'NP_NC:agent_sample_2|FN_FL:agent_sample_26': 7, 'NP_NC:agent_sample_53|FN_FL:agent_sample_21': 7, 'NP_NC:agent_sample_28|FN_FL:agent_sample_10': 2, 'NP_NC:agent_sample_48|FN_FL:agent_sample_30': 3, 'NP_NC:agent_sample_52|FN_FL:agent_sample_61': 3, 'NP_NC:agent_sample_21|FN_FL:agent_sample_44': 3, 'NP_NC:agent_sample_25|FN_FL:cut_first_balanced': 3, 'NP_NC:agent_sample_57|FN_FL:agent_sample_29': 6, 'NP_NC:agent_sample_38|FN_FL:agent_sample_8': 4, 'NP_NC:agent_sample_48|FN_FL:agent_sample_64': 3, 'NP_NC:agent_sample_32|FN_FL:agent_sample_33': 4, 'NP_NC:agent_sample_33|FN_FL:agent_sample_7': 6, 'NP_NC:agent_sample_47|FN_FL:agent_sample_58': 3, 'NP_NC:agent_sample_53|FN_FL:agent_sample_46': 5, 'NP_NC:agent_sample_62|FN_FL:agent_sample_38': 4, 'NP_NC:agent_sample_26|FN_FL:agent_sample_44': 4, 'NP_NC:agent_sample_29|FN_FL:agent_sample_54': 4, 'NP_NC:agent_sample_37|FN_FL:agent_sample_18': 3, 'NP_NC:agent_sample_25|FN_FL:agent_sample_19': 5, 'NP_NC:agent_sample_59|FN_FL:bevel_first_balanced': 2, 'NP_NC:agent_sample_64|FN_FL:agent_sample_13': 4, 'NP_NC:agent_sample_35|FN_FL:agent_sample_21': 4, 'NP_NC:agent_sample_24|FN_FL:agent_sample_49': 4, 'NP_NC:agent_sample_49|FN_FL:agent_sample_43': 7, 'NP_NC:agent_sample_56|FN_FL:agent_sample_2': 4, 'NP_NC:wo_first_balanced|FN_FL:agent_sample_31': 2, 'NP_NC:agent_sample_4|FN_FL:agent_sample_22': 5, 'NP_NC:agent_sample_12|FN_FL:agent_sample_25': 4, 'NP_NC:agent_sample_10|FN_FL:agent_sample_47': 6, 'NP_NC:agent_sample_20|FN_FL:agent_sample_37': 4, 'NP_NC:agent_sample_58|FN_FL:agent_sample_43': 2, 'NP_NC:agent_sample_23|FN_FL:agent_sample_36': 3, 'NP_NC:agent_sample_27|FN_FL:agent_sample_40': 4, 'NP_NC:agent_sample_24|FN_FL:agent_sample_36': 5, 'NP_NC:agent_sample_15|FN_FL:agent_sample_47': 4, 'NP_NC:agent_sample_5|FN_FL:agent_sample_35': 4, 'NP_NC:agent_sample_59|FN_FL:agent_sample_23': 3, 'NP_NC:agent_sample_28|FN_FL:agent_sample_21': 7, 'NP_NC:agent_sample_30|FN_FL:agent_sample_56': 3, 'NP_NC:agent_sample_44|FN_FL:agent_sample_22': 7, 'NP_NC:agent_sample_51|FN_FL:agent_sample_58': 3, 'NP_NC:agent_sample_21|FN_FL:agent_sample_38': 7, 'NP_NC:agent_sample_49|FN_FL:agent_sample_45': 1, 'NP_NC:agent_sample_29|FN_FL:agent_sample_50': 3, 'NP_NC:agent_sample_14|FN_FL:agent_sample_15': 6, 'NP_NC:agent_sample_37|FN_FL:agent_sample_36': 3, 'NP_NC:agent_sample_10|FN_FL:agent_sample_63': 4, 'NP_NC:agent_sample_2|FN_FL:agent_sample_13': 5, 'NP_NC:agent_sample_63|FN_FL:agent_sample_28': 5, 'NP_NC:agent_sample_59|FN_FL:agent_sample_41': 3, 'NP_NC:agent_sample_25|FN_FL:agent_sample_20': 4, 'NP_NC:agent_sample_57|FN_FL:agent_sample_42': 3, 'NP_NC:agent_sample_26|FN_FL:agent_sample_15': 5, 'NP_NC:agent_sample_19|FN_FL:bevel_first_balanced': 8, 'NP_NC:agent_sample_25|FN_FL:agent_sample_25': 8, 'NP_NC:agent_sample_39|FN_FL:agent_sample_13': 4, 'NP_NC:agent_sample_34|FN_FL:agent_sample_9': 4, 'NP_NC:agent_sample_49|FN_FL:agent_sample_17': 2, 'NP_NC:agent_sample_19|FN_FL:agent_sample_52': 6, 'NP_NC:agent_sample_33|FN_FL:agent_sample_60': 3, 'NP_NC:agent_sample_53|FN_FL:agent_sample_8': 4, 'NP_NC:agent_sample_60|FN_FL:agent_sample_35': 4, 'NP_NC:agent_sample_21|FN_FL:agent_sample_50': 5, 'NP_NC:bevel_first_balanced|FN_FL:agent_sample_33': 2, 'NP_NC:agent_sample_24|FN_FL:agent_sample_5': 8, 'NP_NC:agent_sample_12|FN_FL:wo_first_balanced': 5, 'NP_NC:agent_sample_9|FN_FL:agent_sample_13': 10, 'NP_NC:agent_sample_61|FN_FL:agent_sample_43': 2, 'NP_NC:agent_sample_16|FN_FL:agent_sample_12': 6, 'NP_NC:agent_sample_2|FN_FL:agent_sample_41': 6, 'NP_NC:agent_sample_45|FN_FL:agent_sample_18': 3, 'NP_NC:agent_sample_50|FN_FL:agent_sample_21': 3, 'NP_NC:agent_sample_7|FN_FL:agent_sample_44': 9, 'NP_NC:agent_sample_57|FN_FL:cut_first_balanced': 5, 'NP_NC:agent_sample_7|FN_FL:agent_sample_24': 5, 'NP_NC:agent_sample_59|FN_FL:agent_sample_25': 2, 'NP_NC:agent_sample_3|FN_FL:agent_sample_26': 7, 'NP_NC:agent_sample_16|FN_FL:agent_sample_24': 5, 'NP_NC:agent_sample_9|FN_FL:agent_sample_38': 3, 'NP_NC:agent_sample_11|FN_FL:agent_sample_35': 3, 'NP_NC:agent_sample_35|FN_FL:agent_sample_42': 4, 'NP_NC:agent_sample_29|FN_FL:agent_sample_53': 7, 'NP_NC:agent_sample_29|FN_FL:agent_sample_40': 4, 'NP_NC:agent_sample_24|FN_FL:agent_sample_3': 5, 'NP_NC:agent_sample_52|FN_FL:agent_sample_59': 3, 'NP_NC:agent_sample_32|FN_FL:agent_sample_20': 2, 'NP_NC:agent_sample_61|FN_FL:agent_sample_20': 4, 'NP_NC:agent_greedy|FN_FL:agent_sample_18': 15, 'NP_NC:agent_sample_33|FN_FL:agent_sample_30': 3, 'NP_NC:agent_sample_16|FN_FL:agent_sample_53': 3, 'NP_NC:agent_sample_35|FN_FL:agent_sample_62': 4, 'NP_NC:agent_sample_29|FN_FL:agent_sample_17': 8, 'NP_NC:agent_sample_49|FN_FL:agent_sample_29': 3, 'NP_NC:agent_sample_7|FN_FL:agent_sample_50': 6, 'NP_NC:agent_sample_35|FN_FL:agent_sample_45': 5, 'NP_NC:agent_sample_20|FN_FL:agent_sample_51': 4, 'NP_NC:agent_sample_27|FN_FL:agent_sample_38': 5, 'NP_NC:agent_sample_26|FN_FL:agent_sample_14': 2, 'NP_NC:agent_sample_5|FN_FL:agent_sample_34': 6, 'NP_NC:agent_sample_43|FN_FL:agent_sample_33': 6, 'NP_NC:agent_sample_16|FN_FL:agent_sample_57': 6, 'NP_NC:agent_sample_2|FN_FL:agent_sample_63': 9, 'NP_NC:agent_sample_15|FN_FL:agent_sample_49': 9, 'NP_NC:agent_sample_34|FN_FL:agent_sample_63': 1, 'NP_NC:agent_sample_64|FN_FL:agent_sample_30': 5, 'NP_NC:agent_sample_19|FN_FL:agent_sample_18': 7, 'NP_NC:agent_sample_7|FN_FL:agent_sample_21': 7, 'NP_NC:agent_sample_23|FN_FL:agent_greedy': 8, 'NP_NC:agent_sample_44|FN_FL:agent_sample_28': 2, 'NP_NC:agent_sample_41|FN_FL:agent_sample_28': 3, 'NP_NC:agent_sample_61|FN_FL:agent_sample_19': 4, 'NP_NC:agent_sample_17|FN_FL:agent_sample_22': 4, 'NP_NC:agent_sample_45|FN_FL:agent_sample_30': 3, 'NP_NC:agent_sample_36|FN_FL:agent_sample_59': 6, 'NP_NC:agent_sample_41|FN_FL:agent_sample_56': 5, 'NP_NC:agent_sample_32|FN_FL:agent_sample_28': 6, 'NP_NC:agent_sample_9|FN_FL:agent_sample_61': 4, 'NP_NC:agent_sample_5|FN_FL:agent_sample_48': 3, 'NP_NC:agent_sample_43|FN_FL:agent_sample_7': 7, 'NP_NC:agent_sample_64|FN_FL:agent_sample_6': 4, 'NP_NC:agent_sample_2|FN_FL:agent_sample_52': 1, 'NP_NC:agent_sample_29|FN_FL:agent_sample_49': 8, 'NP_NC:agent_sample_40|FN_FL:agent_sample_18': 7, 'NP_NC:agent_sample_19|FN_FL:agent_sample_21': 3, 'NP_NC:agent_sample_51|FN_FL:agent_sample_25': 5, 'NP_NC:agent_sample_43|FN_FL:agent_sample_41': 4, 'NP_NC:agent_sample_59|FN_FL:agent_sample_8': 2, 'NP_NC:agent_sample_14|FN_FL:agent_sample_27': 3, 'NP_NC:agent_sample_30|FN_FL:agent_sample_28': 4, 'NP_NC:agent_sample_5|FN_FL:agent_sample_56': 3, 'NP_NC:agent_sample_42|FN_FL:agent_sample_54': 5, 'NP_NC:agent_sample_14|FN_FL:agent_sample_46': 5, 'NP_NC:agent_sample_49|FN_FL:agent_sample_25': 4, 'NP_NC:agent_sample_5|FN_FL:agent_sample_43': 9, 'NP_NC:agent_sample_64|FN_FL:agent_sample_22': 5, 'NP_NC:agent_sample_48|FN_FL:agent_sample_28': 3, 'NP_NC:agent_sample_51|FN_FL:agent_greedy': 4, 'NP_NC:agent_sample_63|FN_FL:agent_sample_36': 7, 'NP_NC:agent_sample_15|FN_FL:agent_sample_22': 8, 'NP_NC:agent_sample_22|FN_FL:agent_sample_12': 6, 'NP_NC:agent_sample_35|FN_FL:agent_sample_22': 4, 'NP_NC:agent_sample_52|FN_FL:agent_sample_29': 4, 'NP_NC:agent_greedy|FN_FL:agent_sample_4': 36, 'NP_NC:agent_sample_11|FN_FL:agent_sample_47': 3, 'NP_NC:agent_sample_23|FN_FL:agent_sample_56': 3, 'NP_NC:agent_sample_25|FN_FL:agent_sample_30': 8, 'NP_NC:agent_sample_22|FN_FL:bevel_first_balanced': 3, 'NP_NC:agent_sample_25|FN_FL:agent_sample_42': 7, 'NP_NC:agent_sample_23|FN_FL:agent_sample_53': 3, 'NP_NC:agent_sample_27|FN_FL:agent_sample_5': 2, 'NP_NC:agent_sample_61|FN_FL:agent_sample_61': 10, 'NP_NC:agent_sample_39|FN_FL:agent_sample_27': 3, 'NP_NC:agent_sample_59|FN_FL:agent_sample_39': 2, 'NP_NC:wo_first_balanced|FN_FL:agent_sample_7': 7, 'NP_NC:agent_sample_41|FN_FL:agent_sample_45': 4, 'NP_NC:agent_sample_4|FN_FL:agent_sample_52': 6, 'NP_NC:agent_sample_2|FN_FL:agent_sample_53': 6, 'NP_NC:agent_sample_58|FN_FL:agent_sample_23': 7, 'NP_NC:agent_sample_9|FN_FL:agent_sample_15': 2, 'NP_NC:agent_sample_10|FN_FL:agent_sample_58': 4, 'NP_NC:agent_sample_39|FN_FL:agent_sample_4': 4, 'NP_NC:agent_sample_64|FN_FL:agent_sample_40': 4, 'NP_NC:agent_sample_62|FN_FL:agent_sample_5': 4, 'NP_NC:agent_sample_20|FN_FL:agent_sample_47': 3, 'NP_NC:agent_sample_53|FN_FL:agent_sample_45': 1, 'NP_NC:agent_sample_19|FN_FL:agent_sample_19': 7, 'NP_NC:agent_sample_18|FN_FL:agent_sample_41': 7, 'NP_NC:agent_sample_36|FN_FL:agent_sample_47': 5, 'NP_NC:agent_sample_63|FN_FL:agent_sample_44': 3, 'NP_NC:agent_sample_34|FN_FL:agent_sample_56': 5, 'NP_NC:agent_sample_2|FN_FL:agent_sample_60': 3, 'NP_NC:agent_sample_51|FN_FL:agent_sample_32': 3, 'NP_NC:agent_sample_6|FN_FL:agent_sample_38': 8, 'NP_NC:agent_sample_16|FN_FL:agent_sample_61': 9, 'NP_NC:agent_sample_55|FN_FL:agent_sample_56': 6, 'NP_NC:agent_sample_13|FN_FL:agent_sample_31': 4, 'NP_NC:agent_sample_3|FN_FL:agent_sample_38': 5, 'NP_NC:agent_sample_2|FN_FL:agent_sample_3': 18, 'NP_NC:agent_sample_61|FN_FL:agent_sample_17': 6, 'NP_NC:agent_sample_5|FN_FL:agent_sample_4': 12, 'NP_NC:agent_sample_47|FN_FL:agent_sample_41': 4, 'NP_NC:agent_sample_19|FN_FL:agent_sample_20': 4, 'NP_NC:agent_sample_64|FN_FL:agent_sample_2': 8, 'NP_NC:agent_sample_30|FN_FL:agent_sample_59': 4, 'NP_NC:agent_sample_24|FN_FL:agent_sample_44': 4, 'NP_NC:agent_sample_14|FN_FL:agent_sample_43': 3, 'NP_NC:agent_sample_32|FN_FL:agent_sample_51': 3, 'NP_NC:agent_sample_40|FN_FL:agent_sample_63': 3, 'NP_NC:agent_sample_10|FN_FL:agent_sample_52': 4, 'NP_NC:agent_sample_13|FN_FL:agent_sample_28': 6, 'NP_NC:agent_sample_33|FN_FL:agent_sample_25': 5, 'NP_NC:agent_sample_26|FN_FL:agent_sample_4': 5, 'NP_NC:agent_sample_6|FN_FL:agent_sample_51': 8, 'NP_NC:agent_sample_16|FN_FL:agent_sample_42': 7, 'NP_NC:agent_sample_23|FN_FL:agent_sample_45': 5, 'NP_NC:agent_sample_16|FN_FL:agent_sample_48': 5, 'NP_NC:agent_sample_36|FN_FL:agent_sample_35': 7, 'NP_NC:agent_sample_59|FN_FL:agent_sample_13': 5, 'NP_NC:agent_sample_9|FN_FL:agent_sample_4': 7, 'NP_NC:bevel_first_balanced|FN_FL:agent_sample_20': 3, 'NP_NC:agent_sample_13|FN_FL:agent_greedy': 10, 'NP_NC:agent_sample_51|FN_FL:agent_sample_16': 4, 'NP_NC:agent_sample_20|FN_FL:agent_sample_26': 6, 'NP_NC:agent_sample_2|FN_FL:agent_sample_45': 7, 'NP_NC:agent_sample_2|FN_FL:agent_sample_51': 6, 'NP_NC:agent_sample_43|FN_FL:agent_sample_46': 4, 'NP_NC:agent_sample_40|FN_FL:agent_sample_37': 1, 'NP_NC:agent_sample_39|FN_FL:agent_sample_22': 3, 'NP_NC:agent_sample_45|FN_FL:agent_sample_17': 3, 'NP_NC:agent_sample_6|FN_FL:agent_sample_32': 8, 'NP_NC:agent_sample_34|FN_FL:agent_sample_16': 4, 'NP_NC:agent_sample_53|FN_FL:agent_sample_56': 4, 'NP_NC:agent_sample_12|FN_FL:agent_sample_53': 3, 'NP_NC:agent_sample_10|FN_FL:agent_sample_40': 5, 'NP_NC:agent_sample_12|FN_FL:agent_sample_48': 4, 'NP_NC:agent_sample_46|FN_FL:agent_sample_46': 3, 'NP_NC:agent_sample_20|FN_FL:agent_sample_36': 10, 'NP_NC:agent_greedy|FN_FL:agent_sample_19': 13, 'NP_NC:agent_sample_24|FN_FL:agent_sample_57': 10, 'NP_NC:agent_sample_40|FN_FL:agent_sample_44': 3, 'NP_NC:agent_sample_23|FN_FL:agent_sample_19': 6, 'NP_NC:agent_sample_47|FN_FL:agent_sample_40': 4, 'NP_NC:agent_sample_55|FN_FL:agent_sample_22': 3, 'NP_NC:agent_sample_50|FN_FL:agent_sample_42': 5, 'NP_NC:agent_sample_52|FN_FL:agent_sample_25': 4, 'NP_NC:agent_sample_35|FN_FL:agent_sample_5': 12, 'NP_NC:agent_sample_35|FN_FL:agent_sample_36': 6, 'NP_NC:agent_sample_50|FN_FL:agent_sample_12': 6, 'NP_NC:agent_sample_49|FN_FL:bevel_first_balanced': 2, 'NP_NC:agent_sample_54|FN_FL:agent_sample_12': 3, 'NP_NC:agent_sample_18|FN_FL:agent_sample_31': 5, 'NP_NC:agent_sample_64|FN_FL:agent_sample_12': 3, 'NP_NC:agent_sample_25|FN_FL:agent_sample_59': 4, 'NP_NC:agent_sample_39|FN_FL:agent_sample_20': 2, 'NP_NC:agent_sample_60|FN_FL:agent_sample_26': 3, 'NP_NC:agent_sample_51|FN_FL:agent_sample_53': 5, 'NP_NC:agent_sample_51|FN_FL:agent_sample_44': 5, 'NP_NC:agent_sample_3|FN_FL:agent_sample_21': 10, 'NP_NC:agent_sample_13|FN_FL:agent_sample_26': 9, 'NP_NC:agent_sample_48|FN_FL:agent_greedy': 5, 'NP_NC:agent_sample_33|FN_FL:agent_sample_53': 3, 'NP_NC:agent_sample_18|FN_FL:agent_sample_21': 6, 'NP_NC:agent_sample_23|FN_FL:agent_sample_61': 5, 'NP_NC:agent_sample_34|FN_FL:agent_sample_23': 5, 'NP_NC:agent_sample_40|FN_FL:agent_sample_32': 8, 'NP_NC:agent_sample_45|FN_FL:agent_sample_22': 5, 'NP_NC:agent_sample_15|FN_FL:agent_sample_2': 9, 'NP_NC:agent_sample_42|FN_FL:agent_sample_9': 3, 'NP_NC:agent_sample_42|FN_FL:agent_sample_44': 3, 'NP_NC:agent_sample_49|FN_FL:agent_sample_39': 3, 'NP_NC:agent_sample_60|FN_FL:agent_sample_3': 8, 'NP_NC:agent_sample_13|FN_FL:agent_sample_36': 3, 'NP_NC:agent_sample_7|FN_FL:agent_sample_42': 7, 'NP_NC:agent_sample_24|FN_FL:wo_first_balanced': 2, 'NP_NC:agent_sample_16|FN_FL:bevel_first_balanced': 2, 'NP_NC:agent_sample_13|FN_FL:agent_sample_18': 7, 'NP_NC:agent_sample_13|FN_FL:agent_sample_57': 5, 'NP_NC:agent_greedy|FN_FL:agent_sample_56': 9, 'NP_NC:agent_sample_8|FN_FL:agent_sample_45': 4, 'NP_NC:agent_sample_57|FN_FL:agent_sample_23': 5, 'NP_NC:agent_greedy|FN_FL:agent_sample_41': 9, 'NP_NC:agent_sample_51|FN_FL:agent_sample_43': 2, 'NP_NC:agent_sample_17|FN_FL:agent_sample_60': 4, 'NP_NC:agent_sample_43|FN_FL:agent_sample_21': 5, 'NP_NC:agent_sample_16|FN_FL:agent_sample_44': 5, 'NP_NC:agent_sample_61|FN_FL:agent_sample_47': 4, 'NP_NC:agent_sample_10|FN_FL:agent_sample_8': 4, 'NP_NC:agent_sample_50|FN_FL:agent_sample_37': 4, 'NP_NC:agent_sample_21|FN_FL:agent_sample_6': 5, 'NP_NC:agent_sample_22|FN_FL:agent_sample_22': 4, 'NP_NC:agent_sample_9|FN_FL:agent_sample_39': 8, 'NP_NC:agent_sample_34|FN_FL:agent_sample_40': 5, 'NP_NC:agent_sample_24|FN_FL:agent_sample_38': 3, 'NP_NC:agent_sample_63|FN_FL:agent_sample_35': 5, 'NP_NC:agent_sample_38|FN_FL:agent_sample_34': 3, 'NP_NC:agent_sample_46|FN_FL:agent_sample_23': 4, 'NP_NC:agent_sample_55|FN_FL:agent_sample_55': 4, 'NP_NC:agent_sample_39|FN_FL:agent_sample_9': 7, 'NP_NC:agent_sample_35|FN_FL:agent_sample_54': 4, 'NP_NC:agent_sample_50|FN_FL:agent_sample_44': 9, 'NP_NC:agent_sample_17|FN_FL:agent_sample_44': 6, 'NP_NC:agent_sample_44|FN_FL:agent_sample_6': 7, 'NP_NC:agent_sample_40|FN_FL:agent_sample_3': 2, 'NP_NC:agent_sample_33|FN_FL:agent_sample_19': 7, 'NP_NC:agent_sample_2|FN_FL:agent_sample_37': 6, 'NP_NC:agent_sample_63|FN_FL:agent_sample_27': 4, 'NP_NC:agent_sample_20|FN_FL:agent_sample_32': 5, 'NP_NC:agent_sample_55|FN_FL:agent_sample_35': 4, 'NP_NC:agent_sample_35|FN_FL:cut_first_balanced': 3, 'NP_NC:agent_sample_32|FN_FL:cut_first_balanced': 2, 'NP_NC:agent_sample_32|FN_FL:agent_sample_4': 3, 'NP_NC:agent_sample_20|FN_FL:agent_sample_60': 4, 'NP_NC:agent_sample_3|FN_FL:agent_sample_44': 5, 'NP_NC:agent_sample_64|FN_FL:agent_sample_7': 2, 'NP_NC:agent_sample_53|FN_FL:agent_sample_31': 6, 'NP_NC:agent_sample_33|FN_FL:agent_sample_38': 3, 'NP_NC:agent_sample_23|FN_FL:agent_sample_10': 4, 'NP_NC:agent_sample_6|FN_FL:agent_sample_27': 2, 'NP_NC:agent_sample_58|FN_FL:agent_sample_44': 4, 'NP_NC:agent_sample_38|FN_FL:agent_sample_44': 6, 'NP_NC:agent_sample_2|FN_FL:agent_sample_27': 9, 'NP_NC:agent_sample_29|FN_FL:agent_sample_37': 4, 'NP_NC:agent_sample_27|FN_FL:agent_sample_11': 8, 'NP_NC:agent_sample_31|FN_FL:agent_sample_18': 6, 'NP_NC:agent_sample_16|FN_FL:agent_sample_9': 5, 'NP_NC:agent_sample_23|FN_FL:agent_sample_25': 3, 'NP_NC:agent_sample_63|FN_FL:agent_sample_62': 4, 'NP_NC:agent_sample_9|FN_FL:agent_sample_5': 12, 'NP_NC:agent_sample_60|FN_FL:agent_sample_22': 5, 'NP_NC:agent_sample_27|FN_FL:agent_sample_60': 5, 'NP_NC:agent_sample_2|FN_FL:agent_sample_8': 6, 'NP_NC:agent_sample_40|FN_FL:agent_sample_33': 2, 'NP_NC:agent_sample_32|FN_FL:agent_sample_36': 8, 'NP_NC:agent_sample_4|FN_FL:agent_sample_29': 5, 'NP_NC:agent_sample_30|FN_FL:agent_sample_43': 4, 'NP_NC:agent_sample_62|FN_FL:agent_sample_55': 9, 'NP_NC:cut_first_balanced|FN_FL:agent_sample_15': 3, 'NP_NC:agent_sample_36|FN_FL:agent_sample_38': 4, 'NP_NC:bevel_first_balanced|FN_FL:agent_sample_3': 4, 'NP_NC:agent_sample_8|FN_FL:agent_sample_8': 9, 'NP_NC:agent_sample_31|FN_FL:agent_sample_63': 2, 'NP_NC:agent_sample_52|FN_FL:agent_sample_36': 4, 'NP_NC:agent_sample_17|FN_FL:agent_sample_46': 2, 'NP_NC:agent_sample_4|FN_FL:agent_sample_62': 6, 'NP_NC:agent_sample_33|FN_FL:agent_sample_3': 5, 'NP_NC:agent_sample_39|FN_FL:agent_sample_46': 7, 'NP_NC:agent_sample_35|FN_FL:agent_sample_16': 5, 'NP_NC:agent_sample_30|FN_FL:agent_sample_11': 3, 'NP_NC:agent_sample_10|FN_FL:agent_sample_48': 5, 'NP_NC:agent_sample_51|FN_FL:agent_sample_39': 2, 'NP_NC:agent_sample_43|FN_FL:cut_first_balanced': 1, 'NP_NC:agent_sample_19|FN_FL:agent_sample_7': 4, 'NP_NC:agent_sample_57|FN_FL:agent_sample_34': 3, 'NP_NC:agent_sample_61|FN_FL:agent_sample_8': 3, 'NP_NC:agent_sample_54|FN_FL:agent_sample_61': 7, 'NP_NC:agent_sample_34|FN_FL:agent_sample_14': 2, 'NP_NC:agent_sample_28|FN_FL:agent_greedy': 7, 'NP_NC:agent_sample_52|FN_FL:agent_sample_4': 4, 'NP_NC:agent_sample_45|FN_FL:agent_sample_28': 4, 'NP_NC:agent_sample_52|FN_FL:agent_greedy': 4, 'NP_NC:agent_sample_55|FN_FL:agent_sample_18': 2, 'NP_NC:agent_sample_15|FN_FL:agent_sample_52': 5, 'NP_NC:agent_sample_19|FN_FL:agent_sample_48': 2, 'NP_NC:agent_sample_36|FN_FL:agent_sample_37': 6, 'NP_NC:agent_sample_8|FN_FL:agent_sample_11': 13, 'NP_NC:agent_sample_35|FN_FL:agent_sample_9': 3, 'NP_NC:agent_sample_57|FN_FL:agent_sample_46': 7, 'NP_NC:agent_sample_47|FN_FL:agent_sample_30': 2, 'NP_NC:agent_sample_13|FN_FL:agent_sample_17': 3, 'NP_NC:agent_sample_60|FN_FL:agent_sample_30': 10, 'NP_NC:agent_sample_38|FN_FL:agent_sample_29': 3, 'NP_NC:agent_sample_34|FN_FL:agent_sample_12': 8, 'NP_NC:agent_sample_44|FN_FL:agent_sample_37': 4, 'NP_NC:agent_sample_6|FN_FL:agent_sample_3': 9, 'NP_NC:agent_sample_15|FN_FL:agent_sample_33': 7, 'NP_NC:agent_sample_28|FN_FL:agent_sample_64': 3, 'NP_NC:agent_sample_3|FN_FL:agent_sample_64': 5, 'NP_NC:agent_sample_26|FN_FL:agent_sample_37': 4, 'NP_NC:agent_sample_15|FN_FL:agent_sample_19': 7, 'NP_NC:agent_sample_64|FN_FL:agent_sample_54': 3, 'NP_NC:agent_sample_17|FN_FL:agent_sample_12': 4, 'NP_NC:agent_sample_21|FN_FL:agent_sample_26': 2, 'NP_NC:agent_sample_6|FN_FL:agent_sample_59': 1, 'NP_NC:agent_sample_61|FN_FL:agent_sample_59': 1, 'NP_NC:agent_sample_52|FN_FL:agent_sample_35': 2, 'NP_NC:agent_sample_20|FN_FL:agent_sample_35': 6, 'NP_NC:agent_sample_56|FN_FL:agent_sample_13': 3, 'NP_NC:agent_sample_39|FN_FL:agent_sample_6': 9, 'NP_NC:agent_sample_16|FN_FL:agent_sample_58': 3, 'NP_NC:agent_sample_64|FN_FL:agent_sample_58': 5, 'NP_NC:agent_sample_51|FN_FL:agent_sample_52': 3, 'NP_NC:agent_sample_10|FN_FL:agent_sample_53': 5, 'NP_NC:agent_sample_23|FN_FL:agent_sample_32': 4, 'NP_NC:agent_sample_6|FN_FL:agent_sample_34': 6, 'NP_NC:agent_sample_3|FN_FL:agent_sample_54': 5, 'NP_NC:agent_sample_64|FN_FL:cut_first_balanced': 3, 'NP_NC:agent_sample_8|FN_FL:agent_sample_2': 7, 'NP_NC:agent_sample_6|FN_FL:agent_sample_33': 3, 'NP_NC:agent_sample_20|FN_FL:agent_sample_28': 4, 'NP_NC:agent_sample_41|FN_FL:agent_sample_16': 3, 'NP_NC:agent_sample_46|FN_FL:agent_sample_58': 4, 'NP_NC:agent_sample_23|FN_FL:agent_sample_28': 3, 'NP_NC:agent_sample_11|FN_FL:agent_sample_56': 4, 'NP_NC:agent_sample_42|FN_FL:agent_sample_64': 5, 'NP_NC:agent_sample_9|FN_FL:agent_sample_9': 11, 'NP_NC:agent_sample_23|FN_FL:agent_sample_42': 4, 'NP_NC:agent_sample_11|FN_FL:agent_sample_33': 5, 'NP_NC:agent_sample_42|FN_FL:agent_sample_45': 3, 'NP_NC:agent_sample_6|FN_FL:agent_sample_11': 4, 'NP_NC:agent_sample_56|FN_FL:agent_sample_20': 2, 'NP_NC:agent_sample_62|FN_FL:agent_sample_37': 3, 'NP_NC:agent_sample_25|FN_FL:agent_sample_53': 5, 'NP_NC:agent_sample_51|FN_FL:agent_sample_15': 3, 'NP_NC:agent_sample_8|FN_FL:agent_sample_43': 8, 'NP_NC:agent_sample_29|FN_FL:agent_sample_39': 5, 'NP_NC:agent_sample_2|FN_FL:agent_sample_48': 10, 'NP_NC:agent_sample_28|FN_FL:agent_sample_43': 7, 'NP_NC:agent_sample_9|FN_FL:agent_sample_55': 6, 'NP_NC:agent_sample_42|FN_FL:agent_sample_18': 6, 'NP_NC:agent_sample_7|FN_FL:agent_sample_10': 5, 'NP_NC:agent_sample_9|FN_FL:agent_sample_42': 2, 'NP_NC:agent_sample_25|FN_FL:agent_sample_52': 6, 'NP_NC:agent_sample_64|FN_FL:agent_sample_31': 6, 'NP_NC:agent_sample_51|FN_FL:agent_sample_18': 7, 'NP_NC:agent_sample_29|FN_FL:agent_sample_59': 7, 'NP_NC:agent_sample_50|FN_FL:agent_sample_27': 3, 'NP_NC:agent_sample_56|FN_FL:agent_sample_60': 6, 'NP_NC:agent_sample_43|FN_FL:agent_sample_61': 5, 'NP_NC:agent_sample_17|FN_FL:agent_sample_24': 7, 'NP_NC:agent_sample_44|FN_FL:agent_sample_45': 7, 'NP_NC:agent_sample_57|FN_FL:agent_greedy': 6, 'NP_NC:agent_sample_35|FN_FL:agent_sample_7': 5, 'NP_NC:agent_sample_31|FN_FL:agent_sample_52': 2, 'NP_NC:agent_sample_33|FN_FL:agent_sample_20': 9, 'NP_NC:agent_sample_46|FN_FL:agent_sample_64': 4, 'NP_NC:agent_sample_32|FN_FL:agent_sample_22': 2, 'NP_NC:agent_sample_52|FN_FL:agent_sample_21': 8, 'NP_NC:agent_sample_16|FN_FL:agent_sample_18': 6, 'NP_NC:agent_sample_59|FN_FL:agent_sample_15': 3, 'NP_NC:agent_sample_44|FN_FL:agent_sample_16': 4, 'NP_NC:agent_sample_54|FN_FL:agent_sample_52': 1, 'NP_NC:agent_sample_54|FN_FL:agent_sample_9': 4, 'NP_NC:agent_sample_63|FN_FL:agent_sample_9': 3, 'NP_NC:agent_sample_38|FN_FL:agent_sample_27': 9, 'NP_NC:agent_sample_63|FN_FL:agent_sample_49': 4, 'NP_NC:agent_sample_40|FN_FL:agent_sample_64': 5, 'NP_NC:agent_sample_51|FN_FL:agent_sample_45': 3, 'NP_NC:agent_sample_30|FN_FL:agent_sample_24': 4, 'NP_NC:agent_sample_42|FN_FL:agent_sample_16': 5, 'NP_NC:agent_sample_19|FN_FL:agent_sample_15': 5, 'NP_NC:agent_sample_17|FN_FL:agent_sample_14': 5, 'NP_NC:agent_sample_54|FN_FL:agent_sample_25': 5, 'NP_NC:agent_sample_29|FN_FL:agent_sample_22': 7, 'NP_NC:agent_sample_35|FN_FL:agent_sample_58': 6, 'NP_NC:agent_sample_19|FN_FL:agent_sample_4': 12, 'NP_NC:agent_sample_15|FN_FL:agent_sample_10': 8, 'NP_NC:agent_sample_53|FN_FL:agent_sample_12': 6, 'NP_NC:agent_sample_45|FN_FL:agent_sample_60': 3, 'NP_NC:agent_sample_51|FN_FL:agent_sample_46': 6, 'NP_NC:agent_sample_61|FN_FL:agent_sample_40': 2, 'NP_NC:agent_sample_3|FN_FL:agent_sample_14': 11, 'NP_NC:agent_sample_41|FN_FL:agent_sample_30': 2, 'NP_NC:agent_sample_47|FN_FL:agent_sample_26': 3, 'NP_NC:agent_sample_19|FN_FL:agent_sample_40': 8, 'NP_NC:agent_sample_61|FN_FL:cut_first_balanced': 3, 'NP_NC:agent_sample_10|FN_FL:agent_sample_37': 3, 'NP_NC:agent_sample_37|FN_FL:agent_sample_33': 3, 'NP_NC:agent_sample_24|FN_FL:agent_sample_26': 4, 'NP_NC:agent_sample_32|FN_FL:agent_sample_48': 5, 'NP_NC:agent_sample_18|FN_FL:agent_sample_6': 8, 'NP_NC:agent_sample_21|FN_FL:agent_sample_15': 6, 'NP_NC:agent_sample_28|FN_FL:agent_sample_13': 7, 'NP_NC:agent_sample_60|FN_FL:agent_sample_62': 3, 'NP_NC:agent_sample_39|FN_FL:agent_sample_48': 3, 'NP_NC:agent_sample_55|FN_FL:agent_sample_58': 6, 'NP_NC:agent_sample_43|FN_FL:agent_sample_36': 4, 'NP_NC:agent_sample_9|FN_FL:agent_sample_16': 8, 'NP_NC:agent_sample_54|FN_FL:agent_sample_60': 2, 'NP_NC:agent_sample_5|FN_FL:agent_sample_17': 7, 'NP_NC:agent_sample_16|FN_FL:agent_sample_37': 6, 'NP_NC:agent_sample_14|FN_FL:agent_sample_60': 2, 'NP_NC:agent_sample_10|FN_FL:agent_sample_57': 3, 'NP_NC:agent_sample_33|FN_FL:agent_sample_16': 5, 'NP_NC:agent_sample_63|FN_FL:agent_sample_52': 3, 'NP_NC:agent_sample_46|FN_FL:agent_sample_50': 4, 'NP_NC:agent_greedy|FN_FL:agent_sample_51': 7, 'NP_NC:agent_sample_30|FN_FL:agent_sample_35': 7, 'NP_NC:agent_sample_42|FN_FL:agent_sample_7': 9, 'NP_NC:agent_sample_31|FN_FL:agent_sample_45': 3, 'NP_NC:agent_sample_39|FN_FL:agent_greedy': 7, 'NP_NC:agent_sample_39|FN_FL:agent_sample_17': 4, 'NP_NC:agent_sample_25|FN_FL:agent_sample_51': 4, 'NP_NC:agent_sample_56|FN_FL:agent_sample_43': 3, 'NP_NC:agent_sample_55|FN_FL:agent_sample_6': 5, 'NP_NC:agent_sample_46|FN_FL:agent_sample_4': 5, 'NP_NC:agent_sample_41|FN_FL:agent_sample_23': 3, 'NP_NC:agent_sample_52|FN_FL:agent_sample_18': 3, 'NP_NC:agent_sample_46|FN_FL:agent_sample_7': 4, 'NP_NC:agent_sample_57|FN_FL:agent_sample_57': 2, 'NP_NC:agent_sample_46|FN_FL:agent_sample_48': 2, 'NP_NC:agent_sample_58|FN_FL:agent_sample_15': 6, 'NP_NC:wo_first_balanced|FN_FL:agent_sample_41': 2, 'NP_NC:agent_sample_25|FN_FL:agent_sample_24': 2, 'NP_NC:agent_sample_34|FN_FL:agent_sample_35': 4, 'NP_NC:agent_sample_16|FN_FL:agent_sample_47': 3, 'NP_NC:agent_sample_35|FN_FL:agent_sample_64': 2, 'NP_NC:agent_sample_21|FN_FL:agent_sample_59': 4, 'NP_NC:agent_sample_23|FN_FL:agent_sample_50': 5, 'NP_NC:agent_sample_27|FN_FL:agent_sample_43': 4, 'NP_NC:agent_greedy|FN_FL:agent_sample_39': 10, 'NP_NC:agent_sample_52|FN_FL:agent_sample_42': 4, 'NP_NC:agent_sample_21|FN_FL:agent_sample_49': 5, 'NP_NC:agent_sample_35|FN_FL:agent_sample_61': 10, 'NP_NC:agent_sample_36|FN_FL:agent_sample_39': 8, 'NP_NC:agent_sample_21|FN_FL:agent_sample_3': 5, 'NP_NC:agent_sample_30|FN_FL:agent_sample_27': 2, 'NP_NC:agent_sample_16|FN_FL:agent_sample_5': 6, 'NP_NC:agent_sample_29|FN_FL:agent_sample_12': 3, 'NP_NC:agent_sample_42|FN_FL:agent_sample_29': 3, 'NP_NC:agent_sample_35|FN_FL:agent_sample_28': 5, 'NP_NC:agent_sample_57|FN_FL:agent_sample_15': 7, 'NP_NC:agent_sample_23|FN_FL:agent_sample_24': 1, 'NP_NC:agent_sample_5|FN_FL:agent_sample_6': 8, 'NP_NC:agent_sample_34|FN_FL:agent_sample_31': 3, 'NP_NC:agent_sample_29|FN_FL:agent_sample_21': 5, 'NP_NC:agent_sample_6|FN_FL:agent_sample_26': 3, 'NP_NC:agent_sample_7|FN_FL:agent_sample_22': 5, 'NP_NC:agent_sample_25|FN_FL:agent_sample_36': 2, 'NP_NC:agent_sample_2|FN_FL:agent_sample_23': 5, 'NP_NC:agent_sample_40|FN_FL:agent_sample_42': 6, 'NP_NC:agent_sample_2|FN_FL:agent_sample_20': 6, 'NP_NC:agent_sample_4|FN_FL:agent_sample_15': 5, 'NP_NC:agent_greedy|FN_FL:agent_sample_59': 18, 'NP_NC:agent_sample_10|FN_FL:wo_first_balanced': 3, 'NP_NC:agent_sample_30|FN_FL:wo_first_balanced': 3, 'NP_NC:agent_sample_64|FN_FL:agent_sample_25': 7, 'NP_NC:agent_sample_28|FN_FL:agent_sample_11': 5, 'NP_NC:agent_sample_62|FN_FL:agent_sample_27': 3, 'NP_NC:agent_sample_50|FN_FL:agent_sample_41': 9, 'NP_NC:agent_sample_2|FN_FL:agent_sample_11': 16, 'NP_NC:agent_greedy|FN_FL:agent_sample_26': 11, 'NP_NC:agent_sample_40|FN_FL:agent_sample_8': 9, 'NP_NC:agent_sample_33|FN_FL:agent_sample_23': 4, 'NP_NC:agent_sample_35|FN_FL:agent_sample_41': 6, 'NP_NC:agent_sample_28|FN_FL:agent_sample_24': 6, 'NP_NC:agent_sample_38|FN_FL:agent_sample_25': 5, 'NP_NC:agent_sample_2|FN_FL:agent_sample_19': 8, 'NP_NC:agent_sample_51|FN_FL:agent_sample_60': 5, 'NP_NC:agent_sample_46|FN_FL:agent_sample_41': 3, 'NP_NC:agent_sample_58|FN_FL:agent_sample_52': 5, 'NP_NC:cut_first_balanced|FN_FL:agent_sample_64': 3, 'NP_NC:agent_sample_26|FN_FL:agent_sample_23': 2, 'NP_NC:agent_sample_56|FN_FL:agent_sample_10': 5, 'NP_NC:agent_sample_39|FN_FL:agent_sample_12': 5, 'NP_NC:agent_sample_16|FN_FL:agent_sample_34': 4, 'NP_NC:agent_sample_45|FN_FL:agent_sample_16': 6, 'NP_NC:agent_sample_13|FN_FL:agent_sample_51': 3, 'NP_NC:agent_sample_29|FN_FL:agent_sample_27': 4, 'NP_NC:agent_sample_53|FN_FL:agent_sample_22': 5, 'NP_NC:agent_sample_19|FN_FL:wo_first_balanced': 2, 'NP_NC:agent_sample_25|FN_FL:agent_sample_13': 9, 'NP_NC:agent_sample_57|FN_FL:agent_sample_9': 2, 'NP_NC:agent_sample_61|FN_FL:agent_sample_5': 7, 'NP_NC:agent_sample_20|FN_FL:agent_sample_62': 6, 'NP_NC:agent_sample_10|FN_FL:agent_sample_28': 2, 'NP_NC:agent_sample_43|FN_FL:agent_sample_45': 7, 'NP_NC:agent_sample_13|FN_FL:agent_sample_37': 4, 'NP_NC:agent_sample_39|FN_FL:agent_sample_41': 5, 'NP_NC:agent_sample_21|FN_FL:agent_sample_13': 5, 'NP_NC:agent_sample_57|FN_FL:agent_sample_14': 3, 'NP_NC:agent_sample_3|FN_FL:agent_sample_56': 4, 'NP_NC:agent_sample_15|FN_FL:agent_sample_15': 6, 'NP_NC:agent_sample_20|FN_FL:agent_sample_53': 6, 'NP_NC:agent_sample_44|FN_FL:agent_sample_55': 6, 'NP_NC:agent_sample_43|FN_FL:agent_sample_29': 3, 'NP_NC:agent_sample_48|FN_FL:agent_sample_5': 5, 'NP_NC:agent_sample_29|FN_FL:agent_sample_30': 5, 'NP_NC:agent_sample_6|FN_FL:agent_sample_49': 4, 'NP_NC:agent_sample_24|FN_FL:agent_sample_46': 8, 'NP_NC:agent_sample_54|FN_FL:agent_sample_19': 5, 'NP_NC:agent_sample_15|FN_FL:agent_sample_20': 4, 'NP_NC:agent_sample_14|FN_FL:agent_sample_59': 3, 'NP_NC:agent_sample_6|FN_FL:agent_sample_20': 5, 'NP_NC:bevel_first_balanced|FN_FL:agent_sample_40': 3, 'NP_NC:agent_sample_30|FN_FL:agent_sample_31': 1, 'NP_NC:bevel_first_balanced|FN_FL:agent_sample_25': 2, 'NP_NC:agent_sample_63|FN_FL:agent_sample_5': 3, 'NP_NC:agent_sample_64|FN_FL:agent_sample_38': 5, 'NP_NC:agent_sample_10|FN_FL:agent_sample_54': 2, 'NP_NC:agent_sample_15|FN_FL:agent_sample_43': 7, 'NP_NC:agent_sample_44|FN_FL:agent_sample_12': 4, 'NP_NC:agent_sample_64|FN_FL:agent_sample_5': 5, 'NP_NC:agent_sample_32|FN_FL:agent_sample_17': 5, 'NP_NC:agent_sample_20|FN_FL:agent_sample_40': 5, 'NP_NC:agent_sample_35|FN_FL:agent_sample_19': 6, 'NP_NC:agent_sample_14|FN_FL:agent_sample_47': 5, 'NP_NC:agent_sample_25|FN_FL:agent_sample_6': 8, 'NP_NC:agent_sample_6|FN_FL:agent_sample_40': 6, 'NP_NC:agent_sample_31|FN_FL:agent_sample_48': 6, 'NP_NC:agent_sample_49|FN_FL:agent_sample_13': 3, 'NP_NC:agent_sample_45|FN_FL:agent_sample_31': 2, 'NP_NC:agent_sample_16|FN_FL:agent_sample_31': 5, 'NP_NC:agent_sample_55|FN_FL:agent_sample_32': 7, 'NP_NC:agent_sample_7|FN_FL:agent_sample_7': 4, 'NP_NC:agent_sample_38|FN_FL:agent_sample_45': 6, 'NP_NC:agent_sample_26|FN_FL:agent_sample_53': 5, 'NP_NC:agent_sample_50|FN_FL:agent_sample_64': 3, 'NP_NC:agent_sample_59|FN_FL:agent_sample_29': 4, 'NP_NC:agent_sample_36|FN_FL:agent_sample_23': 3, 'NP_NC:agent_sample_58|FN_FL:agent_sample_24': 5, 'NP_NC:agent_sample_30|FN_FL:agent_sample_52': 3, 'NP_NC:agent_sample_30|FN_FL:agent_sample_33': 3, 'NP_NC:wo_first_balanced|FN_FL:agent_sample_17': 5, 'NP_NC:agent_sample_36|FN_FL:agent_sample_60': 8, 'NP_NC:agent_sample_54|FN_FL:agent_sample_41': 5, 'NP_NC:agent_sample_60|FN_FL:agent_sample_37': 5, 'NP_NC:agent_sample_16|FN_FL:agent_sample_33': 5, 'NP_NC:agent_sample_31|FN_FL:agent_sample_16': 5, 'NP_NC:agent_sample_33|FN_FL:agent_sample_10': 6, 'NP_NC:agent_sample_58|FN_FL:agent_sample_64': 4, 'NP_NC:agent_sample_4|FN_FL:agent_sample_48': 2, 'NP_NC:agent_sample_9|FN_FL:agent_sample_64': 1, 'NP_NC:agent_sample_39|FN_FL:agent_sample_57': 1, 'NP_NC:agent_sample_33|FN_FL:agent_greedy': 7, 'NP_NC:agent_sample_27|FN_FL:agent_sample_21': 7, 'NP_NC:agent_sample_11|FN_FL:agent_sample_45': 4, 'NP_NC:agent_sample_29|FN_FL:agent_sample_42': 5, 'NP_NC:agent_sample_32|FN_FL:agent_sample_19': 4, 'NP_NC:cut_first_balanced|FN_FL:agent_sample_3': 6, 'NP_NC:agent_sample_64|FN_FL:agent_sample_14': 6, 'NP_NC:agent_sample_64|FN_FL:agent_greedy': 7, 'NP_NC:agent_sample_54|FN_FL:agent_sample_53': 2, 'NP_NC:agent_sample_4|FN_FL:agent_sample_13': 9, 'NP_NC:agent_sample_40|FN_FL:agent_sample_61': 1, 'NP_NC:agent_sample_47|FN_FL:agent_sample_48': 5, 'NP_NC:agent_sample_3|FN_FL:agent_sample_29': 12, 'NP_NC:agent_sample_32|FN_FL:agent_sample_25': 8, 'NP_NC:agent_sample_56|FN_FL:agent_sample_9': 4, 'NP_NC:agent_sample_46|FN_FL:agent_sample_39': 6, 'NP_NC:agent_sample_42|FN_FL:agent_sample_60': 4, 'NP_NC:agent_sample_19|FN_FL:agent_sample_58': 1, 'NP_NC:agent_sample_14|FN_FL:agent_sample_38': 5, 'NP_NC:agent_sample_23|FN_FL:agent_sample_12': 4, 'NP_NC:agent_sample_47|FN_FL:agent_sample_24': 4, 'NP_NC:agent_sample_21|FN_FL:agent_sample_29': 3, 'NP_NC:agent_sample_57|FN_FL:agent_sample_19': 5, 'NP_NC:agent_sample_13|FN_FL:agent_sample_47': 2, 'NP_NC:agent_sample_29|FN_FL:agent_sample_16': 3, 'NP_NC:agent_sample_53|FN_FL:agent_sample_9': 4, 'NP_NC:agent_sample_46|FN_FL:agent_sample_30': 5, 'NP_NC:agent_sample_8|FN_FL:agent_sample_4': 5, 'NP_NC:agent_sample_51|FN_FL:agent_sample_11': 2, 'NP_NC:agent_sample_60|FN_FL:agent_sample_10': 3, 'NP_NC:agent_sample_58|FN_FL:agent_sample_56': 8, 'NP_NC:agent_sample_11|FN_FL:agent_sample_26': 8, 'NP_NC:agent_sample_50|FN_FL:agent_sample_16': 8, 'NP_NC:agent_sample_12|FN_FL:agent_sample_20': 6, 'NP_NC:agent_sample_3|FN_FL:agent_sample_50': 3, 'NP_NC:agent_sample_22|FN_FL:agent_sample_48': 7, 'NP_NC:agent_sample_21|FN_FL:wo_first_balanced': 3, 'NP_NC:agent_sample_50|FN_FL:agent_sample_35': 3, 'NP_NC:agent_sample_35|FN_FL:agent_sample_10': 6, 'NP_NC:agent_sample_47|FN_FL:agent_sample_2': 7, 'NP_NC:wo_first_balanced|FN_FL:agent_sample_15': 8, 'NP_NC:agent_sample_55|FN_FL:agent_sample_39': 3, 'NP_NC:agent_sample_19|FN_FL:agent_sample_12': 1, 'NP_NC:agent_sample_23|FN_FL:agent_sample_11': 8, 'NP_NC:agent_sample_53|FN_FL:agent_sample_61': 4, 'NP_NC:agent_sample_25|FN_FL:agent_sample_41': 5, 'NP_NC:agent_sample_3|FN_FL:agent_sample_7': 13, 'NP_NC:agent_sample_47|FN_FL:agent_sample_53': 5, 'NP_NC:agent_sample_15|FN_FL:agent_sample_7': 6, 'NP_NC:agent_sample_56|FN_FL:agent_sample_23': 3, 'NP_NC:agent_sample_48|FN_FL:agent_sample_40': 6, 'NP_NC:agent_sample_40|FN_FL:agent_sample_58': 7, 'NP_NC:agent_sample_16|FN_FL:agent_sample_50': 5, 'NP_NC:agent_sample_62|FN_FL:agent_sample_3': 5, 'NP_NC:agent_sample_37|FN_FL:agent_sample_6': 4, 'NP_NC:agent_sample_18|FN_FL:agent_sample_27': 5, 'NP_NC:agent_sample_57|FN_FL:agent_sample_52': 3, 'NP_NC:agent_sample_61|FN_FL:agent_sample_30': 2, 'NP_NC:agent_sample_19|FN_FL:agent_sample_36': 1, 'NP_NC:agent_sample_22|FN_FL:agent_sample_43': 2, 'NP_NC:agent_sample_17|FN_FL:agent_sample_3': 6, 'NP_NC:agent_sample_60|FN_FL:agent_sample_19': 6, 'NP_NC:agent_sample_64|FN_FL:agent_sample_50': 2, 'NP_NC:agent_sample_43|FN_FL:agent_sample_63': 6, 'NP_NC:agent_sample_4|FN_FL:cut_first_balanced': 3, 'NP_NC:agent_sample_50|FN_FL:agent_sample_25': 5, 'NP_NC:agent_sample_12|FN_FL:agent_sample_44': 2, 'NP_NC:agent_sample_58|FN_FL:agent_sample_58': 6, 'NP_NC:agent_sample_37|FN_FL:agent_sample_57': 4, 'NP_NC:agent_sample_35|FN_FL:agent_sample_24': 4, 'NP_NC:agent_sample_24|FN_FL:agent_sample_55': 5, 'NP_NC:agent_sample_63|FN_FL:agent_sample_15': 6, 'NP_NC:agent_sample_24|FN_FL:agent_sample_17': 6, 'NP_NC:agent_sample_39|FN_FL:agent_sample_16': 3, 'NP_NC:agent_sample_45|FN_FL:agent_greedy': 5, 'NP_NC:agent_sample_24|FN_FL:agent_sample_64': 3, 'NP_NC:agent_sample_18|FN_FL:agent_sample_54': 2, 'NP_NC:agent_sample_54|FN_FL:agent_sample_21': 7, 'NP_NC:agent_sample_17|FN_FL:agent_greedy': 11, 'NP_NC:agent_sample_29|FN_FL:agent_sample_3': 4, 'NP_NC:agent_sample_43|FN_FL:agent_sample_10': 5, 'NP_NC:agent_sample_21|FN_FL:agent_sample_2': 5, 'NP_NC:agent_sample_45|FN_FL:agent_sample_62': 3, 'NP_NC:agent_sample_9|FN_FL:agent_sample_59': 3, 'NP_NC:agent_sample_50|FN_FL:agent_sample_39': 5, 'NP_NC:agent_sample_12|FN_FL:agent_sample_38': 3, 'NP_NC:agent_sample_61|FN_FL:agent_sample_52': 4, 'NP_NC:agent_sample_11|FN_FL:agent_sample_10': 6, 'NP_NC:agent_sample_61|FN_FL:agent_sample_25': 5, 'NP_NC:agent_sample_42|FN_FL:agent_sample_21': 3, 'NP_NC:agent_sample_55|FN_FL:agent_sample_38': 4, 'NP_NC:agent_sample_32|FN_FL:agent_sample_54': 3, 'NP_NC:agent_sample_16|FN_FL:agent_sample_4': 6, 'NP_NC:agent_sample_41|FN_FL:agent_sample_11': 5, 'NP_NC:agent_sample_14|FN_FL:agent_sample_30': 3, 'NP_NC:agent_sample_21|FN_FL:agent_sample_10': 5, 'NP_NC:agent_sample_38|FN_FL:agent_sample_64': 5, 'NP_NC:agent_sample_40|FN_FL:agent_sample_52': 5, 'NP_NC:agent_sample_45|FN_FL:agent_sample_44': 5, 'NP_NC:agent_sample_52|FN_FL:cut_first_balanced': 2, 'NP_NC:agent_sample_49|FN_FL:agent_sample_49': 1, 'NP_NC:agent_sample_14|FN_FL:wo_first_balanced': 4, 'NP_NC:agent_sample_40|FN_FL:agent_sample_48': 5, 'NP_NC:agent_sample_37|FN_FL:agent_sample_10': 8, 'NP_NC:agent_sample_21|FN_FL:agent_sample_45': 7, 'NP_NC:agent_sample_6|FN_FL:cut_first_balanced': 5, 'NP_NC:agent_sample_19|FN_FL:agent_sample_31': 1, 'NP_NC:agent_sample_25|FN_FL:agent_sample_63': 6, 'NP_NC:agent_sample_28|FN_FL:agent_sample_31': 2, 'NP_NC:agent_sample_5|FN_FL:agent_sample_16': 12, 'NP_NC:agent_sample_3|FN_FL:agent_sample_20': 4, 'NP_NC:agent_sample_34|FN_FL:agent_sample_59': 3, 'NP_NC:agent_sample_23|FN_FL:agent_sample_31': 3, 'NP_NC:agent_sample_64|FN_FL:agent_sample_48': 4, 'NP_NC:agent_sample_9|FN_FL:agent_sample_36': 4, 'NP_NC:agent_sample_49|FN_FL:wo_first_balanced': 3, 'NP_NC:agent_sample_24|FN_FL:agent_sample_42': 3, 'NP_NC:agent_sample_30|FN_FL:agent_sample_10': 10, 'NP_NC:agent_sample_14|FN_FL:agent_sample_12': 6, 'NP_NC:agent_sample_4|FN_FL:agent_sample_37': 9, 'NP_NC:agent_sample_2|FN_FL:bevel_first_balanced': 7, 'NP_NC:agent_sample_14|FN_FL:agent_sample_32': 6, 'NP_NC:agent_sample_36|FN_FL:agent_sample_6': 6, 'NP_NC:agent_sample_63|FN_FL:cut_first_balanced': 2, 'NP_NC:agent_sample_53|FN_FL:agent_sample_4': 5, 'NP_NC:agent_sample_38|FN_FL:agent_sample_53': 2, 'NP_NC:agent_sample_62|FN_FL:agent_sample_41': 4, 'NP_NC:agent_sample_33|FN_FL:agent_sample_54': 6, 'NP_NC:agent_sample_50|FN_FL:agent_sample_47': 2, 'NP_NC:agent_sample_27|FN_FL:agent_sample_33': 6, 'NP_NC:agent_sample_52|FN_FL:agent_sample_52': 4, 'NP_NC:agent_sample_44|FN_FL:bevel_first_balanced': 2, 'NP_NC:agent_sample_32|FN_FL:agent_sample_2': 5, 'NP_NC:agent_sample_6|FN_FL:agent_sample_47': 6, 'NP_NC:agent_sample_26|FN_FL:agent_sample_34': 9, 'NP_NC:agent_sample_44|FN_FL:agent_sample_27': 3, 'NP_NC:agent_sample_57|FN_FL:agent_sample_35': 4, 'NP_NC:agent_sample_7|FN_FL:agent_sample_31': 7, 'NP_NC:agent_sample_26|FN_FL:agent_sample_11': 7, 'NP_NC:agent_sample_31|FN_FL:agent_sample_23': 5, 'NP_NC:agent_sample_20|FN_FL:agent_sample_58': 6, 'NP_NC:agent_sample_59|FN_FL:agent_sample_48': 3, 'NP_NC:agent_sample_61|FN_FL:agent_sample_11': 4, 'NP_NC:agent_sample_32|FN_FL:agent_sample_12': 4, 'NP_NC:agent_sample_55|FN_FL:agent_sample_53': 2, 'NP_NC:agent_sample_29|FN_FL:agent_sample_35': 3, 'NP_NC:agent_sample_53|FN_FL:agent_greedy': 11, 'NP_NC:agent_sample_21|FN_FL:agent_sample_56': 2, 'NP_NC:agent_sample_13|FN_FL:agent_sample_43': 5, 'NP_NC:agent_sample_50|FN_FL:agent_sample_23': 8, 'NP_NC:agent_sample_40|FN_FL:agent_sample_25': 4, 'NP_NC:agent_sample_9|FN_FL:agent_sample_58': 5, 'NP_NC:agent_sample_43|FN_FL:agent_sample_3': 3, 'NP_NC:agent_sample_21|FN_FL:agent_sample_51': 1, 'NP_NC:agent_sample_56|FN_FL:agent_sample_17': 5, 'NP_NC:agent_sample_13|FN_FL:agent_sample_21': 2, 'NP_NC:agent_sample_51|FN_FL:agent_sample_50': 4, 'NP_NC:agent_sample_24|FN_FL:agent_sample_61': 4, 'NP_NC:agent_sample_64|FN_FL:agent_sample_15': 7, 'NP_NC:agent_sample_33|FN_FL:agent_sample_17': 2, 'NP_NC:agent_sample_54|FN_FL:agent_sample_57': 2, 'NP_NC:agent_sample_57|FN_FL:agent_sample_40': 7, 'NP_NC:agent_sample_17|FN_FL:agent_sample_47': 4, 'NP_NC:agent_sample_50|FN_FL:agent_sample_30': 2, 'NP_NC:agent_sample_25|FN_FL:agent_sample_60': 3, 'NP_NC:agent_sample_58|FN_FL:agent_sample_25': 5, 'NP_NC:agent_sample_18|FN_FL:agent_sample_49': 5, 'NP_NC:agent_sample_58|FN_FL:agent_sample_40': 5, 'NP_NC:agent_sample_52|FN_FL:agent_sample_58': 3, 'NP_NC:agent_sample_47|FN_FL:agent_sample_42': 6, 'NP_NC:agent_sample_10|FN_FL:agent_sample_2': 6, 'NP_NC:agent_sample_57|FN_FL:agent_sample_28': 5, 'NP_NC:agent_sample_43|FN_FL:agent_sample_47': 5, 'NP_NC:agent_sample_12|FN_FL:agent_sample_23': 3, 'NP_NC:agent_sample_29|FN_FL:agent_sample_10': 2, 'NP_NC:agent_sample_26|FN_FL:agent_sample_21': 6, 'NP_NC:agent_sample_24|FN_FL:agent_sample_58': 5, 'NP_NC:agent_sample_58|FN_FL:agent_sample_2': 4, 'NP_NC:agent_sample_10|FN_FL:agent_sample_27': 5, 'NP_NC:agent_sample_15|FN_FL:agent_sample_41': 7, 'NP_NC:agent_sample_18|FN_FL:agent_sample_40': 4, 'NP_NC:agent_sample_7|FN_FL:agent_sample_25': 6, 'NP_NC:agent_sample_28|FN_FL:agent_sample_23': 5, 'NP_NC:agent_sample_39|FN_FL:agent_sample_49': 4, 'NP_NC:agent_sample_4|FN_FL:agent_sample_4': 10, 'NP_NC:agent_sample_28|FN_FL:agent_sample_40': 4, 'NP_NC:agent_sample_55|FN_FL:agent_sample_3': 4, 'NP_NC:agent_sample_27|FN_FL:agent_sample_59': 2, 'NP_NC:agent_sample_46|FN_FL:agent_sample_14': 3, 'NP_NC:agent_sample_22|FN_FL:agent_sample_41': 4, 'NP_NC:agent_sample_5|FN_FL:agent_sample_5': 7, 'NP_NC:agent_sample_15|FN_FL:agent_sample_5': 5, 'NP_NC:agent_sample_16|FN_FL:agent_sample_2': 5, 'NP_NC:agent_sample_49|FN_FL:agent_sample_62': 2, 'NP_NC:agent_sample_40|FN_FL:agent_sample_14': 6, 'NP_NC:agent_sample_22|FN_FL:agent_sample_49': 3, 'NP_NC:agent_sample_19|FN_FL:agent_sample_22': 3, 'NP_NC:agent_sample_27|FN_FL:agent_sample_10': 5, 'NP_NC:agent_sample_4|FN_FL:agent_sample_54': 7, 'NP_NC:agent_sample_22|FN_FL:agent_sample_14': 2, 'NP_NC:agent_sample_33|FN_FL:agent_sample_13': 3, 'NP_NC:agent_sample_27|FN_FL:agent_sample_54': 6, 'NP_NC:agent_sample_12|FN_FL:agent_sample_8': 6, 'NP_NC:agent_sample_46|FN_FL:agent_sample_59': 5, 'NP_NC:agent_sample_9|FN_FL:agent_sample_7': 6, 'NP_NC:agent_sample_52|FN_FL:agent_sample_10': 3, 'NP_NC:agent_sample_18|FN_FL:agent_sample_60': 2, 'NP_NC:agent_sample_17|FN_FL:agent_sample_29': 2, 'NP_NC:agent_sample_6|FN_FL:agent_sample_16': 11, 'NP_NC:agent_sample_20|FN_FL:agent_sample_14': 7, 'NP_NC:agent_sample_5|FN_FL:agent_greedy': 22, 'NP_NC:agent_sample_46|FN_FL:agent_sample_18': 5, 'NP_NC:agent_sample_26|FN_FL:agent_sample_17': 5, 'NP_NC:agent_sample_44|FN_FL:agent_sample_51': 2, 'NP_NC:agent_sample_16|FN_FL:agent_sample_22': 6, 'NP_NC:agent_sample_43|FN_FL:agent_sample_40': 5, 'NP_NC:agent_sample_18|FN_FL:agent_sample_51': 5, 'NP_NC:agent_sample_48|FN_FL:agent_sample_15': 5, 'NP_NC:agent_sample_46|FN_FL:agent_sample_11': 4, 'NP_NC:agent_sample_59|FN_FL:agent_sample_2': 5, 'NP_NC:agent_sample_19|FN_FL:agent_sample_54': 4, 'NP_NC:agent_sample_15|FN_FL:agent_sample_64': 7, 'NP_NC:agent_sample_25|FN_FL:agent_sample_35': 3, 'NP_NC:agent_sample_63|FN_FL:agent_sample_13': 4, 'NP_NC:agent_greedy|FN_FL:agent_sample_8': 21, 'NP_NC:agent_sample_12|FN_FL:agent_sample_21': 7, 'NP_NC:agent_sample_10|FN_FL:agent_sample_16': 3, 'NP_NC:agent_sample_49|FN_FL:agent_sample_56': 4, 'NP_NC:agent_sample_24|FN_FL:agent_sample_48': 8, 'NP_NC:agent_sample_40|FN_FL:agent_sample_46': 5, 'NP_NC:agent_sample_28|FN_FL:agent_sample_45': 5, 'NP_NC:agent_sample_63|FN_FL:wo_first_balanced': 1, 'NP_NC:agent_sample_46|FN_FL:agent_sample_24': 2, 'NP_NC:agent_sample_56|FN_FL:agent_sample_27': 8, 'NP_NC:agent_sample_38|FN_FL:agent_sample_36': 3, 'NP_NC:agent_sample_29|FN_FL:agent_sample_20': 2, 'NP_NC:agent_sample_43|FN_FL:agent_sample_23': 4, 'NP_NC:agent_sample_26|FN_FL:agent_sample_20': 4, 'NP_NC:agent_sample_34|FN_FL:agent_sample_4': 6, 'NP_NC:agent_sample_2|FN_FL:agent_sample_46': 7, 'NP_NC:agent_sample_36|FN_FL:agent_sample_45': 2, 'NP_NC:agent_sample_13|FN_FL:agent_sample_35': 5, 'NP_NC:bevel_first_balanced|FN_FL:agent_sample_31': 4, 'NP_NC:agent_sample_63|FN_FL:agent_sample_16': 2, 'NP_NC:agent_sample_52|FN_FL:bevel_first_balanced': 1, 'NP_NC:agent_sample_22|FN_FL:agent_sample_58': 2, 'NP_NC:agent_sample_8|FN_FL:agent_sample_18': 9, 'NP_NC:agent_sample_35|FN_FL:agent_sample_47': 6, 'NP_NC:agent_sample_63|FN_FL:agent_sample_23': 4, 'NP_NC:agent_sample_13|FN_FL:cut_first_balanced': 3, 'NP_NC:agent_sample_35|FN_FL:agent_sample_40': 2, 'NP_NC:agent_sample_60|FN_FL:agent_sample_33': 4, 'NP_NC:agent_sample_52|FN_FL:agent_sample_2': 3, 'NP_NC:agent_sample_5|FN_FL:agent_sample_37': 5, 'NP_NC:agent_sample_26|FN_FL:agent_sample_56': 5, 'NP_NC:agent_sample_51|FN_FL:agent_sample_14': 2, 'NP_NC:agent_sample_22|FN_FL:agent_sample_42': 7, 'NP_NC:agent_sample_47|FN_FL:agent_sample_28': 2, 'NP_NC:agent_sample_22|FN_FL:agent_sample_5': 4, 'NP_NC:agent_sample_32|FN_FL:agent_sample_49': 4, 'NP_NC:agent_sample_42|FN_FL:agent_sample_47': 8, 'NP_NC:agent_sample_6|FN_FL:agent_sample_58': 5, 'NP_NC:cut_first_balanced|FN_FL:agent_sample_6': 3, 'NP_NC:agent_sample_38|FN_FL:agent_sample_21': 1, 'NP_NC:agent_sample_48|FN_FL:agent_sample_13': 5, 'NP_NC:agent_sample_23|FN_FL:agent_sample_18': 4, 'NP_NC:agent_sample_56|FN_FL:agent_sample_25': 5, 'NP_NC:agent_sample_31|FN_FL:agent_sample_55': 3, 'NP_NC:agent_sample_63|FN_FL:agent_sample_6': 8, 'NP_NC:agent_sample_13|FN_FL:agent_sample_64': 9, 'NP_NC:agent_sample_6|FN_FL:agent_sample_48': 9, 'NP_NC:agent_sample_17|FN_FL:agent_sample_63': 2, 'NP_NC:agent_sample_4|FN_FL:agent_sample_7': 9, 'NP_NC:agent_sample_64|FN_FL:agent_sample_55': 2, 'NP_NC:agent_sample_16|FN_FL:agent_sample_46': 6, 'NP_NC:agent_sample_50|FN_FL:agent_sample_50': 5, 'NP_NC:agent_sample_6|FN_FL:agent_sample_28': 4, 'NP_NC:agent_sample_28|FN_FL:agent_sample_33': 2, 'NP_NC:agent_sample_24|FN_FL:agent_sample_31': 6, 'NP_NC:agent_sample_61|FN_FL:agent_sample_51': 4, 'NP_NC:agent_sample_21|FN_FL:agent_sample_30': 2, 'NP_NC:agent_sample_56|FN_FL:agent_sample_38': 5, 'NP_NC:agent_sample_33|FN_FL:cut_first_balanced': 3, 'NP_NC:agent_sample_6|FN_FL:agent_sample_36': 4, 'NP_NC:agent_sample_30|FN_FL:agent_sample_42': 4, 'NP_NC:agent_sample_60|FN_FL:agent_sample_46': 3, 'NP_NC:agent_sample_24|FN_FL:agent_greedy': 11, 'NP_NC:agent_sample_41|FN_FL:agent_sample_6': 4, 'NP_NC:agent_sample_30|FN_FL:agent_sample_44': 7, 'NP_NC:agent_sample_39|FN_FL:agent_sample_55': 6, 'NP_NC:agent_sample_48|FN_FL:agent_sample_2': 1, 'NP_NC:agent_sample_38|FN_FL:agent_sample_30': 6, 'NP_NC:agent_sample_12|FN_FL:agent_sample_11': 4, 'NP_NC:agent_sample_46|FN_FL:agent_sample_49': 5, 'NP_NC:agent_sample_42|FN_FL:agent_sample_11': 2, 'NP_NC:agent_sample_64|FN_FL:agent_sample_24': 6, 'NP_NC:agent_sample_26|FN_FL:agent_sample_24': 7, 'NP_NC:agent_sample_57|FN_FL:agent_sample_48': 6, 'NP_NC:agent_sample_19|FN_FL:agent_sample_53': 8, 'NP_NC:agent_sample_19|FN_FL:agent_sample_16': 4, 'NP_NC:agent_sample_53|FN_FL:agent_sample_50': 4, 'NP_NC:agent_sample_7|FN_FL:agent_sample_52': 4, 'NP_NC:agent_sample_54|FN_FL:agent_sample_34': 5, 'NP_NC:agent_sample_35|FN_FL:agent_sample_25': 5, 'NP_NC:agent_sample_25|FN_FL:agent_sample_11': 7, 'NP_NC:agent_sample_31|FN_FL:agent_sample_43': 6, 'NP_NC:agent_sample_4|FN_FL:agent_sample_30': 2, 'NP_NC:agent_sample_23|FN_FL:agent_sample_59': 7, 'NP_NC:agent_sample_3|FN_FL:agent_sample_16': 10, 'NP_NC:agent_sample_43|FN_FL:agent_sample_59': 3, 'NP_NC:agent_sample_15|FN_FL:agent_sample_3': 9, 'NP_NC:agent_sample_11|FN_FL:agent_sample_50': 8, 'NP_NC:agent_sample_7|FN_FL:agent_sample_63': 2, 'NP_NC:agent_sample_52|FN_FL:agent_sample_19': 4, 'NP_NC:agent_sample_4|FN_FL:agent_sample_36': 3, 'NP_NC:agent_sample_56|FN_FL:agent_sample_22': 4, 'NP_NC:agent_sample_37|FN_FL:agent_sample_25': 4, 'NP_NC:agent_sample_23|FN_FL:agent_sample_38': 2, 'NP_NC:agent_sample_36|FN_FL:agent_sample_42': 4, 'NP_NC:agent_sample_27|FN_FL:agent_sample_23': 4, 'NP_NC:agent_sample_23|FN_FL:agent_sample_34': 5, 'NP_NC:agent_sample_9|FN_FL:agent_sample_3': 10, 'NP_NC:agent_sample_30|FN_FL:agent_sample_5': 6, 'NP_NC:agent_sample_3|FN_FL:agent_sample_51': 9, 'NP_NC:agent_sample_4|FN_FL:agent_sample_8': 5, 'NP_NC:agent_sample_8|FN_FL:agent_sample_46': 2, 'NP_NC:agent_sample_60|FN_FL:agent_sample_23': 3, 'NP_NC:agent_sample_45|FN_FL:agent_sample_33': 3, 'NP_NC:agent_sample_47|FN_FL:agent_sample_46': 2, 'NP_NC:agent_sample_46|FN_FL:agent_sample_57': 3, 'NP_NC:agent_sample_11|FN_FL:agent_sample_48': 5, 'NP_NC:agent_sample_42|FN_FL:agent_sample_62': 3, 'NP_NC:agent_sample_23|FN_FL:agent_sample_54': 2, 'NP_NC:agent_sample_20|FN_FL:agent_sample_20': 7, 'NP_NC:agent_sample_36|FN_FL:agent_sample_54': 2, 'NP_NC:agent_sample_19|FN_FL:agent_sample_61': 5, 'NP_NC:agent_sample_35|FN_FL:agent_sample_15': 3, 'NP_NC:agent_sample_11|FN_FL:agent_sample_39': 5, 'NP_NC:agent_sample_27|FN_FL:agent_sample_62': 5, 'NP_NC:agent_sample_63|FN_FL:bevel_first_balanced': 2, 'NP_NC:agent_sample_23|FN_FL:agent_sample_57': 5, 'NP_NC:agent_sample_27|FN_FL:agent_sample_64': 4, 'NP_NC:agent_sample_13|FN_FL:agent_sample_49': 4, 'NP_NC:agent_sample_4|FN_FL:agent_sample_19': 7, 'NP_NC:agent_sample_42|FN_FL:agent_sample_55': 2, 'NP_NC:agent_sample_34|FN_FL:agent_sample_13': 5, 'NP_NC:agent_sample_2|FN_FL:agent_sample_28': 8, 'NP_NC:agent_sample_19|FN_FL:agent_sample_24': 2, 'NP_NC:agent_sample_26|FN_FL:agent_sample_49': 4, 'NP_NC:agent_sample_34|FN_FL:agent_sample_33': 5, 'NP_NC:agent_sample_18|FN_FL:agent_sample_61': 6, 'NP_NC:agent_sample_3|FN_FL:wo_first_balanced': 8, 'NP_NC:agent_sample_18|FN_FL:agent_sample_36': 8, 'NP_NC:agent_sample_35|FN_FL:agent_sample_27': 4, 'NP_NC:agent_sample_24|FN_FL:agent_sample_63': 2, 'NP_NC:agent_sample_17|FN_FL:agent_sample_4': 5, 'NP_NC:agent_sample_47|FN_FL:agent_sample_6': 3, 'NP_NC:agent_sample_6|FN_FL:agent_sample_61': 5, 'NP_NC:agent_sample_19|FN_FL:agent_sample_59': 3, 'NP_NC:agent_sample_43|FN_FL:agent_sample_25': 3, 'NP_NC:agent_sample_23|FN_FL:agent_sample_14': 2, 'NP_NC:agent_sample_30|FN_FL:agent_sample_9': 3, 'NP_NC:agent_sample_49|FN_FL:agent_sample_8': 3, 'NP_NC:agent_sample_21|FN_FL:agent_sample_20': 3, 'NP_NC:agent_sample_64|FN_FL:agent_sample_41': 4, 'NP_NC:agent_sample_6|FN_FL:agent_sample_14': 6, 'NP_NC:agent_sample_58|FN_FL:agent_sample_12': 5, 'NP_NC:agent_sample_39|FN_FL:agent_sample_7': 5, 'NP_NC:agent_sample_49|FN_FL:agent_sample_35': 5, 'NP_NC:agent_sample_40|FN_FL:agent_sample_10': 3, 'NP_NC:agent_sample_44|FN_FL:agent_sample_17': 6, 'NP_NC:agent_sample_64|FN_FL:agent_sample_53': 5, 'NP_NC:agent_sample_26|FN_FL:agent_sample_63': 2, 'NP_NC:agent_sample_37|FN_FL:agent_sample_12': 4, 'NP_NC:agent_sample_49|FN_FL:agent_sample_64': 3, 'NP_NC:agent_sample_54|FN_FL:agent_greedy': 8, 'NP_NC:agent_sample_62|FN_FL:agent_sample_52': 2, 'NP_NC:agent_sample_32|FN_FL:agent_sample_42': 4, 'NP_NC:agent_sample_42|FN_FL:agent_sample_39': 9, 'NP_NC:agent_sample_41|FN_FL:agent_sample_38': 4, 'NP_NC:agent_sample_35|FN_FL:agent_sample_23': 3, 'NP_NC:agent_sample_6|FN_FL:agent_sample_9': 5, 'NP_NC:agent_sample_7|FN_FL:agent_sample_8': 6, 'NP_NC:agent_greedy|FN_FL:agent_sample_15': 14, 'NP_NC:agent_sample_37|FN_FL:agent_sample_38': 3, 'NP_NC:agent_sample_58|FN_FL:agent_sample_4': 3, 'NP_NC:agent_sample_36|FN_FL:agent_sample_21': 4, 'NP_NC:agent_sample_14|FN_FL:agent_sample_58': 3, 'NP_NC:agent_sample_5|FN_FL:agent_sample_57': 6, 'NP_NC:agent_sample_4|FN_FL:agent_sample_63': 4, 'NP_NC:agent_sample_22|FN_FL:agent_sample_57': 4, 'NP_NC:agent_sample_9|FN_FL:agent_sample_26': 8, 'NP_NC:agent_sample_6|FN_FL:agent_sample_12': 6, 'NP_NC:agent_sample_54|FN_FL:agent_sample_17': 5, 'NP_NC:agent_greedy|FN_FL:agent_sample_61': 5, 'NP_NC:agent_sample_6|FN_FL:agent_sample_17': 2, 'NP_NC:agent_sample_31|FN_FL:agent_sample_8': 4, 'NP_NC:agent_sample_57|FN_FL:agent_sample_22': 7, 'NP_NC:agent_sample_37|FN_FL:agent_sample_5': 6, 'NP_NC:agent_sample_5|FN_FL:agent_sample_14': 8, 'NP_NC:agent_sample_57|FN_FL:agent_sample_10': 2, 'NP_NC:agent_sample_60|FN_FL:agent_sample_58': 7, 'NP_NC:agent_sample_24|FN_FL:agent_sample_19': 3, 'NP_NC:agent_sample_34|FN_FL:agent_sample_15': 3, 'NP_NC:agent_sample_6|FN_FL:agent_sample_15': 7, 'NP_NC:agent_sample_34|FN_FL:agent_sample_30': 3, 'NP_NC:agent_sample_4|FN_FL:agent_sample_20': 10, 'NP_NC:agent_sample_54|FN_FL:agent_sample_5': 7, 'NP_NC:agent_sample_8|FN_FL:agent_sample_12': 8, 'NP_NC:agent_sample_44|FN_FL:agent_sample_34': 5, 'NP_NC:agent_sample_55|FN_FL:agent_sample_57': 3, 'NP_NC:agent_sample_31|FN_FL:agent_sample_30': 5, 'NP_NC:agent_sample_61|FN_FL:agent_sample_6': 4, 'NP_NC:agent_sample_18|FN_FL:agent_sample_20': 2, 'NP_NC:agent_sample_11|FN_FL:agent_sample_4': 7, 'NP_NC:agent_sample_41|FN_FL:agent_sample_26': 5, 'NP_NC:agent_sample_18|FN_FL:agent_sample_33': 5, 'NP_NC:agent_sample_55|FN_FL:agent_sample_24': 9, 'NP_NC:agent_sample_53|FN_FL:agent_sample_60': 5, 'NP_NC:agent_sample_26|FN_FL:agent_sample_55': 1, 'NP_NC:agent_sample_27|FN_FL:agent_sample_55': 5, 'NP_NC:agent_sample_42|FN_FL:agent_sample_5': 7, 'NP_NC:agent_sample_45|FN_FL:agent_sample_40': 1, 'NP_NC:agent_sample_20|FN_FL:agent_sample_4': 5, 'NP_NC:agent_sample_28|FN_FL:cut_first_balanced': 2, 'NP_NC:agent_sample_22|FN_FL:agent_sample_52': 3, 'NP_NC:agent_sample_5|FN_FL:agent_sample_10': 10, 'NP_NC:agent_sample_49|FN_FL:agent_sample_23': 4, 'NP_NC:agent_sample_45|FN_FL:agent_sample_14': 4, 'NP_NC:agent_sample_8|FN_FL:agent_sample_22': 7, 'NP_NC:agent_sample_47|FN_FL:agent_sample_52': 4, 'NP_NC:agent_sample_21|FN_FL:agent_sample_18': 9, 'NP_NC:agent_sample_54|FN_FL:agent_sample_32': 8, 'NP_NC:agent_sample_4|FN_FL:agent_sample_55': 7, 'NP_NC:agent_sample_28|FN_FL:bevel_first_balanced': 2, 'NP_NC:agent_sample_64|FN_FL:agent_sample_17': 6, 'NP_NC:agent_sample_49|FN_FL:agent_sample_50': 5, 'NP_NC:bevel_first_balanced|FN_FL:agent_sample_52': 2, 'NP_NC:agent_sample_38|FN_FL:agent_sample_23': 3, 'NP_NC:agent_sample_5|FN_FL:agent_sample_44': 6, 'NP_NC:agent_sample_54|FN_FL:agent_sample_40': 1, 'NP_NC:agent_sample_50|FN_FL:agent_sample_9': 4, 'NP_NC:agent_sample_19|FN_FL:agent_sample_6': 8, 'NP_NC:agent_sample_3|FN_FL:agent_sample_39': 4, 'NP_NC:agent_sample_52|FN_FL:agent_sample_49': 4, 'NP_NC:agent_sample_62|FN_FL:agent_sample_32': 9, 'NP_NC:agent_sample_3|FN_FL:agent_sample_18': 6, 'NP_NC:agent_sample_43|FN_FL:agent_sample_4': 2, 'NP_NC:agent_sample_19|FN_FL:agent_sample_9': 7, 'NP_NC:agent_sample_56|FN_FL:agent_sample_21': 5, 'NP_NC:agent_sample_21|FN_FL:agent_sample_60': 1, 'NP_NC:agent_sample_33|FN_FL:agent_sample_6': 6, 'NP_NC:agent_sample_44|FN_FL:agent_sample_7': 11, 'NP_NC:agent_sample_33|FN_FL:agent_sample_12': 1, 'NP_NC:agent_sample_49|FN_FL:agent_sample_33': 8, 'NP_NC:agent_sample_57|FN_FL:agent_sample_43': 4, 'NP_NC:agent_sample_39|FN_FL:agent_sample_11': 6, 'NP_NC:cut_first_balanced|FN_FL:agent_sample_28': 3, 'NP_NC:agent_sample_42|FN_FL:agent_sample_8': 3, 'NP_NC:agent_sample_22|FN_FL:agent_sample_2': 3, 'NP_NC:agent_sample_58|FN_FL:agent_sample_14': 2, 'NP_NC:agent_sample_6|FN_FL:agent_sample_45': 10, 'NP_NC:agent_sample_10|FN_FL:agent_sample_25': 3, 'NP_NC:agent_sample_34|FN_FL:agent_sample_64': 3, 'NP_NC:agent_sample_13|FN_FL:agent_sample_3': 5, 'NP_NC:agent_sample_22|FN_FL:agent_sample_33': 3, 'NP_NC:agent_sample_12|FN_FL:agent_sample_5': 4, 'NP_NC:agent_sample_17|FN_FL:agent_sample_41': 11, 'NP_NC:agent_sample_8|FN_FL:agent_sample_33': 6, 'NP_NC:agent_sample_45|FN_FL:agent_sample_7': 2, 'NP_NC:agent_sample_55|FN_FL:agent_sample_16': 5, 'NP_NC:agent_sample_21|FN_FL:agent_sample_54': 5, 'NP_NC:agent_sample_11|FN_FL:agent_sample_38': 5, 'NP_NC:agent_sample_56|FN_FL:agent_sample_24': 8, 'NP_NC:agent_sample_9|FN_FL:agent_sample_30': 7, 'NP_NC:agent_sample_11|FN_FL:agent_sample_46': 2, 'NP_NC:agent_sample_57|FN_FL:agent_sample_61': 4, 'NP_NC:agent_sample_8|FN_FL:agent_sample_27': 4, 'NP_NC:agent_sample_13|FN_FL:agent_sample_59': 2, 'NP_NC:agent_sample_42|FN_FL:agent_sample_19': 2, 'NP_NC:agent_sample_16|FN_FL:agent_sample_3': 5, 'NP_NC:agent_sample_61|FN_FL:agent_sample_10': 5, 'NP_NC:agent_sample_51|FN_FL:agent_sample_19': 7, 'NP_NC:agent_sample_33|FN_FL:agent_sample_55': 4, 'NP_NC:agent_sample_30|FN_FL:agent_sample_16': 6, 'NP_NC:agent_sample_29|FN_FL:agent_sample_36': 3, 'NP_NC:agent_sample_34|FN_FL:agent_sample_46': 2, 'NP_NC:agent_sample_5|FN_FL:agent_sample_22': 8, 'NP_NC:agent_sample_34|FN_FL:agent_sample_17': 5, 'NP_NC:agent_sample_40|FN_FL:agent_sample_39': 6, 'NP_NC:agent_sample_21|FN_FL:agent_sample_17': 3, 'NP_NC:agent_sample_20|FN_FL:agent_sample_45': 4, 'NP_NC:agent_sample_41|FN_FL:agent_sample_48': 3, 'NP_NC:agent_sample_31|FN_FL:agent_sample_24': 3, 'NP_NC:agent_sample_33|FN_FL:agent_sample_35': 2, 'NP_NC:agent_sample_30|FN_FL:agent_sample_2': 2, 'NP_NC:agent_sample_39|FN_FL:agent_sample_61': 1, 'NP_NC:agent_sample_8|FN_FL:agent_sample_35': 6, 'NP_NC:agent_sample_3|FN_FL:agent_sample_58': 8, 'NP_NC:agent_sample_27|FN_FL:agent_sample_7': 3, 'NP_NC:agent_sample_64|FN_FL:agent_sample_36': 4, 'NP_NC:agent_sample_10|FN_FL:agent_sample_15': 7, 'NP_NC:agent_sample_4|FN_FL:agent_sample_18': 7, 'NP_NC:agent_sample_4|FN_FL:agent_sample_60': 3, 'NP_NC:agent_sample_15|FN_FL:agent_sample_29': 5, 'NP_NC:agent_sample_18|FN_FL:agent_sample_46': 5, 'NP_NC:agent_sample_58|FN_FL:agent_sample_28': 2, 'NP_NC:agent_sample_46|FN_FL:agent_sample_13': 5, 'NP_NC:agent_sample_57|FN_FL:agent_sample_64': 4, 'NP_NC:agent_sample_49|FN_FL:agent_sample_53': 3, 'NP_NC:agent_sample_39|FN_FL:agent_sample_10': 4, 'NP_NC:agent_sample_38|FN_FL:agent_sample_60': 3, 'NP_NC:agent_sample_20|FN_FL:agent_sample_39': 5, 'NP_NC:agent_sample_63|FN_FL:agent_sample_22': 4, 'NP_NC:agent_sample_34|FN_FL:agent_sample_28': 4, 'NP_NC:agent_sample_11|FN_FL:agent_sample_11': 4, 'NP_NC:agent_sample_9|FN_FL:agent_sample_31': 3, 'NP_NC:agent_sample_28|FN_FL:agent_sample_5': 4, 'NP_NC:agent_sample_43|FN_FL:agent_greedy': 5, 'NP_NC:agent_sample_27|FN_FL:agent_sample_58': 6, 'NP_NC:agent_sample_21|FN_FL:agent_sample_25': 7, 'NP_NC:agent_sample_22|FN_FL:agent_sample_10': 5, 'NP_NC:agent_sample_64|FN_FL:agent_sample_33': 4, 'NP_NC:agent_sample_55|FN_FL:agent_sample_29': 4, 'NP_NC:agent_sample_62|FN_FL:agent_sample_17': 3, 'NP_NC:agent_sample_27|FN_FL:agent_sample_46': 5, 'NP_NC:agent_sample_47|FN_FL:agent_sample_39': 1, 'NP_NC:agent_sample_25|FN_FL:agent_sample_38': 8, 'NP_NC:agent_sample_24|FN_FL:cut_first_balanced': 3, 'NP_NC:agent_sample_34|FN_FL:agent_sample_53': 4, 'NP_NC:agent_sample_10|FN_FL:cut_first_balanced': 1, 'NP_NC:agent_sample_33|FN_FL:agent_sample_46': 1, 'NP_NC:agent_sample_21|FN_FL:agent_sample_33': 6, 'NP_NC:agent_sample_59|FN_FL:agent_sample_6': 5, 'NP_NC:agent_greedy|FN_FL:agent_sample_32': 6, 'NP_NC:agent_sample_35|FN_FL:agent_sample_34': 7, 'NP_NC:agent_sample_60|FN_FL:agent_sample_49': 3, 'NP_NC:agent_sample_21|FN_FL:agent_sample_14': 8, 'NP_NC:agent_sample_14|FN_FL:agent_sample_8': 9, 'NP_NC:agent_sample_3|FN_FL:agent_sample_49': 4, 'NP_NC:agent_sample_3|FN_FL:agent_sample_41': 3, 'NP_NC:agent_sample_15|FN_FL:cut_first_balanced': 2, 'NP_NC:agent_sample_21|FN_FL:agent_sample_48': 3, 'NP_NC:agent_sample_27|FN_FL:agent_sample_63': 5, 'NP_NC:agent_greedy|FN_FL:agent_sample_27': 13, 'NP_NC:agent_sample_15|FN_FL:agent_sample_8': 8, 'NP_NC:agent_sample_32|FN_FL:agent_sample_50': 6, 'NP_NC:agent_sample_9|FN_FL:agent_sample_20': 3, 'NP_NC:agent_sample_26|FN_FL:agent_sample_25': 6, 'NP_NC:agent_sample_46|FN_FL:agent_sample_45': 1, 'NP_NC:agent_sample_48|FN_FL:agent_sample_42': 3, 'NP_NC:agent_sample_3|FN_FL:agent_sample_40': 3, 'NP_NC:agent_sample_35|FN_FL:agent_sample_38': 5, 'NP_NC:agent_sample_37|FN_FL:agent_sample_52': 6, 'NP_NC:agent_sample_7|FN_FL:agent_sample_55': 10, 'NP_NC:agent_sample_14|FN_FL:agent_sample_56': 5, 'NP_NC:agent_sample_9|FN_FL:agent_sample_11': 8, 'NP_NC:agent_sample_27|FN_FL:agent_sample_9': 7, 'NP_NC:agent_sample_6|FN_FL:agent_sample_43': 3, 'NP_NC:agent_sample_3|FN_FL:agent_sample_6': 9, 'NP_NC:agent_sample_32|FN_FL:agent_sample_9': 6, 'NP_NC:agent_sample_8|FN_FL:agent_sample_6': 8, 'NP_NC:agent_sample_28|FN_FL:agent_sample_36': 5, 'NP_NC:agent_sample_16|FN_FL:agent_sample_41': 5, 'NP_NC:agent_sample_30|FN_FL:agent_sample_7': 6, 'NP_NC:agent_sample_38|FN_FL:agent_sample_17': 6, 'NP_NC:agent_sample_53|FN_FL:agent_sample_43': 7, 'NP_NC:bevel_first_balanced|FN_FL:agent_sample_11': 2, 'NP_NC:agent_sample_38|FN_FL:agent_sample_12': 9, 'NP_NC:agent_sample_44|FN_FL:agent_sample_14': 8, 'NP_NC:agent_sample_15|FN_FL:agent_sample_44': 8, 'NP_NC:agent_sample_23|FN_FL:agent_sample_21': 2, 'NP_NC:agent_sample_42|FN_FL:cut_first_balanced': 3, 'NP_NC:agent_sample_2|FN_FL:agent_sample_17': 11, 'NP_NC:agent_sample_21|FN_FL:agent_sample_58': 3, 'NP_NC:agent_sample_50|FN_FL:agent_sample_58': 8, 'NP_NC:agent_sample_52|FN_FL:agent_sample_60': 2, 'NP_NC:agent_sample_53|FN_FL:agent_sample_11': 5, 'NP_NC:agent_sample_28|FN_FL:agent_sample_14': 5, 'NP_NC:agent_sample_48|FN_FL:agent_sample_35': 7, 'NP_NC:agent_sample_63|FN_FL:agent_sample_4': 2, 'NP_NC:agent_sample_26|FN_FL:agent_sample_13': 7, 'NP_NC:agent_sample_44|FN_FL:agent_sample_3': 6, 'NP_NC:agent_sample_18|FN_FL:agent_sample_12': 2, 'NP_NC:agent_sample_50|FN_FL:agent_sample_49': 3, 'NP_NC:agent_sample_52|FN_FL:agent_sample_3': 5, 'NP_NC:agent_sample_13|FN_FL:agent_sample_58': 5, 'NP_NC:agent_sample_25|FN_FL:agent_sample_17': 6, 'NP_NC:agent_sample_7|FN_FL:agent_sample_46': 4, 'NP_NC:agent_sample_18|FN_FL:agent_sample_13': 5, 'NP_NC:agent_sample_52|FN_FL:agent_sample_50': 4, 'NP_NC:agent_sample_4|FN_FL:agent_sample_58': 3, 'NP_NC:cut_first_balanced|FN_FL:agent_sample_34': 2, 'NP_NC:agent_sample_42|FN_FL:agent_sample_28': 8, 'NP_NC:agent_sample_42|FN_FL:agent_sample_53': 2, 'NP_NC:agent_sample_51|FN_FL:agent_sample_12': 1, 'NP_NC:agent_sample_11|FN_FL:agent_sample_55': 3, 'NP_NC:agent_sample_58|FN_FL:agent_sample_33': 3, 'NP_NC:agent_sample_50|FN_FL:agent_sample_32': 8, 'NP_NC:agent_sample_19|FN_FL:agent_sample_11': 5, 'NP_NC:agent_sample_41|FN_FL:agent_sample_58': 5, 'NP_NC:agent_sample_52|FN_FL:agent_sample_24': 5, 'NP_NC:agent_sample_28|FN_FL:agent_sample_3': 7, 'NP_NC:agent_sample_42|FN_FL:agent_sample_12': 4, 'NP_NC:agent_sample_53|FN_FL:agent_sample_62': 1, 'NP_NC:agent_sample_25|FN_FL:agent_sample_16': 6, 'NP_NC:agent_sample_29|FN_FL:agent_sample_5': 3, 'NP_NC:agent_sample_16|FN_FL:agent_sample_15': 4, 'NP_NC:agent_sample_27|FN_FL:agent_sample_15': 5, 'NP_NC:agent_sample_36|FN_FL:agent_sample_2': 2, 'NP_NC:agent_sample_49|FN_FL:agent_sample_14': 4, 'NP_NC:agent_sample_18|FN_FL:agent_sample_19': 4, 'NP_NC:agent_sample_32|FN_FL:agent_sample_35': 3, 'NP_NC:agent_sample_29|FN_FL:agent_sample_6': 9, 'NP_NC:agent_sample_10|FN_FL:agent_sample_38': 4, 'NP_NC:agent_sample_41|FN_FL:agent_sample_60': 3, 'NP_NC:agent_sample_25|FN_FL:agent_sample_49': 6, 'NP_NC:agent_sample_40|FN_FL:agent_sample_19': 5, 'NP_NC:agent_sample_13|FN_FL:agent_sample_54': 7, 'NP_NC:agent_sample_10|FN_FL:agent_sample_18': 3, 'NP_NC:agent_sample_11|FN_FL:wo_first_balanced': 2, 'NP_NC:agent_sample_6|FN_FL:agent_sample_53': 3, 'NP_NC:agent_sample_56|FN_FL:agent_sample_28': 3, 'NP_NC:agent_sample_28|FN_FL:agent_sample_39': 2, 'NP_NC:agent_sample_35|FN_FL:agent_sample_39': 5, 'NP_NC:agent_sample_8|FN_FL:agent_sample_57': 4, 'NP_NC:agent_sample_41|FN_FL:agent_sample_10': 3, 'NP_NC:agent_sample_54|FN_FL:agent_sample_44': 4, 'NP_NC:agent_sample_49|FN_FL:agent_greedy': 4, 'NP_NC:agent_sample_29|FN_FL:agent_sample_38': 9, 'NP_NC:agent_sample_9|FN_FL:agent_sample_51': 2, 'NP_NC:agent_sample_29|FN_FL:agent_sample_11': 11, 'NP_NC:agent_sample_5|FN_FL:agent_sample_30': 10, 'NP_NC:agent_sample_52|FN_FL:agent_sample_62': 5, 'NP_NC:agent_sample_9|FN_FL:agent_sample_52': 1, 'NP_NC:agent_sample_24|FN_FL:agent_sample_40': 6, 'NP_NC:agent_sample_16|FN_FL:agent_sample_52': 3, 'NP_NC:agent_sample_62|FN_FL:agent_sample_54': 3, 'NP_NC:agent_sample_8|FN_FL:agent_sample_54': 7, 'NP_NC:agent_sample_64|FN_FL:agent_sample_18': 6, 'NP_NC:agent_sample_5|FN_FL:agent_sample_8': 2, 'NP_NC:agent_sample_46|FN_FL:agent_sample_35': 6, 'NP_NC:agent_sample_25|FN_FL:agent_sample_62': 5, 'NP_NC:agent_sample_60|FN_FL:agent_sample_24': 3, 'NP_NC:agent_sample_2|FN_FL:agent_sample_50': 7, 'NP_NC:agent_sample_12|FN_FL:agent_sample_24': 6, 'NP_NC:agent_sample_34|FN_FL:agent_sample_41': 3, 'NP_NC:agent_sample_35|FN_FL:agent_sample_14': 9, 'NP_NC:agent_sample_50|FN_FL:agent_sample_36': 5, 'NP_NC:agent_sample_35|FN_FL:agent_sample_43': 4, 'NP_NC:agent_sample_26|FN_FL:agent_sample_33': 4, 'NP_NC:agent_sample_56|FN_FL:agent_sample_36': 5, 'NP_NC:agent_sample_19|FN_FL:agent_sample_50': 5, 'NP_NC:agent_sample_45|FN_FL:agent_sample_23': 2, 'NP_NC:agent_sample_27|FN_FL:agent_sample_25': 4, 'NP_NC:agent_sample_50|FN_FL:agent_sample_11': 5, 'NP_NC:agent_sample_25|FN_FL:agent_sample_54': 6, 'NP_NC:agent_sample_11|FN_FL:cut_first_balanced': 4, 'NP_NC:agent_sample_50|FN_FL:agent_sample_52': 5, 'NP_NC:agent_sample_53|FN_FL:agent_sample_35': 6, 'NP_NC:agent_sample_63|FN_FL:agent_sample_26': 7, 'NP_NC:wo_first_balanced|FN_FL:agent_sample_8': 7, 'NP_NC:agent_sample_53|FN_FL:agent_sample_40': 3, 'NP_NC:agent_sample_19|FN_FL:agent_sample_38': 3, 'NP_NC:agent_sample_54|FN_FL:agent_sample_10': 6, 'NP_NC:agent_sample_13|FN_FL:agent_sample_2': 9, 'NP_NC:agent_sample_60|FN_FL:agent_sample_38': 6, 'NP_NC:agent_sample_43|FN_FL:agent_sample_16': 4, 'NP_NC:agent_sample_19|FN_FL:agent_sample_35': 8, 'NP_NC:agent_sample_37|FN_FL:agent_sample_13': 4, 'NP_NC:agent_sample_7|FN_FL:agent_sample_5': 5, 'NP_NC:agent_sample_48|FN_FL:agent_sample_46': 4, 'NP_NC:agent_sample_48|FN_FL:agent_sample_38': 2, 'NP_NC:agent_sample_60|FN_FL:agent_sample_17': 1, 'NP_NC:agent_sample_31|FN_FL:agent_sample_59': 5, 'NP_NC:agent_sample_19|FN_FL:agent_sample_64': 3, 'NP_NC:agent_sample_63|FN_FL:agent_sample_14': 4, 'NP_NC:agent_sample_23|FN_FL:agent_sample_26': 2, 'NP_NC:agent_sample_48|FN_FL:agent_sample_48': 7, 'NP_NC:agent_sample_33|FN_FL:wo_first_balanced': 2, 'NP_NC:agent_sample_48|FN_FL:agent_sample_18': 7, 'NP_NC:agent_sample_22|FN_FL:agent_sample_29': 2, 'NP_NC:agent_sample_45|FN_FL:agent_sample_46': 5, 'NP_NC:agent_sample_51|FN_FL:wo_first_balanced': 2, 'NP_NC:agent_sample_53|FN_FL:agent_sample_16': 3, 'NP_NC:agent_sample_6|FN_FL:agent_sample_62': 4, 'NP_NC:agent_sample_39|FN_FL:agent_sample_18': 5, 'NP_NC:agent_sample_34|FN_FL:agent_sample_3': 2, 'NP_NC:agent_sample_45|FN_FL:agent_sample_42': 7, 'NP_NC:agent_sample_29|FN_FL:agent_sample_13': 7, 'NP_NC:agent_sample_22|FN_FL:agent_sample_37': 2, 'NP_NC:agent_sample_25|FN_FL:agent_sample_26': 6, 'NP_NC:agent_sample_50|FN_FL:agent_sample_18': 4, 'NP_NC:agent_sample_47|FN_FL:agent_sample_36': 2, 'NP_NC:agent_sample_41|FN_FL:agent_sample_39': 5, 'NP_NC:agent_sample_34|FN_FL:agent_sample_8': 1, 'NP_NC:agent_sample_17|FN_FL:agent_sample_17': 9, 'NP_NC:agent_sample_36|FN_FL:agent_sample_56': 4, 'NP_NC:agent_sample_41|FN_FL:agent_sample_2': 3, 'NP_NC:agent_sample_9|FN_FL:agent_sample_8': 2, 'NP_NC:agent_sample_46|FN_FL:agent_sample_31': 4, 'NP_NC:agent_sample_5|FN_FL:agent_sample_28': 2, 'NP_NC:agent_sample_32|FN_FL:agent_sample_7': 8, 'NP_NC:agent_sample_39|FN_FL:cut_first_balanced': 2, 'NP_NC:agent_sample_56|FN_FL:agent_sample_33': 6, 'NP_NC:agent_sample_61|FN_FL:agent_sample_3': 7, 'NP_NC:agent_sample_43|FN_FL:agent_sample_48': 3, 'NP_NC:agent_sample_20|FN_FL:agent_sample_11': 4, 'NP_NC:agent_sample_37|FN_FL:agent_sample_42': 3, 'NP_NC:agent_sample_5|FN_FL:agent_sample_15': 6, 'NP_NC:agent_sample_54|FN_FL:agent_sample_46': 1, 'NP_NC:agent_sample_18|FN_FL:agent_sample_35': 2, 'NP_NC:agent_sample_38|FN_FL:agent_sample_54': 3, 'NP_NC:agent_sample_36|FN_FL:agent_sample_55': 2, 'NP_NC:agent_sample_47|FN_FL:bevel_first_balanced': 4, 'NP_NC:agent_sample_55|FN_FL:agent_sample_17': 3, 'NP_NC:agent_sample_58|FN_FL:agent_sample_31': 5, 'NP_NC:agent_sample_61|FN_FL:agent_sample_31': 5, 'NP_NC:agent_sample_18|FN_FL:agent_sample_23': 3, 'NP_NC:agent_sample_5|FN_FL:agent_sample_45': 6, 'NP_NC:agent_sample_30|FN_FL:agent_sample_51': 4, 'NP_NC:agent_sample_11|FN_FL:agent_sample_44': 7, 'NP_NC:agent_sample_60|FN_FL:agent_sample_63': 3, 'NP_NC:agent_sample_50|FN_FL:agent_sample_6': 4, 'NP_NC:agent_sample_50|FN_FL:agent_sample_57': 4, 'NP_NC:agent_sample_31|FN_FL:agent_sample_11': 6, 'NP_NC:agent_sample_4|FN_FL:agent_sample_3': 20, 'NP_NC:agent_sample_38|FN_FL:agent_sample_39': 7, 'NP_NC:agent_sample_22|FN_FL:agent_sample_50': 5, 'NP_NC:agent_sample_63|FN_FL:agent_sample_46': 3, 'NP_NC:agent_sample_60|FN_FL:agent_sample_34': 2, 'NP_NC:agent_sample_56|FN_FL:agent_sample_18': 6, 'NP_NC:agent_sample_50|FN_FL:agent_sample_2': 2, 'NP_NC:agent_sample_26|FN_FL:agent_sample_16': 3, 'NP_NC:agent_sample_22|FN_FL:agent_sample_60': 2, 'NP_NC:agent_sample_32|FN_FL:agent_sample_43': 5, 'NP_NC:agent_sample_59|FN_FL:agent_sample_5': 3, 'NP_NC:agent_sample_44|FN_FL:agent_greedy': 7, 'NP_NC:agent_sample_2|FN_FL:agent_sample_44': 6, 'NP_NC:agent_sample_5|FN_FL:agent_sample_41': 5, 'NP_NC:agent_sample_4|FN_FL:agent_sample_35': 6, 'NP_NC:agent_sample_48|FN_FL:agent_sample_25': 2, 'NP_NC:agent_sample_36|FN_FL:agent_sample_30': 2, 'NP_NC:agent_sample_50|FN_FL:agent_sample_29': 7, 'NP_NC:agent_sample_20|FN_FL:agent_sample_64': 4, 'NP_NC:agent_sample_56|FN_FL:agent_sample_47': 2, 'NP_NC:agent_sample_14|FN_FL:agent_sample_19': 7, 'NP_NC:agent_sample_29|FN_FL:agent_sample_24': 6, 'NP_NC:agent_sample_30|FN_FL:agent_sample_39': 5, 'NP_NC:agent_sample_47|FN_FL:agent_sample_59': 3, 'NP_NC:agent_sample_60|FN_FL:agent_sample_18': 5, 'NP_NC:agent_sample_3|FN_FL:agent_sample_43': 7, 'NP_NC:agent_sample_30|FN_FL:agent_sample_4': 5, 'NP_NC:agent_sample_9|FN_FL:agent_sample_17': 5, 'NP_NC:agent_sample_42|FN_FL:agent_sample_50': 2, 'NP_NC:agent_sample_38|FN_FL:agent_sample_4': 3, 'NP_NC:agent_sample_18|FN_FL:agent_sample_48': 2, 'NP_NC:agent_sample_59|FN_FL:agent_sample_26': 3, 'NP_NC:agent_sample_36|FN_FL:agent_sample_16': 7, 'NP_NC:agent_sample_50|FN_FL:agent_sample_62': 4, 'NP_NC:agent_sample_45|FN_FL:agent_sample_58': 6, 'NP_NC:agent_sample_40|FN_FL:bevel_first_balanced': 3, 'NP_NC:agent_sample_60|FN_FL:agent_sample_40': 5, 'NP_NC:agent_sample_13|FN_FL:agent_sample_63': 5, 'NP_NC:agent_sample_60|FN_FL:agent_sample_6': 6, 'NP_NC:agent_sample_42|FN_FL:agent_sample_38': 5, 'NP_NC:agent_sample_52|FN_FL:agent_sample_32': 2, 'NP_NC:agent_sample_7|FN_FL:agent_sample_58': 4, 'NP_NC:agent_sample_53|FN_FL:agent_sample_27': 1, 'NP_NC:agent_sample_8|FN_FL:agent_sample_5': 3, 'NP_NC:agent_sample_38|FN_FL:agent_sample_3': 10, 'NP_NC:agent_sample_28|FN_FL:agent_sample_59': 5, 'NP_NC:agent_sample_38|FN_FL:agent_sample_11': 2, 'NP_NC:agent_sample_31|FN_FL:agent_sample_22': 2, 'NP_NC:cut_first_balanced|FN_FL:agent_sample_40': 3, 'NP_NC:agent_sample_54|FN_FL:agent_sample_3': 3, 'NP_NC:agent_sample_21|FN_FL:agent_sample_5': 6, 'NP_NC:agent_sample_63|FN_FL:agent_sample_58': 1, 'NP_NC:agent_sample_13|FN_FL:agent_sample_30': 2, 'NP_NC:agent_sample_25|FN_FL:agent_sample_9': 7, 'NP_NC:agent_sample_62|FN_FL:agent_sample_51': 4, 'NP_NC:agent_sample_61|FN_FL:agent_sample_41': 5, 'NP_NC:agent_sample_51|FN_FL:agent_sample_9': 5, 'NP_NC:agent_sample_44|FN_FL:agent_sample_60': 2, 'NP_NC:agent_sample_46|FN_FL:agent_sample_19': 4, 'NP_NC:agent_sample_44|FN_FL:agent_sample_54': 3, 'NP_NC:agent_sample_27|FN_FL:agent_sample_16': 7, 'NP_NC:agent_sample_59|FN_FL:agent_sample_42': 4, 'NP_NC:agent_sample_20|FN_FL:agent_sample_8': 4, 'NP_NC:agent_sample_35|FN_FL:agent_sample_2': 7, 'NP_NC:agent_sample_8|FN_FL:agent_sample_16': 4, 'NP_NC:agent_sample_7|FN_FL:agent_sample_45': 1, 'NP_NC:agent_sample_27|FN_FL:agent_sample_4': 7, 'NP_NC:agent_sample_57|FN_FL:agent_sample_60': 7, 'NP_NC:agent_sample_38|FN_FL:agent_sample_47': 3, 'NP_NC:agent_sample_59|FN_FL:agent_sample_7': 2, 'NP_NC:agent_sample_59|FN_FL:agent_sample_31': 2, 'NP_NC:agent_sample_17|FN_FL:agent_sample_26': 4, 'NP_NC:agent_sample_32|FN_FL:agent_sample_56': 6, 'NP_NC:agent_sample_17|FN_FL:agent_sample_51': 6, 'NP_NC:agent_sample_11|FN_FL:agent_sample_5': 9, 'NP_NC:agent_sample_41|FN_FL:agent_sample_21': 4, 'NP_NC:agent_sample_47|FN_FL:agent_sample_3': 7, 'NP_NC:cut_first_balanced|FN_FL:agent_sample_8': 2, 'NP_NC:agent_sample_23|FN_FL:agent_sample_48': 4, 'NP_NC:agent_sample_30|FN_FL:agent_sample_29': 6, 'NP_NC:agent_sample_14|FN_FL:agent_sample_6': 7, 'NP_NC:agent_sample_47|FN_FL:agent_greedy': 11, 'NP_NC:agent_sample_27|FN_FL:agent_sample_48': 2, 'NP_NC:agent_sample_38|FN_FL:agent_sample_42': 5, 'NP_NC:agent_sample_59|FN_FL:agent_sample_56': 5, 'NP_NC:agent_sample_23|FN_FL:agent_sample_29': 10, 'NP_NC:agent_sample_10|FN_FL:agent_sample_41': 5, 'NP_NC:agent_sample_37|FN_FL:agent_sample_14': 4, 'NP_NC:agent_sample_55|FN_FL:agent_sample_47': 3, 'NP_NC:agent_sample_55|FN_FL:agent_greedy': 7, 'NP_NC:agent_sample_24|FN_FL:agent_sample_32': 7, 'NP_NC:agent_sample_39|FN_FL:bevel_first_balanced': 1, 'NP_NC:agent_sample_52|FN_FL:agent_sample_8': 3, 'NP_NC:agent_sample_4|FN_FL:agent_sample_9': 6, 'NP_NC:agent_sample_9|FN_FL:agent_sample_21': 5, 'NP_NC:agent_sample_17|FN_FL:agent_sample_40': 8, 'NP_NC:agent_sample_51|FN_FL:agent_sample_41': 3, 'NP_NC:agent_sample_2|FN_FL:agent_sample_36': 6, 'NP_NC:agent_sample_20|FN_FL:agent_sample_50': 2, 'NP_NC:agent_sample_26|FN_FL:agent_sample_50': 7, 'NP_NC:agent_sample_64|FN_FL:agent_sample_10': 1, 'NP_NC:agent_sample_48|FN_FL:agent_sample_63': 3, 'NP_NC:agent_sample_57|FN_FL:agent_sample_21': 3, 'NP_NC:agent_sample_62|FN_FL:agent_sample_25': 2, 'NP_NC:agent_sample_17|FN_FL:bevel_first_balanced': 1, 'NP_NC:agent_sample_59|FN_FL:agent_sample_33': 5, 'NP_NC:agent_sample_17|FN_FL:agent_sample_57': 5, 'NP_NC:agent_sample_60|FN_FL:agent_sample_21': 3, 'NP_NC:agent_sample_60|FN_FL:agent_sample_7': 6, 'NP_NC:agent_sample_62|FN_FL:agent_sample_16': 3, 'NP_NC:agent_sample_41|FN_FL:agent_sample_7': 3, 'NP_NC:agent_sample_13|FN_FL:agent_sample_5': 5, 'NP_NC:agent_sample_24|FN_FL:agent_sample_60': 7, 'NP_NC:agent_sample_15|FN_FL:agent_sample_31': 3, 'NP_NC:agent_sample_28|FN_FL:agent_sample_46': 2, 'NP_NC:agent_sample_10|FN_FL:agent_sample_46': 3, 'NP_NC:agent_sample_6|FN_FL:bevel_first_balanced': 2, 'NP_NC:agent_sample_31|FN_FL:agent_sample_3': 4, 'NP_NC:agent_sample_36|FN_FL:agent_sample_5': 4, 'NP_NC:agent_sample_48|FN_FL:agent_sample_45': 4, 'NP_NC:agent_sample_54|FN_FL:agent_sample_59': 3, 'NP_NC:agent_sample_32|FN_FL:agent_sample_15': 6, 'NP_NC:cut_first_balanced|FN_FL:agent_sample_27': 2, 'NP_NC:agent_sample_29|FN_FL:agent_sample_26': 8, 'NP_NC:agent_sample_27|FN_FL:agent_sample_12': 2, 'NP_NC:agent_sample_8|FN_FL:agent_sample_51': 2, 'NP_NC:agent_sample_42|FN_FL:agent_sample_25': 1, 'NP_NC:agent_sample_52|FN_FL:agent_sample_33': 2, 'NP_NC:agent_sample_62|FN_FL:agent_sample_4': 6, 'NP_NC:agent_sample_51|FN_FL:agent_sample_48': 3, 'NP_NC:agent_sample_54|FN_FL:agent_sample_50': 3, 'NP_NC:agent_sample_53|FN_FL:agent_sample_32': 4, 'NP_NC:agent_sample_15|FN_FL:agent_sample_38': 6, 'NP_NC:agent_sample_21|FN_FL:agent_sample_16': 4, 'NP_NC:agent_sample_59|FN_FL:agent_sample_36': 5, 'NP_NC:agent_sample_16|FN_FL:agent_sample_26': 8, 'NP_NC:agent_sample_44|FN_FL:agent_sample_63': 4, 'NP_NC:agent_sample_29|FN_FL:agent_sample_33': 1, 'NP_NC:agent_sample_32|FN_FL:agent_sample_13': 4, 'NP_NC:agent_sample_23|FN_FL:agent_sample_17': 6, 'NP_NC:agent_sample_4|FN_FL:agent_sample_12': 9, 'NP_NC:agent_sample_4|FN_FL:agent_sample_51': 2, 'NP_NC:agent_sample_19|FN_FL:agent_sample_29': 2, 'NP_NC:agent_sample_47|FN_FL:agent_sample_15': 1, 'NP_NC:agent_sample_55|FN_FL:agent_sample_64': 3, 'NP_NC:agent_sample_27|FN_FL:agent_sample_3': 6, 'NP_NC:agent_sample_38|FN_FL:agent_sample_6': 3, 'NP_NC:agent_sample_60|FN_FL:agent_sample_12': 3, 'NP_NC:agent_sample_26|FN_FL:agent_sample_57': 3, 'NP_NC:agent_sample_61|FN_FL:agent_sample_64': 4, 'NP_NC:agent_sample_40|FN_FL:agent_sample_29': 5, 'NP_NC:agent_sample_3|FN_FL:agent_sample_5': 15, 'NP_NC:agent_sample_2|FN_FL:agent_sample_18': 2, 'NP_NC:agent_sample_26|FN_FL:agent_sample_45': 3, 'NP_NC:agent_sample_60|FN_FL:agent_sample_55': 3, 'NP_NC:agent_sample_56|FN_FL:agent_sample_40': 5, 'NP_NC:agent_sample_45|FN_FL:agent_sample_34': 4, 'NP_NC:agent_sample_50|FN_FL:agent_sample_60': 3, 'NP_NC:agent_sample_34|FN_FL:agent_sample_25': 5, 'NP_NC:agent_sample_11|FN_FL:agent_sample_8': 6, 'NP_NC:agent_sample_12|FN_FL:agent_sample_57': 5, 'NP_NC:agent_sample_2|FN_FL:agent_sample_40': 4, 'NP_NC:agent_sample_2|FN_FL:agent_sample_39': 3, 'NP_NC:agent_sample_2|FN_FL:agent_sample_32': 8, 'NP_NC:agent_sample_5|FN_FL:agent_sample_55': 6, 'NP_NC:agent_sample_33|FN_FL:agent_sample_63': 5, 'NP_NC:agent_sample_61|FN_FL:agent_sample_35': 4, 'NP_NC:agent_sample_51|FN_FL:agent_sample_33': 4, 'NP_NC:agent_sample_57|FN_FL:agent_sample_4': 2, 'NP_NC:agent_sample_62|FN_FL:agent_sample_33': 2, 'NP_NC:agent_sample_4|FN_FL:agent_sample_11': 6, 'NP_NC:agent_sample_58|FN_FL:agent_sample_50': 4, 'NP_NC:agent_sample_16|FN_FL:agent_sample_32': 5, 'NP_NC:agent_sample_13|FN_FL:agent_sample_19': 8, 'NP_NC:agent_sample_31|FN_FL:agent_sample_37': 3, 'NP_NC:agent_sample_33|FN_FL:agent_sample_48': 2, 'NP_NC:agent_sample_20|FN_FL:agent_sample_5': 5, 'NP_NC:agent_sample_48|FN_FL:agent_sample_17': 2, 'NP_NC:agent_sample_52|FN_FL:agent_sample_22': 7, 'NP_NC:agent_sample_55|FN_FL:agent_sample_30': 4, 'NP_NC:agent_sample_21|FN_FL:agent_sample_7': 2, 'NP_NC:agent_sample_62|FN_FL:agent_sample_20': 4, 'NP_NC:agent_sample_42|FN_FL:agent_sample_49': 5, 'NP_NC:agent_sample_23|FN_FL:agent_sample_15': 2, 'NP_NC:agent_sample_26|FN_FL:bevel_first_balanced': 1, 'NP_NC:agent_sample_10|FN_FL:agent_sample_14': 4, 'NP_NC:agent_sample_37|FN_FL:agent_sample_7': 2, 'NP_NC:agent_sample_56|FN_FL:agent_sample_31': 3, 'NP_NC:agent_sample_58|FN_FL:agent_sample_10': 6, 'NP_NC:agent_sample_4|FN_FL:agent_sample_46': 5, 'NP_NC:agent_sample_17|FN_FL:agent_sample_32': 5, 'NP_NC:agent_sample_26|FN_FL:agent_sample_64': 5, 'NP_NC:agent_sample_36|FN_FL:agent_sample_10': 5, 'NP_NC:agent_sample_17|FN_FL:agent_sample_31': 3, 'NP_NC:agent_sample_38|FN_FL:agent_sample_15': 3, 'NP_NC:agent_sample_33|FN_FL:agent_sample_57': 7, 'NP_NC:agent_sample_39|FN_FL:agent_sample_36': 2, 'NP_NC:agent_sample_48|FN_FL:agent_sample_23': 4, 'NP_NC:agent_sample_15|FN_FL:agent_sample_21': 7, 'NP_NC:agent_sample_10|FN_FL:agent_sample_33': 6, 'NP_NC:agent_sample_41|FN_FL:agent_sample_43': 6, 'NP_NC:agent_sample_64|FN_FL:agent_sample_16': 3, 'NP_NC:agent_sample_23|FN_FL:agent_sample_52': 4, 'NP_NC:agent_sample_49|FN_FL:agent_sample_32': 7, 'NP_NC:agent_sample_50|FN_FL:agent_sample_22': 3, 'NP_NC:agent_sample_19|FN_FL:agent_sample_51': 4, 'NP_NC:agent_sample_29|FN_FL:agent_sample_14': 2, 'NP_NC:agent_sample_2|FN_FL:agent_sample_64': 6, 'NP_NC:agent_sample_14|FN_FL:agent_sample_2': 7, 'NP_NC:agent_sample_45|FN_FL:agent_sample_8': 3, 'NP_NC:agent_sample_50|FN_FL:agent_sample_10': 3, 'NP_NC:agent_sample_53|FN_FL:agent_sample_33': 4, 'NP_NC:agent_sample_43|FN_FL:agent_sample_6': 3, 'NP_NC:agent_sample_13|FN_FL:agent_sample_42': 4, 'NP_NC:agent_sample_43|FN_FL:agent_sample_14': 5, 'NP_NC:agent_sample_48|FN_FL:agent_sample_56': 2, 'NP_NC:agent_sample_47|FN_FL:agent_sample_20': 2, 'NP_NC:agent_sample_38|FN_FL:agent_sample_46': 4, 'NP_NC:agent_sample_20|FN_FL:agent_sample_61': 3, 'NP_NC:agent_sample_33|FN_FL:agent_sample_24': 5, 'NP_NC:agent_sample_52|FN_FL:agent_sample_34': 4, 'NP_NC:agent_sample_49|FN_FL:agent_sample_11': 3, 'NP_NC:agent_sample_50|FN_FL:agent_sample_13': 5, 'NP_NC:agent_sample_16|FN_FL:agent_sample_30': 4, 'NP_NC:agent_sample_42|FN_FL:agent_sample_52': 1, 'NP_NC:agent_sample_46|FN_FL:agent_sample_37': 4, 'NP_NC:agent_sample_34|FN_FL:agent_greedy': 10, 'NP_NC:agent_sample_16|FN_FL:agent_sample_63': 3, 'NP_NC:agent_sample_23|FN_FL:agent_sample_46': 3, 'NP_NC:agent_sample_12|FN_FL:agent_sample_46': 3, 'NP_NC:agent_sample_26|FN_FL:agent_sample_46': 8, 'NP_NC:agent_sample_46|FN_FL:agent_sample_6': 5, 'NP_NC:agent_sample_53|FN_FL:agent_sample_41': 3, 'NP_NC:agent_sample_49|FN_FL:agent_sample_19': 7, 'NP_NC:agent_sample_55|FN_FL:agent_sample_63': 3, 'NP_NC:agent_greedy|FN_FL:agent_sample_34': 12, 'NP_NC:agent_sample_3|FN_FL:agent_sample_24': 6, 'NP_NC:agent_sample_62|FN_FL:agent_sample_50': 4, 'NP_NC:agent_sample_2|FN_FL:agent_sample_12': 7, 'NP_NC:agent_sample_15|FN_FL:agent_sample_61': 8, 'NP_NC:agent_sample_32|FN_FL:agent_sample_32': 3, 'NP_NC:agent_sample_50|FN_FL:agent_sample_56': 3, 'NP_NC:agent_sample_6|FN_FL:agent_sample_25': 5, 'NP_NC:agent_sample_57|FN_FL:agent_sample_16': 4, 'NP_NC:agent_sample_14|FN_FL:agent_sample_25': 6, 'NP_NC:agent_sample_59|FN_FL:agent_sample_3': 3, 'NP_NC:agent_sample_28|FN_FL:agent_sample_34': 5, 'NP_NC:agent_sample_22|FN_FL:agent_sample_30': 7, 'NP_NC:agent_sample_41|FN_FL:agent_sample_51': 4, 'NP_NC:agent_sample_36|FN_FL:agent_sample_53': 5, 'NP_NC:agent_sample_62|FN_FL:agent_sample_2': 2, 'NP_NC:agent_sample_42|FN_FL:agent_sample_56': 4, 'NP_NC:agent_sample_57|FN_FL:agent_sample_37': 3, 'NP_NC:agent_sample_4|FN_FL:agent_sample_34': 4, 'NP_NC:agent_sample_23|FN_FL:agent_sample_58': 4, 'NP_NC:agent_sample_4|FN_FL:agent_sample_17': 7, 'NP_NC:agent_sample_29|FN_FL:agent_sample_9': 5, 'NP_NC:agent_sample_8|FN_FL:agent_sample_63': 5, 'NP_NC:agent_sample_52|FN_FL:agent_sample_27': 3, 'NP_NC:agent_sample_51|FN_FL:agent_sample_59': 2, 'NP_NC:agent_sample_43|FN_FL:agent_sample_18': 1, 'NP_NC:agent_sample_44|FN_FL:wo_first_balanced': 1, 'NP_NC:agent_sample_29|FN_FL:agent_sample_28': 2, 'NP_NC:agent_sample_7|FN_FL:bevel_first_balanced': 2, 'NP_NC:agent_sample_7|FN_FL:agent_sample_12': 3, 'NP_NC:agent_sample_9|FN_FL:agent_sample_47': 3, 'NP_NC:agent_sample_55|FN_FL:agent_sample_10': 7, 'NP_NC:cut_first_balanced|FN_FL:agent_sample_32': 3, 'NP_NC:agent_sample_43|FN_FL:agent_sample_9': 5, 'NP_NC:agent_sample_15|FN_FL:agent_sample_63': 1, 'NP_NC:agent_sample_60|FN_FL:agent_sample_45': 4, 'NP_NC:agent_sample_48|FN_FL:agent_sample_21': 5, 'NP_NC:agent_sample_14|FN_FL:agent_sample_14': 5, 'NP_NC:agent_sample_35|FN_FL:agent_sample_50': 2, 'NP_NC:agent_sample_25|FN_FL:agent_sample_46': 2, 'NP_NC:agent_sample_60|FN_FL:agent_sample_16': 5, 'NP_NC:agent_sample_16|FN_FL:agent_sample_13': 6, 'NP_NC:agent_sample_55|FN_FL:agent_sample_42': 3, 'NP_NC:agent_sample_41|FN_FL:agent_sample_24': 3, 'NP_NC:agent_sample_34|FN_FL:wo_first_balanced': 1, 'NP_NC:agent_sample_43|FN_FL:agent_sample_5': 2, 'NP_NC:agent_sample_47|FN_FL:agent_sample_47': 2, 'NP_NC:agent_sample_44|FN_FL:agent_sample_25': 6, 'NP_NC:agent_sample_23|FN_FL:agent_sample_4': 3, 'NP_NC:wo_first_balanced|FN_FL:agent_sample_36': 5, 'NP_NC:agent_sample_48|FN_FL:agent_sample_16': 2, 'NP_NC:agent_sample_14|FN_FL:agent_sample_26': 9, 'NP_NC:agent_sample_31|FN_FL:agent_sample_12': 8, 'NP_NC:agent_sample_58|FN_FL:agent_sample_63': 1, 'NP_NC:agent_sample_3|FN_FL:agent_sample_8': 8, 'NP_NC:agent_sample_48|FN_FL:agent_sample_54': 1, 'NP_NC:agent_sample_62|FN_FL:agent_sample_49': 5, 'NP_NC:agent_sample_11|FN_FL:agent_sample_14': 6, 'NP_NC:agent_sample_60|FN_FL:agent_sample_56': 1, 'NP_NC:agent_sample_29|FN_FL:agent_sample_45': 4, 'NP_NC:agent_sample_2|FN_FL:agent_sample_56': 7, 'NP_NC:agent_sample_8|FN_FL:bevel_first_balanced': 4, 'NP_NC:agent_sample_24|FN_FL:agent_sample_34': 4, 'NP_NC:agent_sample_51|FN_FL:agent_sample_61': 4, 'NP_NC:agent_sample_59|FN_FL:agent_sample_9': 7, 'NP_NC:agent_sample_14|FN_FL:agent_sample_39': 7, 'NP_NC:agent_sample_51|FN_FL:agent_sample_27': 2, 'NP_NC:agent_sample_3|FN_FL:agent_sample_45': 7, 'NP_NC:agent_sample_21|FN_FL:agent_sample_4': 5, 'NP_NC:agent_sample_22|FN_FL:agent_sample_39': 3, 'NP_NC:agent_sample_60|FN_FL:agent_sample_2': 1, 'NP_NC:agent_sample_31|FN_FL:agent_sample_5': 3, 'NP_NC:agent_sample_30|FN_FL:agent_sample_57': 5, 'NP_NC:agent_sample_34|FN_FL:agent_sample_49': 6, 'NP_NC:agent_sample_13|FN_FL:agent_sample_4': 5, 'NP_NC:agent_sample_29|FN_FL:cut_first_balanced': 2, 'NP_NC:agent_sample_17|FN_FL:agent_sample_9': 6, 'NP_NC:agent_sample_22|FN_FL:agent_sample_17': 6, 'NP_NC:agent_sample_19|FN_FL:agent_sample_3': 6, 'NP_NC:agent_sample_15|FN_FL:agent_sample_48': 4, 'NP_NC:agent_sample_52|FN_FL:agent_sample_7': 5, 'NP_NC:agent_sample_27|FN_FL:agent_sample_41': 5, 'NP_NC:agent_sample_54|FN_FL:agent_sample_28': 4, 'NP_NC:agent_sample_55|FN_FL:bevel_first_balanced': 4, 'NP_NC:agent_sample_42|FN_FL:agent_sample_2': 4, 'NP_NC:agent_sample_2|FN_FL:agent_sample_34': 5, 'NP_NC:agent_sample_36|FN_FL:agent_sample_41': 2, 'NP_NC:agent_sample_51|FN_FL:agent_sample_31': 3, 'NP_NC:agent_sample_61|FN_FL:agent_sample_23': 3, 'NP_NC:agent_sample_43|FN_FL:bevel_first_balanced': 1, 'NP_NC:agent_sample_11|FN_FL:agent_sample_58': 4, 'NP_NC:agent_sample_26|FN_FL:agent_sample_3': 5, 'NP_NC:agent_sample_11|FN_FL:agent_sample_34': 6, 'NP_NC:agent_sample_4|FN_FL:agent_sample_47': 6, 'NP_NC:agent_sample_45|FN_FL:agent_sample_55': 2, 'NP_NC:agent_sample_42|FN_FL:agent_sample_51': 6, 'NP_NC:agent_sample_24|FN_FL:agent_sample_8': 3, 'NP_NC:agent_sample_3|FN_FL:agent_sample_23': 4, 'NP_NC:agent_sample_4|FN_FL:agent_sample_40': 7, 'NP_NC:agent_sample_35|FN_FL:agent_sample_11': 4, 'NP_NC:agent_sample_11|FN_FL:agent_greedy': 9, 'NP_NC:agent_sample_41|FN_FL:agent_sample_27': 2, 'NP_NC:agent_sample_14|FN_FL:agent_sample_13': 6, 'NP_NC:agent_sample_6|FN_FL:agent_sample_24': 5, 'NP_NC:agent_sample_63|FN_FL:agent_sample_19': 4, 'NP_NC:agent_sample_26|FN_FL:agent_sample_42': 5, 'NP_NC:cut_first_balanced|FN_FL:agent_sample_58': 3, 'NP_NC:agent_sample_37|FN_FL:agent_sample_62': 2, 'NP_NC:agent_sample_61|FN_FL:agent_sample_60': 3, 'NP_NC:agent_sample_24|FN_FL:bevel_first_balanced': 2, 'NP_NC:cut_first_balanced|FN_FL:agent_sample_10': 4, 'NP_NC:agent_sample_21|FN_FL:agent_sample_37': 4, 'NP_NC:agent_sample_52|FN_FL:agent_sample_17': 3, 'NP_NC:agent_sample_18|FN_FL:agent_sample_2': 6, 'NP_NC:agent_sample_49|FN_FL:agent_sample_15': 2, 'NP_NC:agent_sample_25|FN_FL:agent_sample_21': 6, 'NP_NC:agent_sample_64|FN_FL:agent_sample_27': 6, 'NP_NC:agent_sample_42|FN_FL:wo_first_balanced': 1, 'NP_NC:agent_sample_57|FN_FL:agent_sample_33': 5, 'NP_NC:agent_sample_14|FN_FL:bevel_first_balanced': 2, 'NP_NC:agent_sample_37|FN_FL:agent_sample_21': 5, 'NP_NC:agent_sample_13|FN_FL:agent_sample_45': 3, 'NP_NC:agent_sample_44|FN_FL:agent_sample_35': 2, 'NP_NC:agent_sample_14|FN_FL:agent_sample_31': 4, 'NP_NC:agent_sample_63|FN_FL:agent_sample_64': 2, 'NP_NC:agent_sample_22|FN_FL:agent_sample_7': 6, 'NP_NC:agent_sample_41|FN_FL:agent_sample_36': 3, 'NP_NC:agent_sample_60|FN_FL:agent_sample_20': 3, 'NP_NC:agent_sample_28|FN_FL:agent_sample_2': 5, 'NP_NC:agent_sample_46|FN_FL:agent_sample_16': 3, 'NP_NC:agent_sample_33|FN_FL:agent_sample_29': 4, 'NP_NC:agent_sample_13|FN_FL:agent_sample_38': 4, 'NP_NC:agent_sample_13|FN_FL:agent_sample_7': 6, 'NP_NC:agent_sample_9|FN_FL:agent_sample_24': 8, 'NP_NC:agent_sample_37|FN_FL:agent_sample_24': 7, 'NP_NC:agent_sample_22|FN_FL:agent_sample_56': 4, 'NP_NC:agent_sample_63|FN_FL:agent_sample_18': 2, 'NP_NC:agent_sample_5|FN_FL:agent_sample_50': 4, 'NP_NC:agent_sample_27|FN_FL:agent_sample_42': 6, 'NP_NC:agent_sample_55|FN_FL:agent_sample_54': 3, 'NP_NC:agent_sample_32|FN_FL:agent_sample_11': 5, 'NP_NC:agent_sample_33|FN_FL:agent_sample_22': 6, 'NP_NC:agent_sample_22|FN_FL:agent_sample_4': 3, 'NP_NC:agent_sample_15|FN_FL:agent_sample_14': 8, 'NP_NC:agent_sample_48|FN_FL:agent_sample_9': 4, 'NP_NC:agent_sample_46|FN_FL:agent_sample_38': 5, 'NP_NC:agent_sample_10|FN_FL:agent_sample_26': 7, 'NP_NC:agent_sample_53|FN_FL:agent_sample_14': 4, 'NP_NC:agent_sample_34|FN_FL:agent_sample_37': 1, 'NP_NC:agent_sample_26|FN_FL:agent_sample_12': 2, 'NP_NC:agent_sample_2|FN_FL:agent_sample_25': 6, 'NP_NC:agent_sample_2|FN_FL:agent_sample_43': 6, 'NP_NC:agent_sample_58|FN_FL:agent_sample_32': 5, 'NP_NC:agent_sample_50|FN_FL:agent_sample_61': 4, 'NP_NC:agent_sample_14|FN_FL:agent_sample_63': 7, 'NP_NC:agent_sample_30|FN_FL:agent_sample_36': 3, 'NP_NC:bevel_first_balanced|FN_FL:agent_sample_14': 5, 'NP_NC:agent_sample_29|FN_FL:agent_sample_15': 5, 'NP_NC:agent_sample_5|FN_FL:agent_sample_59': 3, 'NP_NC:agent_sample_39|FN_FL:agent_sample_42': 3, 'NP_NC:agent_sample_13|FN_FL:agent_sample_44': 3, 'NP_NC:agent_sample_61|FN_FL:agent_sample_29': 5, 'NP_NC:agent_sample_61|FN_FL:agent_sample_50': 4, 'NP_NC:agent_sample_50|FN_FL:agent_sample_53': 3, 'NP_NC:agent_sample_64|FN_FL:agent_sample_45': 4, 'NP_NC:agent_sample_29|FN_FL:agent_sample_8': 4, 'NP_NC:agent_sample_62|FN_FL:agent_sample_57': 2, 'NP_NC:agent_sample_36|FN_FL:agent_greedy': 5, 'NP_NC:agent_sample_45|FN_FL:agent_sample_15': 9, 'NP_NC:agent_sample_55|FN_FL:agent_sample_40': 3, 'NP_NC:agent_sample_8|FN_FL:agent_sample_52': 4, 'NP_NC:agent_sample_6|FN_FL:agent_sample_10': 9, 'NP_NC:agent_sample_41|FN_FL:agent_sample_22': 3, 'NP_NC:agent_sample_31|FN_FL:agent_sample_21': 2, 'NP_NC:agent_sample_16|FN_FL:agent_sample_21': 6, 'NP_NC:agent_sample_7|FN_FL:agent_sample_18': 7, 'NP_NC:agent_sample_63|FN_FL:agent_sample_8': 6, 'NP_NC:agent_sample_11|FN_FL:agent_sample_31': 7, 'NP_NC:agent_sample_51|FN_FL:agent_sample_34': 4, 'NP_NC:agent_sample_33|FN_FL:agent_sample_50': 3, 'NP_NC:agent_sample_8|FN_FL:agent_sample_26': 6, 'NP_NC:agent_sample_35|FN_FL:agent_sample_30': 3, 'NP_NC:agent_sample_27|FN_FL:agent_sample_2': 5, 'NP_NC:agent_sample_12|FN_FL:agent_sample_60': 2, 'NP_NC:agent_sample_48|FN_FL:agent_sample_31': 2, 'NP_NC:agent_sample_36|FN_FL:agent_sample_50': 6, 'NP_NC:agent_sample_12|FN_FL:agent_sample_22': 4, 'NP_NC:agent_sample_52|FN_FL:agent_sample_44': 1, 'NP_NC:agent_sample_54|FN_FL:agent_sample_62': 3, 'NP_NC:agent_sample_42|FN_FL:agent_sample_34': 6, 'NP_NC:agent_sample_19|FN_FL:agent_sample_42': 3, 'NP_NC:agent_sample_8|FN_FL:agent_sample_49': 7, 'NP_NC:agent_sample_38|FN_FL:agent_sample_61': 5, 'NP_NC:agent_sample_45|FN_FL:agent_sample_35': 3, 'NP_NC:agent_sample_40|FN_FL:agent_sample_50': 5, 'NP_NC:agent_sample_62|FN_FL:agent_sample_28': 2, 'NP_NC:agent_sample_17|FN_FL:agent_sample_42': 4, 'NP_NC:agent_sample_2|FN_FL:agent_sample_16': 7, 'NP_NC:agent_sample_43|FN_FL:agent_sample_54': 2, 'NP_NC:agent_sample_13|FN_FL:agent_sample_12': 4, 'NP_NC:agent_sample_24|FN_FL:agent_sample_24': 3, 'NP_NC:agent_sample_30|FN_FL:agent_sample_32': 4, 'NP_NC:agent_sample_57|FN_FL:agent_sample_50': 2, 'NP_NC:agent_sample_30|FN_FL:agent_sample_54': 6, 'NP_NC:agent_sample_64|FN_FL:agent_sample_62': 4, 'NP_NC:agent_sample_40|FN_FL:agent_sample_11': 2, 'NP_NC:agent_sample_11|FN_FL:agent_sample_51': 4, 'NP_NC:wo_first_balanced|FN_FL:agent_sample_35': 6, 'NP_NC:agent_sample_51|FN_FL:agent_sample_51': 5, 'NP_NC:agent_sample_57|FN_FL:agent_sample_13': 2, 'NP_NC:agent_sample_35|FN_FL:agent_sample_63': 6, 'NP_NC:agent_sample_30|FN_FL:agent_sample_26': 8, 'NP_NC:agent_sample_54|FN_FL:agent_sample_24': 1, 'NP_NC:agent_sample_36|FN_FL:agent_sample_64': 2, 'NP_NC:agent_sample_37|FN_FL:agent_sample_27': 4, 'NP_NC:agent_sample_2|FN_FL:agent_sample_57': 6, 'NP_NC:agent_sample_40|FN_FL:agent_sample_56': 3, 'NP_NC:agent_sample_58|FN_FL:agent_sample_21': 2, 'NP_NC:agent_sample_37|FN_FL:agent_sample_63': 1, 'NP_NC:agent_sample_5|FN_FL:bevel_first_balanced': 6, 'NP_NC:agent_sample_28|FN_FL:agent_sample_51': 3, 'NP_NC:agent_sample_4|FN_FL:agent_sample_31': 2, 'NP_NC:agent_sample_44|FN_FL:agent_sample_11': 6, 'NP_NC:agent_sample_44|FN_FL:agent_sample_23': 4, 'NP_NC:agent_sample_34|FN_FL:agent_sample_50': 6, 'NP_NC:agent_sample_43|FN_FL:agent_sample_24': 2, 'NP_NC:agent_sample_18|FN_FL:agent_sample_22': 6, 'NP_NC:agent_sample_53|FN_FL:agent_sample_52': 3, 'NP_NC:agent_sample_55|FN_FL:agent_sample_50': 7, 'NP_NC:agent_sample_7|FN_FL:agent_sample_41': 8, 'NP_NC:agent_sample_34|FN_FL:agent_sample_6': 4, 'NP_NC:agent_sample_20|FN_FL:agent_sample_2': 5, 'NP_NC:agent_sample_45|FN_FL:agent_sample_52': 3, 'NP_NC:agent_sample_3|FN_FL:agent_sample_35': 4, 'NP_NC:agent_sample_10|FN_FL:agent_sample_20': 4, 'NP_NC:agent_sample_51|FN_FL:agent_sample_17': 7, 'NP_NC:agent_sample_20|FN_FL:agent_sample_44': 2, 'NP_NC:agent_sample_37|FN_FL:agent_sample_16': 4, 'NP_NC:agent_sample_25|FN_FL:agent_sample_33': 5, 'NP_NC:agent_sample_18|FN_FL:agent_sample_44': 2, 'NP_NC:agent_sample_41|FN_FL:agent_sample_54': 3, 'NP_NC:agent_sample_60|FN_FL:agent_sample_53': 4, 'NP_NC:agent_sample_9|FN_FL:agent_sample_28': 3, 'NP_NC:agent_sample_43|FN_FL:agent_sample_38': 3, 'NP_NC:agent_sample_32|FN_FL:agent_sample_61': 2, 'NP_NC:agent_sample_3|FN_FL:agent_sample_55': 4, 'NP_NC:agent_sample_61|FN_FL:agent_sample_58': 2, 'NP_NC:agent_sample_56|FN_FL:agent_sample_48': 3, 'NP_NC:agent_sample_16|FN_FL:agent_sample_60': 3, 'NP_NC:agent_sample_28|FN_FL:agent_sample_61': 2, 'NP_NC:agent_sample_50|FN_FL:agent_sample_7': 5, 'NP_NC:agent_sample_33|FN_FL:agent_sample_15': 2, 'NP_NC:agent_sample_18|FN_FL:agent_sample_38': 5, 'NP_NC:agent_sample_58|FN_FL:agent_sample_62': 2, 'NP_NC:agent_sample_38|FN_FL:agent_sample_49': 2, 'NP_NC:agent_sample_58|FN_FL:agent_sample_53': 3, 'NP_NC:agent_sample_16|FN_FL:agent_sample_35': 2, 'NP_NC:agent_sample_34|FN_FL:agent_sample_21': 2, 'NP_NC:agent_sample_2|FN_FL:agent_sample_10': 6, 'NP_NC:agent_sample_11|FN_FL:agent_sample_43': 6, 'NP_NC:agent_sample_59|FN_FL:agent_sample_64': 3, 'NP_NC:agent_sample_11|FN_FL:agent_sample_3': 6, 'NP_NC:agent_sample_13|FN_FL:agent_sample_61': 5, 'NP_NC:agent_sample_47|FN_FL:agent_sample_34': 4, 'NP_NC:cut_first_balanced|FN_FL:agent_sample_53': 4, 'NP_NC:agent_sample_15|FN_FL:agent_sample_27': 3, 'NP_NC:agent_sample_27|FN_FL:agent_sample_27': 1, 'NP_NC:agent_sample_28|FN_FL:agent_sample_38': 5, 'NP_NC:agent_sample_10|FN_FL:agent_sample_60': 4, 'NP_NC:agent_sample_28|FN_FL:agent_sample_15': 4, 'NP_NC:agent_sample_9|FN_FL:agent_sample_46': 3, 'NP_NC:agent_sample_40|FN_FL:agent_sample_13': 3, 'NP_NC:agent_sample_44|FN_FL:agent_sample_26': 6, 'NP_NC:agent_sample_38|FN_FL:agent_sample_31': 7, 'NP_NC:agent_sample_47|FN_FL:agent_sample_16': 2, 'NP_NC:agent_sample_12|FN_FL:agent_sample_4': 4, 'NP_NC:agent_sample_36|FN_FL:agent_sample_51': 7, 'NP_NC:agent_sample_17|FN_FL:agent_sample_34': 3, 'NP_NC:agent_sample_26|FN_FL:agent_sample_7': 7, 'NP_NC:agent_sample_31|FN_FL:bevel_first_balanced': 2, 'NP_NC:agent_sample_45|FN_FL:agent_sample_32': 5, 'NP_NC:agent_sample_20|FN_FL:agent_sample_46': 3, 'NP_NC:agent_sample_20|FN_FL:agent_sample_6': 5, 'NP_NC:agent_sample_47|FN_FL:agent_sample_14': 4, 'NP_NC:agent_sample_9|FN_FL:agent_sample_54': 8, 'NP_NC:agent_sample_9|FN_FL:agent_sample_25': 3, 'NP_NC:agent_sample_49|FN_FL:agent_sample_18': 4, 'NP_NC:agent_sample_29|FN_FL:agent_sample_32': 2, 'NP_NC:agent_sample_44|FN_FL:agent_sample_33': 7, 'NP_NC:agent_sample_33|FN_FL:agent_sample_58': 1, 'NP_NC:agent_sample_58|FN_FL:agent_sample_27': 3, 'NP_NC:agent_sample_36|FN_FL:agent_sample_32': 2, 'NP_NC:agent_sample_5|FN_FL:agent_sample_49': 5, 'NP_NC:agent_sample_32|FN_FL:agent_sample_21': 3, 'NP_NC:agent_sample_59|FN_FL:agent_sample_32': 4, 'NP_NC:agent_sample_52|FN_FL:agent_sample_45': 3, 'NP_NC:agent_sample_18|FN_FL:agent_sample_5': 2, 'NP_NC:agent_sample_15|FN_FL:agent_sample_9': 3, 'NP_NC:agent_sample_50|FN_FL:agent_sample_34': 3, 'NP_NC:agent_sample_10|FN_FL:agent_sample_59': 4, 'NP_NC:agent_sample_5|FN_FL:agent_sample_46': 2, 'NP_NC:agent_sample_55|FN_FL:agent_sample_43': 5, 'NP_NC:agent_sample_6|FN_FL:agent_sample_54': 2, 'NP_NC:agent_sample_56|FN_FL:agent_sample_29': 6, 'NP_NC:agent_sample_63|FN_FL:agent_sample_38': 3, 'NP_NC:agent_sample_41|FN_FL:agent_sample_13': 6, 'NP_NC:agent_sample_4|FN_FL:agent_sample_56': 4, 'NP_NC:agent_sample_44|FN_FL:agent_sample_21': 5, 'NP_NC:agent_sample_25|FN_FL:agent_sample_32': 5, 'NP_NC:agent_sample_61|FN_FL:agent_sample_28': 3, 'NP_NC:agent_sample_12|FN_FL:agent_sample_7': 4, 'NP_NC:agent_sample_60|FN_FL:agent_sample_39': 3, 'NP_NC:agent_sample_61|FN_FL:agent_sample_56': 3, 'NP_NC:agent_sample_53|FN_FL:agent_sample_53': 2, 'NP_NC:agent_sample_4|FN_FL:agent_sample_44': 3, 'NP_NC:agent_sample_44|FN_FL:agent_sample_5': 4, 'NP_NC:agent_sample_36|FN_FL:agent_sample_26': 6, 'NP_NC:agent_sample_25|FN_FL:agent_sample_29': 4, 'NP_NC:agent_sample_45|FN_FL:agent_sample_45': 3, 'NP_NC:agent_sample_20|FN_FL:agent_sample_63': 3, 'NP_NC:agent_sample_63|FN_FL:agent_sample_60': 3, 'NP_NC:agent_sample_51|FN_FL:agent_sample_57': 5, 'NP_NC:agent_sample_29|FN_FL:agent_sample_47': 6, 'NP_NC:agent_sample_36|FN_FL:agent_sample_46': 3, 'NP_NC:agent_sample_25|FN_FL:agent_sample_37': 4, 'NP_NC:agent_sample_26|FN_FL:agent_sample_52': 4, 'NP_NC:agent_sample_62|FN_FL:agent_sample_34': 3, 'NP_NC:agent_sample_25|FN_FL:agent_sample_4': 4, 'NP_NC:agent_sample_31|FN_FL:agent_sample_39': 4, 'NP_NC:agent_sample_9|FN_FL:agent_sample_50': 6, 'NP_NC:agent_sample_28|FN_FL:wo_first_balanced': 2, 'NP_NC:agent_sample_2|FN_FL:agent_sample_54': 8, 'NP_NC:agent_sample_47|FN_FL:agent_sample_32': 4, 'NP_NC:agent_sample_46|FN_FL:agent_sample_28': 5, 'NP_NC:agent_sample_57|FN_FL:agent_sample_7': 6, 'NP_NC:agent_sample_39|FN_FL:agent_sample_28': 3, 'NP_NC:agent_sample_51|FN_FL:agent_sample_55': 3, 'NP_NC:agent_sample_55|FN_FL:agent_sample_51': 2, 'NP_NC:agent_sample_5|FN_FL:agent_sample_62': 5, 'NP_NC:agent_sample_64|FN_FL:agent_sample_20': 2, 'NP_NC:agent_sample_34|FN_FL:agent_sample_36': 2, 'NP_NC:agent_sample_12|FN_FL:agent_sample_33': 1, 'NP_NC:agent_sample_43|FN_FL:agent_sample_62': 8, 'NP_NC:agent_sample_32|FN_FL:agent_sample_31': 5, 'NP_NC:agent_sample_35|FN_FL:agent_sample_13': 2, 'NP_NC:agent_sample_27|FN_FL:agent_sample_22': 6, 'NP_NC:agent_sample_64|FN_FL:agent_sample_35': 3, 'NP_NC:agent_sample_15|FN_FL:agent_sample_6': 4, 'NP_NC:agent_sample_48|FN_FL:agent_sample_52': 3, 'NP_NC:agent_sample_51|FN_FL:agent_sample_56': 6, 'NP_NC:agent_sample_31|FN_FL:agent_sample_51': 6, 'NP_NC:agent_sample_16|FN_FL:agent_sample_11': 7, 'NP_NC:agent_sample_44|FN_FL:agent_sample_13': 6, 'NP_NC:agent_sample_36|FN_FL:agent_sample_34': 2, 'NP_NC:agent_sample_46|FN_FL:agent_sample_12': 4, 'NP_NC:agent_sample_47|FN_FL:agent_sample_9': 6, 'NP_NC:agent_sample_47|FN_FL:agent_sample_61': 7, 'NP_NC:agent_sample_38|FN_FL:agent_sample_9': 4, 'NP_NC:agent_sample_44|FN_FL:agent_sample_36': 4, 'NP_NC:agent_sample_29|FN_FL:wo_first_balanced': 3, 'NP_NC:agent_sample_13|FN_FL:agent_sample_29': 5, 'NP_NC:agent_sample_51|FN_FL:agent_sample_28': 2, 'NP_NC:agent_sample_17|FN_FL:cut_first_balanced': 4, 'NP_NC:bevel_first_balanced|FN_FL:agent_sample_54': 2, 'NP_NC:agent_sample_50|FN_FL:agent_sample_8': 2, 'NP_NC:agent_sample_57|FN_FL:agent_sample_18': 8, 'NP_NC:agent_sample_6|FN_FL:agent_sample_42': 4, 'NP_NC:agent_sample_29|FN_FL:agent_sample_46': 3, 'NP_NC:agent_sample_17|FN_FL:agent_sample_50': 6, 'NP_NC:agent_sample_42|FN_FL:agent_sample_59': 2, 'NP_NC:agent_sample_53|FN_FL:agent_sample_19': 1, 'NP_NC:agent_sample_61|FN_FL:agent_sample_7': 4, 'NP_NC:agent_sample_13|FN_FL:agent_sample_55': 3, 'NP_NC:agent_sample_5|FN_FL:agent_sample_24': 5, 'NP_NC:agent_sample_25|FN_FL:agent_sample_43': 2, 'NP_NC:agent_sample_32|FN_FL:agent_sample_64': 3, 'NP_NC:agent_sample_41|FN_FL:agent_sample_20': 6, 'NP_NC:agent_sample_49|FN_FL:agent_sample_2': 8, 'NP_NC:agent_sample_40|FN_FL:agent_sample_36': 1, 'NP_NC:agent_sample_18|FN_FL:agent_sample_43': 1, 'NP_NC:agent_sample_9|FN_FL:agent_sample_6': 6, 'NP_NC:agent_sample_30|FN_FL:agent_sample_41': 4, 'NP_NC:agent_sample_46|FN_FL:agent_sample_47': 2, 'NP_NC:agent_sample_50|FN_FL:agent_sample_38': 2, 'NP_NC:agent_sample_28|FN_FL:agent_sample_17': 2, 'NP_NC:agent_sample_9|FN_FL:agent_sample_19': 8, 'NP_NC:agent_sample_37|FN_FL:agent_sample_54': 3, 'NP_NC:agent_sample_40|FN_FL:agent_sample_60': 3, 'NP_NC:agent_sample_21|FN_FL:agent_sample_41': 4, 'NP_NC:wo_first_balanced|FN_FL:agent_sample_51': 3, 'NP_NC:agent_sample_49|FN_FL:agent_sample_3': 1, 'NP_NC:agent_sample_39|FN_FL:agent_sample_51': 2, 'NP_NC:agent_sample_50|FN_FL:agent_sample_28': 8, 'NP_NC:agent_sample_40|FN_FL:agent_sample_9': 6, 'NP_NC:agent_sample_33|FN_FL:agent_sample_56': 2, 'NP_NC:agent_sample_39|FN_FL:agent_sample_52': 3, 'NP_NC:agent_sample_24|FN_FL:agent_sample_11': 5, 'NP_NC:agent_sample_59|FN_FL:agent_sample_14': 5, 'NP_NC:agent_sample_35|FN_FL:agent_sample_52': 5, 'NP_NC:agent_sample_39|FN_FL:agent_sample_5': 3, 'NP_NC:agent_sample_18|FN_FL:agent_sample_59': 1, 'NP_NC:agent_sample_39|FN_FL:agent_sample_32': 4, 'NP_NC:agent_sample_34|FN_FL:cut_first_balanced': 5, 'NP_NC:agent_sample_8|FN_FL:agent_sample_23': 3, 'NP_NC:agent_sample_13|FN_FL:agent_sample_9': 6, 'NP_NC:agent_sample_54|FN_FL:agent_sample_20': 4, 'NP_NC:agent_sample_45|FN_FL:agent_sample_36': 5, 'NP_NC:agent_sample_50|FN_FL:agent_sample_24': 4, 'NP_NC:agent_sample_21|FN_FL:agent_sample_40': 4, 'NP_NC:agent_sample_61|FN_FL:agent_sample_54': 1, 'NP_NC:agent_sample_43|FN_FL:agent_sample_31': 9, 'NP_NC:agent_sample_58|FN_FL:agent_sample_61': 3, 'NP_NC:agent_sample_7|FN_FL:agent_sample_53': 5, 'NP_NC:agent_sample_48|FN_FL:agent_sample_29': 4, 'NP_NC:agent_sample_63|FN_FL:agent_sample_59': 5, 'NP_NC:agent_sample_46|FN_FL:agent_sample_26': 2, 'NP_NC:agent_sample_33|FN_FL:agent_sample_51': 2, 'NP_NC:agent_sample_45|FN_FL:agent_sample_41': 3, 'NP_NC:agent_sample_26|FN_FL:agent_sample_5': 6, 'NP_NC:agent_sample_13|FN_FL:agent_sample_34': 3, 'NP_NC:agent_sample_37|FN_FL:agent_sample_43': 4, 'NP_NC:agent_sample_62|FN_FL:agent_sample_44': 3, 'NP_NC:agent_sample_39|FN_FL:agent_sample_35': 5, 'NP_NC:agent_sample_3|FN_FL:agent_sample_46': 6, 'NP_NC:agent_sample_18|FN_FL:agent_sample_28': 2, 'NP_NC:agent_sample_46|FN_FL:agent_sample_44': 5, 'NP_NC:agent_sample_61|FN_FL:agent_sample_34': 4, 'NP_NC:agent_sample_23|FN_FL:agent_sample_43': 2, 'NP_NC:agent_sample_59|FN_FL:agent_sample_44': 2, 'NP_NC:agent_sample_8|FN_FL:agent_sample_40': 4, 'NP_NC:agent_sample_60|FN_FL:agent_sample_54': 5, 'NP_NC:agent_sample_55|FN_FL:agent_sample_26': 8, 'NP_NC:agent_sample_57|FN_FL:agent_sample_8': 5, 'NP_NC:agent_sample_7|FN_FL:agent_sample_40': 3, 'NP_NC:agent_sample_2|FN_FL:agent_sample_38': 5, 'NP_NC:agent_sample_25|FN_FL:agent_sample_31': 2, 'NP_NC:agent_sample_36|FN_FL:agent_sample_18': 2, 'NP_NC:agent_sample_4|FN_FL:agent_sample_59': 7, 'NP_NC:agent_sample_21|FN_FL:agent_sample_53': 5, 'NP_NC:agent_sample_5|FN_FL:agent_sample_29': 7, 'NP_NC:cut_first_balanced|FN_FL:agent_sample_24': 2, 'NP_NC:agent_sample_57|FN_FL:agent_sample_30': 3, 'NP_NC:agent_sample_25|FN_FL:agent_sample_58': 3, 'NP_NC:agent_sample_37|FN_FL:agent_sample_11': 3, 'NP_NC:agent_sample_59|FN_FL:agent_sample_11': 4, 'NP_NC:agent_sample_18|FN_FL:agent_sample_30': 5, 'NP_NC:agent_sample_18|FN_FL:agent_sample_42': 5, 'NP_NC:agent_sample_29|FN_FL:agent_sample_44': 3, 'NP_NC:agent_sample_17|FN_FL:agent_sample_61': 3, 'NP_NC:agent_sample_49|FN_FL:agent_sample_59': 3, 'NP_NC:agent_sample_48|FN_FL:bevel_first_balanced': 3, 'NP_NC:agent_sample_48|FN_FL:agent_sample_20': 5, 'NP_NC:agent_sample_11|FN_FL:agent_sample_17': 5, 'NP_NC:agent_sample_61|FN_FL:agent_sample_13': 1, 'NP_NC:agent_sample_18|FN_FL:agent_sample_10': 3, 'NP_NC:agent_sample_40|FN_FL:agent_sample_45': 1, 'NP_NC:agent_sample_62|FN_FL:agent_sample_63': 4, 'NP_NC:agent_sample_15|FN_FL:agent_sample_32': 3, 'NP_NC:agent_sample_61|FN_FL:agent_sample_45': 5, 'NP_NC:bevel_first_balanced|FN_FL:agent_sample_63': 4, 'NP_NC:agent_sample_25|FN_FL:agent_sample_39': 6, 'NP_NC:agent_sample_13|FN_FL:agent_sample_13': 7, 'NP_NC:agent_sample_7|FN_FL:cut_first_balanced': 4, 'NP_NC:agent_sample_55|FN_FL:agent_sample_34': 4, 'NP_NC:agent_sample_34|FN_FL:agent_sample_32': 2, 'NP_NC:agent_sample_14|FN_FL:agent_sample_16': 3, 'NP_NC:agent_sample_40|FN_FL:agent_sample_5': 5, 'NP_NC:agent_sample_28|FN_FL:agent_sample_48': 3, 'NP_NC:agent_sample_53|FN_FL:agent_sample_6': 5, 'NP_NC:agent_sample_36|FN_FL:agent_sample_20': 2, 'NP_NC:agent_sample_45|FN_FL:agent_sample_51': 2, 'NP_NC:bevel_first_balanced|FN_FL:agent_sample_61': 3, 'NP_NC:agent_sample_18|FN_FL:cut_first_balanced': 2, 'NP_NC:wo_first_balanced|FN_FL:agent_sample_56': 2, 'NP_NC:agent_sample_32|FN_FL:agent_sample_52': 3, 'NP_NC:agent_sample_13|FN_FL:agent_sample_56': 7, 'NP_NC:agent_sample_29|FN_FL:agent_sample_55': 4, 'NP_NC:agent_sample_36|FN_FL:agent_sample_58': 5, 'NP_NC:agent_sample_40|FN_FL:agent_sample_7': 5, 'NP_NC:agent_sample_59|FN_FL:agent_sample_54': 5, 'NP_NC:agent_sample_51|FN_FL:agent_sample_47': 1, 'NP_NC:agent_sample_47|FN_FL:agent_sample_50': 1, 'NP_NC:agent_sample_53|FN_FL:cut_first_balanced': 2, 'NP_NC:agent_sample_62|FN_FL:agent_sample_13': 2, 'NP_NC:agent_sample_60|FN_FL:agent_sample_4': 4, 'NP_NC:agent_sample_36|FN_FL:agent_sample_11': 2, 'NP_NC:agent_sample_39|FN_FL:agent_sample_47': 3, 'NP_NC:agent_sample_64|FN_FL:agent_sample_32': 1, 'NP_NC:agent_sample_56|FN_FL:agent_sample_45': 2, 'NP_NC:agent_sample_34|FN_FL:agent_sample_10': 4, 'NP_NC:agent_sample_12|FN_FL:agent_sample_63': 8, 'NP_NC:agent_sample_59|FN_FL:agent_sample_35': 3, 'NP_NC:agent_sample_60|FN_FL:agent_sample_14': 4, 'NP_NC:agent_sample_24|FN_FL:agent_sample_10': 3, 'NP_NC:agent_sample_9|FN_FL:agent_sample_22': 4, 'NP_NC:agent_sample_7|FN_FL:agent_sample_48': 5, 'NP_NC:agent_sample_10|FN_FL:agent_sample_24': 6, 'NP_NC:agent_sample_17|FN_FL:agent_sample_20': 2, 'NP_NC:agent_sample_34|FN_FL:agent_sample_48': 4, 'NP_NC:agent_sample_4|FN_FL:agent_sample_49': 2, 'NP_NC:agent_sample_30|FN_FL:agent_sample_18': 5, 'NP_NC:agent_sample_58|FN_FL:agent_sample_46': 3, 'NP_NC:agent_sample_62|FN_FL:agent_sample_14': 3, 'NP_NC:agent_sample_63|FN_FL:agent_sample_10': 5, 'NP_NC:agent_sample_47|FN_FL:agent_sample_57': 3, 'NP_NC:agent_sample_18|FN_FL:agent_sample_39': 4, 'NP_NC:agent_sample_46|FN_FL:agent_sample_20': 6, 'NP_NC:agent_sample_31|FN_FL:agent_sample_32': 7, 'NP_NC:agent_sample_44|FN_FL:agent_sample_19': 4, 'NP_NC:agent_sample_2|FN_FL:agent_sample_29': 5, 'NP_NC:agent_sample_37|FN_FL:agent_sample_46': 3, 'NP_NC:agent_sample_8|FN_FL:agent_sample_64': 5, 'NP_NC:agent_sample_34|FN_FL:agent_sample_43': 6, 'NP_NC:agent_sample_13|FN_FL:agent_sample_25': 3, 'NP_NC:cut_first_balanced|FN_FL:agent_sample_18': 1, 'NP_NC:agent_sample_35|FN_FL:agent_sample_59': 5, 'NP_NC:agent_sample_63|FN_FL:agent_sample_33': 5, 'NP_NC:agent_sample_42|FN_FL:agent_sample_13': 2, 'NP_NC:agent_sample_42|FN_FL:agent_sample_35': 2, 'NP_NC:agent_sample_24|FN_FL:agent_sample_35': 4, 'NP_NC:agent_sample_12|FN_FL:agent_sample_6': 7, 'NP_NC:agent_sample_40|FN_FL:agent_sample_20': 3, 'NP_NC:bevel_first_balanced|FN_FL:agent_sample_23': 3, 'NP_NC:agent_sample_25|FN_FL:agent_sample_5': 7, 'NP_NC:agent_sample_27|FN_FL:agent_sample_53': 3, 'NP_NC:agent_sample_61|FN_FL:agent_sample_26': 3, 'NP_NC:agent_sample_44|FN_FL:agent_sample_62': 3, 'NP_NC:agent_sample_7|FN_FL:agent_sample_51': 4, 'NP_NC:agent_sample_12|FN_FL:agent_sample_52': 5, 'NP_NC:agent_sample_63|FN_FL:agent_sample_41': 4, 'NP_NC:agent_sample_48|FN_FL:agent_sample_51': 4, 'NP_NC:agent_sample_55|FN_FL:agent_sample_23': 4, 'NP_NC:agent_sample_35|FN_FL:agent_sample_29': 2, 'NP_NC:agent_sample_27|FN_FL:agent_sample_61': 4, 'NP_NC:agent_sample_14|FN_FL:agent_sample_45': 1, 'NP_NC:agent_sample_40|FN_FL:agent_sample_40': 4, 'NP_NC:agent_sample_55|FN_FL:agent_sample_45': 4, 'NP_NC:cut_first_balanced|FN_FL:agent_sample_62': 4, 'NP_NC:agent_sample_18|FN_FL:agent_sample_58': 2, 'NP_NC:agent_sample_44|FN_FL:agent_sample_41': 2, 'NP_NC:agent_sample_24|FN_FL:agent_sample_54': 3, 'NP_NC:agent_sample_53|FN_FL:bevel_first_balanced': 2, 'NP_NC:agent_sample_7|FN_FL:agent_sample_64': 2, 'NP_NC:agent_sample_7|FN_FL:agent_sample_39': 7, 'NP_NC:agent_sample_29|FN_FL:agent_sample_4': 3, 'NP_NC:agent_sample_38|FN_FL:agent_sample_55': 4, 'NP_NC:agent_sample_49|FN_FL:agent_sample_10': 4, 'NP_NC:agent_sample_44|FN_FL:agent_sample_59': 4, 'NP_NC:agent_sample_25|FN_FL:agent_sample_22': 2, 'NP_NC:agent_sample_57|FN_FL:agent_sample_17': 4, 'NP_NC:agent_sample_41|FN_FL:agent_sample_42': 5, 'NP_NC:agent_sample_58|FN_FL:agent_sample_7': 3, 'NP_NC:agent_sample_48|FN_FL:agent_sample_12': 3, 'NP_NC:agent_sample_55|FN_FL:agent_sample_14': 4, 'NP_NC:agent_sample_37|FN_FL:agent_sample_58': 3, 'NP_NC:agent_sample_38|FN_FL:agent_sample_24': 2, 'NP_NC:agent_sample_35|FN_FL:agent_sample_51': 4, 'NP_NC:agent_sample_29|FN_FL:agent_sample_29': 5, 'NP_NC:agent_sample_54|FN_FL:agent_sample_43': 4, 'NP_NC:agent_sample_21|FN_FL:agent_sample_27': 7, 'NP_NC:agent_sample_8|FN_FL:agent_sample_47': 4, 'NP_NC:agent_sample_63|FN_FL:agent_sample_53': 3, 'NP_NC:agent_sample_38|FN_FL:agent_sample_52': 3, 'NP_NC:agent_sample_39|FN_FL:agent_sample_3': 2, 'NP_NC:agent_sample_7|FN_FL:agent_sample_4': 8, 'NP_NC:agent_sample_41|FN_FL:agent_sample_59': 5, 'NP_NC:agent_sample_48|FN_FL:agent_sample_60': 3, 'NP_NC:agent_sample_12|FN_FL:agent_sample_36': 3, 'NP_NC:agent_sample_25|FN_FL:agent_sample_27': 9, 'NP_NC:agent_sample_30|FN_FL:agent_sample_3': 5, 'NP_NC:agent_sample_2|FN_FL:agent_sample_5': 8, 'NP_NC:agent_sample_42|FN_FL:agent_sample_31': 2, 'NP_NC:agent_sample_39|FN_FL:agent_sample_8': 3, 'NP_NC:agent_sample_56|FN_FL:agent_sample_39': 4, 'NP_NC:agent_sample_49|FN_FL:agent_sample_16': 6, 'NP_NC:agent_sample_47|FN_FL:agent_sample_13': 2, 'NP_NC:agent_sample_63|FN_FL:agent_sample_12': 4, 'NP_NC:agent_sample_52|FN_FL:agent_sample_57': 3, 'NP_NC:agent_sample_54|FN_FL:agent_sample_36': 4, 'NP_NC:agent_sample_24|FN_FL:agent_sample_23': 4, 'NP_NC:agent_sample_56|FN_FL:agent_sample_5': 4, 'NP_NC:agent_sample_34|FN_FL:agent_sample_2': 6, 'NP_NC:agent_sample_36|FN_FL:agent_sample_44': 2, 'NP_NC:agent_sample_2|FN_FL:agent_sample_15': 5, 'NP_NC:agent_sample_24|FN_FL:agent_sample_15': 2, 'NP_NC:agent_sample_34|FN_FL:agent_sample_22': 4, 'NP_NC:agent_sample_39|FN_FL:agent_sample_15': 1, 'NP_NC:agent_sample_31|FN_FL:agent_sample_47': 3, 'NP_NC:agent_sample_58|FN_FL:agent_sample_22': 3, 'NP_NC:agent_sample_55|FN_FL:agent_sample_33': 2, 'NP_NC:agent_sample_56|FN_FL:agent_sample_46': 8, 'NP_NC:agent_sample_63|FN_FL:agent_sample_50': 4, 'NP_NC:agent_sample_32|FN_FL:agent_sample_58': 5, 'NP_NC:agent_sample_46|FN_FL:agent_sample_34': 7, 'NP_NC:agent_sample_42|FN_FL:agent_sample_48': 3, 'NP_NC:agent_sample_44|FN_FL:agent_sample_43': 4, 'NP_NC:agent_sample_12|FN_FL:agent_sample_37': 1, 'NP_NC:agent_sample_44|FN_FL:agent_sample_30': 7, 'NP_NC:agent_sample_51|FN_FL:agent_sample_4': 3, 'NP_NC:agent_sample_45|FN_FL:agent_sample_3': 3, 'NP_NC:agent_sample_50|FN_FL:agent_sample_40': 1, 'NP_NC:agent_sample_17|FN_FL:agent_sample_6': 4, 'NP_NC:agent_sample_10|FN_FL:agent_sample_56': 2, 'NP_NC:agent_sample_11|FN_FL:agent_sample_49': 5, 'NP_NC:agent_sample_54|FN_FL:agent_sample_15': 3, 'NP_NC:agent_sample_63|FN_FL:agent_sample_24': 8, 'NP_NC:agent_sample_44|FN_FL:agent_sample_58': 1, 'NP_NC:agent_sample_17|FN_FL:agent_sample_62': 5, 'NP_NC:agent_sample_7|FN_FL:agent_sample_20': 4, 'NP_NC:agent_sample_18|FN_FL:agent_sample_18': 6, 'NP_NC:agent_sample_12|FN_FL:agent_sample_19': 5, 'NP_NC:agent_sample_62|FN_FL:agent_sample_60': 3, 'NP_NC:agent_sample_20|FN_FL:agent_sample_18': 4, 'NP_NC:cut_first_balanced|FN_FL:agent_sample_60': 2, 'NP_NC:agent_sample_36|FN_FL:agent_sample_40': 2, 'NP_NC:agent_sample_36|FN_FL:agent_sample_4': 2, 'NP_NC:agent_sample_11|FN_FL:bevel_first_balanced': 5, 'NP_NC:agent_sample_30|FN_FL:agent_sample_48': 5, 'NP_NC:agent_sample_22|FN_FL:agent_sample_23': 5, 'NP_NC:agent_sample_35|FN_FL:agent_sample_4': 5, 'NP_NC:agent_sample_28|FN_FL:agent_sample_57': 3, 'NP_NC:agent_sample_11|FN_FL:agent_sample_19': 2, 'NP_NC:agent_sample_2|FN_FL:agent_sample_22': 10, 'NP_NC:agent_sample_12|FN_FL:agent_sample_54': 7, 'NP_NC:agent_sample_45|FN_FL:agent_sample_27': 4, 'NP_NC:agent_sample_58|FN_FL:agent_sample_18': 2, 'NP_NC:agent_sample_37|FN_FL:agent_sample_60': 2, 'NP_NC:agent_sample_15|FN_FL:agent_sample_11': 2, 'NP_NC:agent_sample_27|FN_FL:agent_sample_30': 3, 'NP_NC:agent_sample_55|FN_FL:agent_sample_41': 4, 'NP_NC:agent_sample_9|FN_FL:agent_sample_57': 4, 'NP_NC:agent_sample_8|FN_FL:agent_sample_29': 2, 'NP_NC:agent_sample_54|FN_FL:agent_sample_22': 4, 'NP_NC:agent_sample_40|FN_FL:agent_sample_57': 1, 'NP_NC:agent_sample_63|FN_FL:agent_sample_39': 5, 'NP_NC:agent_sample_11|FN_FL:agent_sample_2': 6, 'NP_NC:agent_sample_43|FN_FL:agent_sample_43': 5, 'NP_NC:agent_sample_62|FN_FL:agent_sample_40': 3, 'NP_NC:agent_sample_8|FN_FL:agent_sample_56': 6, 'NP_NC:agent_sample_14|FN_FL:agent_sample_40': 6, 'NP_NC:agent_sample_18|FN_FL:agent_sample_63': 3, 'NP_NC:agent_sample_2|FN_FL:agent_sample_30': 5, 'NP_NC:agent_sample_22|FN_FL:agent_sample_11': 3, 'NP_NC:agent_sample_45|FN_FL:agent_sample_20': 2, 'NP_NC:agent_sample_14|FN_FL:agent_sample_23': 2, 'NP_NC:agent_sample_46|FN_FL:agent_sample_21': 3, 'NP_NC:agent_sample_50|FN_FL:bevel_first_balanced': 3, 'NP_NC:agent_sample_26|FN_FL:agent_sample_60': 2, 'NP_NC:agent_sample_21|FN_FL:agent_sample_8': 3, 'NP_NC:agent_sample_22|FN_FL:agent_sample_40': 3, 'NP_NC:agent_sample_40|FN_FL:agent_sample_27': 1, 'NP_NC:agent_sample_41|FN_FL:agent_sample_5': 3, 'NP_NC:agent_sample_3|FN_FL:agent_sample_60': 5, 'NP_NC:agent_sample_30|FN_FL:agent_sample_14': 1, 'NP_NC:agent_sample_48|FN_FL:agent_sample_19': 4, 'NP_NC:agent_sample_18|FN_FL:agent_sample_37': 3, 'NP_NC:agent_sample_10|FN_FL:agent_sample_29': 3, 'NP_NC:agent_sample_11|FN_FL:agent_sample_57': 6, 'NP_NC:agent_sample_12|FN_FL:agent_sample_49': 4, 'NP_NC:agent_sample_26|FN_FL:agent_sample_39': 5, 'NP_NC:agent_sample_64|FN_FL:agent_sample_29': 3, 'NP_NC:agent_sample_35|FN_FL:agent_sample_48': 5, 'NP_NC:agent_sample_35|FN_FL:agent_sample_56': 6, 'NP_NC:agent_sample_56|FN_FL:agent_sample_30': 3, 'NP_NC:agent_sample_21|FN_FL:agent_sample_47': 5, 'NP_NC:bevel_first_balanced|FN_FL:agent_sample_24': 3, 'NP_NC:agent_sample_31|FN_FL:agent_sample_19': 2, 'NP_NC:agent_sample_30|FN_FL:agent_sample_6': 3, 'NP_NC:agent_sample_60|FN_FL:agent_sample_47': 3, 'NP_NC:agent_sample_61|FN_FL:agent_sample_15': 2, 'NP_NC:agent_sample_31|FN_FL:agent_sample_20': 1, 'NP_NC:agent_sample_15|FN_FL:agent_sample_42': 3, 'NP_NC:agent_sample_62|FN_FL:agent_sample_9': 3, 'NP_NC:agent_sample_56|FN_FL:agent_sample_32': 1, 'NP_NC:agent_sample_54|FN_FL:agent_sample_55': 4, 'NP_NC:agent_sample_10|FN_FL:agent_sample_5': 5, 'NP_NC:agent_sample_8|FN_FL:agent_sample_17': 3, 'NP_NC:agent_sample_21|FN_FL:agent_sample_62': 2, 'NP_NC:agent_sample_44|FN_FL:agent_sample_29': 4, 'NP_NC:agent_sample_12|FN_FL:agent_sample_34': 3, 'NP_NC:agent_sample_49|FN_FL:agent_sample_30': 6, 'NP_NC:agent_sample_50|FN_FL:agent_sample_54': 2, 'NP_NC:agent_sample_20|FN_FL:bevel_first_balanced': 1, 'NP_NC:agent_sample_62|FN_FL:agent_sample_43': 4, 'NP_NC:agent_sample_30|FN_FL:agent_sample_23': 4, 'NP_NC:agent_sample_46|FN_FL:agent_sample_22': 3, 'NP_NC:agent_sample_32|FN_FL:agent_sample_29': 6, 'NP_NC:agent_sample_22|FN_FL:agent_sample_44': 2, 'NP_NC:agent_sample_47|FN_FL:agent_sample_64': 2, 'NP_NC:agent_sample_44|FN_FL:agent_sample_8': 4, 'NP_NC:agent_sample_2|FN_FL:agent_sample_61': 4, 'NP_NC:agent_sample_16|FN_FL:agent_sample_16': 3, 'NP_NC:agent_sample_45|FN_FL:agent_sample_49': 5, 'NP_NC:agent_sample_57|FN_FL:agent_sample_25': 2, 'NP_NC:agent_sample_38|FN_FL:agent_sample_56': 1, 'NP_NC:agent_sample_59|FN_FL:agent_sample_38': 4, 'NP_NC:agent_sample_18|FN_FL:agent_sample_53': 2, 'NP_NC:agent_sample_54|FN_FL:agent_sample_45': 3, 'NP_NC:agent_sample_27|FN_FL:agent_sample_47': 4, 'NP_NC:bevel_first_balanced|FN_FL:agent_sample_8': 3, 'NP_NC:agent_sample_31|FN_FL:agent_sample_42': 3, 'NP_NC:agent_sample_48|FN_FL:agent_sample_50': 4, 'NP_NC:agent_sample_46|FN_FL:agent_sample_52': 1, 'NP_NC:agent_sample_43|FN_FL:agent_sample_26': 4, 'NP_NC:agent_sample_21|FN_FL:agent_sample_55': 4, 'NP_NC:agent_sample_23|FN_FL:agent_sample_16': 4, 'NP_NC:agent_sample_27|FN_FL:agent_sample_35': 2, 'NP_NC:agent_sample_61|FN_FL:agent_sample_63': 2, 'NP_NC:agent_sample_52|FN_FL:agent_sample_12': 2, 'NP_NC:agent_sample_27|FN_FL:agent_sample_39': 5, 'NP_NC:agent_sample_61|FN_FL:agent_sample_24': 2, 'NP_NC:agent_sample_62|FN_FL:agent_sample_56': 3, 'NP_NC:agent_sample_41|FN_FL:agent_sample_63': 2, 'NP_NC:agent_sample_51|FN_FL:agent_sample_3': 4, 'NP_NC:agent_sample_9|FN_FL:agent_sample_44': 5, 'NP_NC:agent_sample_11|FN_FL:agent_sample_22': 5, 'NP_NC:agent_sample_11|FN_FL:agent_sample_21': 7, 'NP_NC:agent_sample_16|FN_FL:agent_sample_6': 1, 'NP_NC:agent_sample_53|FN_FL:agent_sample_49': 1, 'NP_NC:agent_sample_17|FN_FL:agent_sample_37': 4, 'NP_NC:agent_sample_64|FN_FL:agent_sample_42': 3, 'NP_NC:agent_sample_27|FN_FL:agent_sample_18': 3, 'NP_NC:agent_sample_60|FN_FL:agent_sample_11': 3, 'NP_NC:agent_sample_37|FN_FL:agent_sample_47': 4, 'NP_NC:agent_sample_25|FN_FL:agent_sample_45': 3, 'NP_NC:agent_sample_33|FN_FL:agent_sample_37': 1, 'NP_NC:agent_sample_57|FN_FL:agent_sample_44': 3, 'NP_NC:agent_sample_63|FN_FL:agent_sample_63': 5, 'NP_NC:agent_sample_64|FN_FL:agent_sample_56': 3, 'NP_NC:agent_sample_56|FN_FL:bevel_first_balanced': 2, 'NP_NC:agent_sample_29|FN_FL:agent_sample_41': 4, 'NP_NC:agent_sample_7|FN_FL:agent_sample_29': 3, 'NP_NC:agent_sample_20|FN_FL:agent_sample_29': 2, 'NP_NC:agent_sample_3|FN_FL:agent_sample_19': 3, 'NP_NC:agent_sample_38|FN_FL:agent_sample_33': 3, 'NP_NC:agent_sample_46|FN_FL:agent_sample_56': 6, 'NP_NC:agent_sample_63|FN_FL:agent_sample_51': 4, 'NP_NC:agent_sample_56|FN_FL:agent_sample_49': 5, 'NP_NC:agent_sample_60|FN_FL:agent_sample_28': 2, 'NP_NC:agent_sample_62|FN_FL:agent_sample_59': 2, 'NP_NC:agent_sample_28|FN_FL:agent_sample_50': 6, 'NP_NC:agent_sample_52|FN_FL:agent_sample_15': 2, 'NP_NC:agent_sample_33|FN_FL:bevel_first_balanced': 3, 'NP_NC:agent_sample_8|FN_FL:agent_sample_48': 5, 'NP_NC:agent_sample_18|FN_FL:agent_sample_45': 4, 'NP_NC:agent_sample_61|FN_FL:agent_sample_2': 4, 'NP_NC:agent_sample_44|FN_FL:agent_sample_32': 5, 'NP_NC:agent_sample_12|FN_FL:agent_sample_31': 6, 'NP_NC:agent_sample_46|FN_FL:agent_sample_60': 2, 'NP_NC:agent_sample_61|FN_FL:agent_sample_48': 3, 'NP_NC:agent_sample_12|FN_FL:agent_sample_26': 5, 'NP_NC:agent_sample_9|FN_FL:agent_sample_29': 3, 'NP_NC:agent_sample_61|FN_FL:agent_sample_9': 2, 'NP_NC:agent_sample_46|FN_FL:agent_sample_43': 1, 'NP_NC:agent_sample_46|FN_FL:agent_sample_3': 2, 'NP_NC:agent_sample_32|FN_FL:agent_sample_26': 4, 'NP_NC:agent_sample_32|FN_FL:agent_sample_3': 5, 'NP_NC:agent_sample_38|FN_FL:agent_sample_43': 1, 'NP_NC:agent_sample_37|FN_FL:agent_sample_32': 2, 'NP_NC:agent_sample_60|FN_FL:agent_sample_44': 7, 'NP_NC:agent_sample_8|FN_FL:agent_sample_32': 3, 'NP_NC:agent_sample_54|FN_FL:agent_sample_7': 4, 'NP_NC:agent_sample_55|FN_FL:agent_sample_4': 4, 'NP_NC:agent_sample_36|FN_FL:agent_sample_61': 3, 'NP_NC:agent_sample_34|FN_FL:agent_sample_55': 4, 'NP_NC:agent_sample_23|FN_FL:agent_sample_37': 3, 'NP_NC:agent_sample_14|FN_FL:agent_sample_34': 8, 'NP_NC:agent_sample_60|FN_FL:agent_sample_52': 1, 'NP_NC:agent_sample_40|FN_FL:agent_sample_31': 1, 'NP_NC:agent_sample_8|FN_FL:agent_sample_59': 3, 'NP_NC:agent_sample_12|FN_FL:agent_sample_59': 1, 'NP_NC:agent_sample_52|FN_FL:agent_sample_6': 2, 'NP_NC:agent_sample_52|FN_FL:agent_sample_51': 2, 'NP_NC:agent_sample_14|FN_FL:agent_sample_54': 3, 'NP_NC:agent_sample_45|FN_FL:agent_sample_37': 2, 'NP_NC:agent_sample_37|FN_FL:agent_sample_30': 5, 'NP_NC:agent_sample_20|FN_FL:agent_sample_42': 4, 'NP_NC:agent_sample_31|FN_FL:agent_sample_35': 5, 'NP_NC:agent_sample_64|FN_FL:agent_sample_46': 3, 'NP_NC:agent_sample_61|FN_FL:agent_sample_49': 5, 'NP_NC:agent_sample_14|FN_FL:agent_sample_22': 3, 'NP_NC:cut_first_balanced|FN_FL:agent_sample_13': 5, 'NP_NC:agent_sample_11|FN_FL:agent_sample_37': 4, 'NP_NC:agent_sample_47|FN_FL:agent_sample_60': 1, 'NP_NC:agent_sample_64|FN_FL:agent_sample_63': 2, 'NP_NC:agent_sample_10|FN_FL:agent_sample_31': 1, 'NP_NC:agent_sample_44|FN_FL:agent_sample_38': 2, 'NP_NC:agent_sample_59|FN_FL:agent_sample_43': 5, 'NP_NC:agent_sample_48|FN_FL:agent_sample_59': 3, 'NP_NC:agent_sample_39|FN_FL:agent_sample_44': 2, 'NP_NC:agent_sample_3|FN_FL:agent_sample_30': 3, 'NP_NC:agent_sample_7|FN_FL:agent_sample_23': 4, 'NP_NC:agent_sample_62|FN_FL:agent_sample_21': 3, 'NP_NC:agent_sample_53|FN_FL:agent_sample_2': 4, 'NP_NC:agent_sample_19|FN_FL:agent_sample_45': 4, 'NP_NC:agent_sample_63|FN_FL:agent_sample_32': 2, 'NP_NC:agent_sample_16|FN_FL:agent_sample_19': 5, 'NP_NC:agent_sample_44|FN_FL:agent_sample_49': 2, 'NP_NC:agent_sample_34|FN_FL:agent_sample_51': 2, 'NP_NC:agent_sample_28|FN_FL:agent_sample_47': 4, 'NP_NC:agent_sample_52|FN_FL:agent_sample_13': 2, 'NP_NC:agent_sample_12|FN_FL:agent_sample_13': 3, 'NP_NC:agent_sample_15|FN_FL:agent_sample_55': 2, 'NP_NC:agent_sample_49|FN_FL:agent_sample_6': 5, 'NP_NC:agent_sample_35|FN_FL:agent_sample_20': 1, 'NP_NC:agent_sample_41|FN_FL:agent_sample_57': 4, 'NP_NC:agent_sample_49|FN_FL:agent_sample_48': 3, 'NP_NC:agent_sample_5|FN_FL:agent_sample_26': 3, 'NP_NC:agent_sample_4|FN_FL:agent_sample_21': 4, 'NP_NC:agent_sample_22|FN_FL:agent_sample_59': 2, 'NP_NC:agent_sample_50|FN_FL:wo_first_balanced': 1, 'NP_NC:agent_sample_10|FN_FL:agent_sample_11': 3, 'NP_NC:agent_sample_8|FN_FL:agent_sample_20': 3, 'NP_NC:agent_sample_15|FN_FL:agent_sample_62': 2, 'NP_NC:agent_sample_32|FN_FL:agent_sample_60': 2, 'NP_NC:agent_sample_8|FN_FL:agent_sample_62': 2, 'NP_NC:agent_sample_13|FN_FL:agent_sample_62': 2, 'NP_NC:agent_sample_50|FN_FL:agent_sample_46': 4, 'NP_NC:agent_sample_18|FN_FL:agent_sample_15': 2, 'NP_NC:agent_sample_57|FN_FL:agent_sample_2': 1, 'NP_NC:agent_sample_30|FN_FL:agent_sample_40': 3, 'NP_NC:agent_sample_30|FN_FL:agent_sample_50': 6, 'NP_NC:agent_sample_53|FN_FL:agent_sample_3': 3, 'NP_NC:agent_sample_51|FN_FL:agent_sample_42': 6, 'NP_NC:agent_sample_17|FN_FL:agent_sample_64': 2, 'NP_NC:agent_sample_53|FN_FL:agent_sample_29': 4, 'NP_NC:agent_sample_40|FN_FL:agent_sample_55': 2, 'NP_NC:agent_sample_41|FN_FL:agent_sample_31': 4, 'NP_NC:agent_sample_54|FN_FL:agent_sample_64': 5, 'NP_NC:agent_sample_32|FN_FL:agent_sample_39': 2, 'NP_NC:agent_sample_64|FN_FL:agent_sample_43': 4, 'NP_NC:agent_sample_18|FN_FL:agent_sample_24': 6, 'NP_NC:agent_sample_55|FN_FL:agent_sample_31': 2, 'NP_NC:agent_sample_41|FN_FL:agent_sample_34': 1, 'NP_NC:agent_sample_48|FN_FL:agent_sample_49': 1, 'NP_NC:agent_sample_48|FN_FL:agent_sample_36': 1, 'NP_NC:agent_sample_32|FN_FL:agent_sample_24': 2, 'NP_NC:agent_sample_14|FN_FL:agent_sample_52': 3, 'NP_NC:agent_sample_64|FN_FL:agent_sample_64': 5, 'NP_NC:cut_first_balanced|FN_FL:agent_sample_9': 2, 'NP_NC:agent_sample_51|FN_FL:agent_sample_8': 2, 'NP_NC:agent_sample_12|FN_FL:agent_sample_17': 1, 'NP_NC:agent_sample_8|FN_FL:agent_sample_13': 7, 'NP_NC:agent_sample_4|FN_FL:agent_sample_38': 6, 'NP_NC:agent_sample_59|FN_FL:agent_sample_61': 4, 'NP_NC:agent_sample_58|FN_FL:agent_sample_55': 2, 'NP_NC:agent_sample_55|FN_FL:agent_sample_48': 4, 'NP_NC:agent_sample_14|FN_FL:cut_first_balanced': 2, 'NP_NC:agent_sample_43|FN_FL:agent_sample_60': 7, 'NP_NC:agent_sample_59|FN_FL:agent_sample_10': 4, 'NP_NC:agent_sample_28|FN_FL:agent_sample_32': 5, 'NP_NC:agent_sample_9|FN_FL:agent_sample_53': 3, 'NP_NC:agent_sample_47|FN_FL:agent_sample_55': 1, 'NP_NC:agent_sample_26|FN_FL:agent_sample_61': 1, 'NP_NC:agent_sample_8|FN_FL:agent_sample_19': 4, 'NP_NC:agent_sample_15|FN_FL:agent_sample_35': 4, 'NP_NC:agent_sample_27|FN_FL:agent_sample_50': 4, 'NP_NC:agent_sample_32|FN_FL:agent_sample_14': 5, 'NP_NC:agent_sample_10|FN_FL:agent_sample_35': 3, 'NP_NC:agent_sample_21|FN_FL:agent_sample_52': 5, 'NP_NC:agent_sample_54|FN_FL:agent_sample_37': 7, 'NP_NC:agent_sample_52|FN_FL:agent_sample_11': 1, 'NP_NC:agent_sample_56|FN_FL:agent_sample_11': 3, 'NP_NC:agent_sample_20|FN_FL:agent_sample_10': 4, 'NP_NC:agent_sample_42|FN_FL:agent_sample_30': 1, 'NP_NC:agent_sample_12|FN_FL:agent_sample_27': 4, 'NP_NC:agent_sample_35|FN_FL:agent_sample_31': 6, 'NP_NC:agent_sample_10|FN_FL:agent_sample_22': 5, 'NP_NC:agent_sample_44|FN_FL:agent_sample_44': 1, 'NP_NC:agent_sample_38|FN_FL:agent_sample_22': 4, 'NP_NC:agent_sample_58|FN_FL:agent_sample_37': 3, 'NP_NC:agent_sample_33|FN_FL:agent_sample_49': 1, 'NP_NC:agent_sample_13|FN_FL:agent_sample_10': 3, 'NP_NC:agent_sample_35|FN_FL:agent_sample_49': 2, 'NP_NC:agent_sample_22|FN_FL:agent_sample_63': 4, 'NP_NC:agent_sample_21|FN_FL:agent_sample_46': 6, 'NP_NC:agent_sample_37|FN_FL:agent_sample_59': 3, 'NP_NC:agent_sample_37|FN_FL:agent_sample_35': 5, 'NP_NC:agent_sample_13|FN_FL:agent_sample_14': 2, 'NP_NC:cut_first_balanced|FN_FL:agent_sample_51': 2, 'NP_NC:agent_sample_31|FN_FL:agent_sample_64': 3, 'NP_NC:agent_sample_11|FN_FL:agent_sample_53': 5, 'NP_NC:agent_sample_58|FN_FL:agent_sample_59': 1, 'NP_NC:agent_sample_38|FN_FL:agent_sample_57': 2, 'NP_NC:agent_sample_14|FN_FL:agent_sample_4': 5, 'NP_NC:agent_sample_40|FN_FL:cut_first_balanced': 2, 'NP_NC:agent_sample_47|FN_FL:agent_sample_45': 4, 'NP_NC:agent_sample_29|FN_FL:bevel_first_balanced': 1, 'NP_NC:agent_sample_8|FN_FL:agent_sample_37': 6, 'NP_NC:agent_sample_9|FN_FL:agent_sample_45': 5, 'NP_NC:agent_sample_53|FN_FL:agent_sample_44': 1, 'NP_NC:agent_sample_52|FN_FL:agent_sample_53': 1, 'NP_NC:agent_sample_37|FN_FL:agent_sample_2': 4, 'NP_NC:agent_sample_55|FN_FL:agent_sample_2': 4, 'NP_NC:agent_sample_38|FN_FL:agent_sample_35': 3, 'NP_NC:agent_sample_43|FN_FL:agent_sample_15': 2, 'NP_NC:agent_sample_60|FN_FL:agent_sample_9': 4, 'NP_NC:bevel_first_balanced|FN_FL:agent_sample_32': 2, 'NP_NC:agent_sample_49|FN_FL:agent_sample_26': 4, 'NP_NC:agent_sample_49|FN_FL:agent_sample_36': 3, 'NP_NC:agent_sample_22|FN_FL:agent_sample_51': 4, 'NP_NC:agent_sample_36|FN_FL:agent_sample_3': 3, 'NP_NC:agent_sample_57|FN_FL:agent_sample_27': 3, 'NP_NC:agent_sample_24|FN_FL:agent_sample_16': 2, 'NP_NC:agent_sample_42|FN_FL:agent_sample_37': 2, 'NP_NC:agent_sample_33|FN_FL:agent_sample_59': 4, 'NP_NC:agent_sample_18|FN_FL:agent_sample_25': 2, 'NP_NC:agent_sample_49|FN_FL:agent_sample_7': 4, 'NP_NC:agent_sample_55|FN_FL:agent_sample_59': 5, 'NP_NC:agent_sample_41|FN_FL:agent_sample_61': 4, 'NP_NC:agent_sample_58|FN_FL:agent_sample_39': 3, 'NP_NC:agent_sample_39|FN_FL:agent_sample_2': 2, 'NP_NC:agent_sample_41|FN_FL:agent_sample_15': 1, 'NP_NC:agent_sample_49|FN_FL:agent_sample_21': 2, 'NP_NC:agent_sample_27|FN_FL:agent_sample_14': 2, 'NP_NC:agent_sample_59|FN_FL:agent_sample_34': 4, 'NP_NC:agent_sample_39|FN_FL:agent_sample_26': 5, 'NP_NC:agent_sample_14|FN_FL:agent_sample_3': 4, 'NP_NC:agent_sample_30|FN_FL:agent_sample_47': 1, 'NP_NC:agent_sample_36|FN_FL:agent_sample_62': 2, 'NP_NC:agent_sample_33|FN_FL:agent_sample_34': 4, 'NP_NC:agent_sample_46|FN_FL:bevel_first_balanced': 1, 'NP_NC:agent_sample_3|FN_FL:agent_sample_17': 2, 'NP_NC:agent_sample_4|FN_FL:agent_sample_6': 5, 'NP_NC:agent_sample_53|FN_FL:agent_sample_5': 1, 'NP_NC:agent_sample_43|FN_FL:agent_sample_11': 4, 'NP_NC:agent_sample_50|FN_FL:agent_sample_59': 5, 'NP_NC:agent_sample_16|FN_FL:agent_sample_40': 4, 'NP_NC:agent_sample_32|FN_FL:agent_sample_27': 3, 'NP_NC:agent_sample_13|FN_FL:agent_sample_48': 3, 'NP_NC:agent_sample_62|FN_FL:agent_sample_61': 1, 'NP_NC:wo_first_balanced|FN_FL:agent_sample_61': 1, 'NP_NC:agent_sample_41|FN_FL:agent_sample_55': 3, 'NP_NC:agent_sample_59|FN_FL:agent_sample_12': 4, 'NP_NC:agent_sample_54|FN_FL:agent_sample_30': 3, 'NP_NC:agent_sample_42|FN_FL:agent_sample_17': 2, 'NP_NC:agent_sample_9|FN_FL:agent_sample_27': 2, 'NP_NC:agent_sample_6|FN_FL:agent_sample_52': 1, 'NP_NC:agent_sample_31|FN_FL:agent_greedy': 6, 'NP_NC:agent_sample_31|FN_FL:agent_sample_57': 5, 'NP_NC:agent_sample_15|FN_FL:agent_sample_54': 4, 'NP_NC:agent_sample_19|FN_FL:agent_sample_25': 2, 'NP_NC:agent_sample_25|FN_FL:agent_sample_57': 2, 'NP_NC:agent_sample_26|FN_FL:agent_sample_54': 6, 'NP_NC:agent_sample_49|FN_FL:agent_sample_34': 3, 'NP_NC:agent_sample_6|FN_FL:agent_sample_63': 5, 'NP_NC:agent_sample_48|FN_FL:agent_sample_61': 1, 'NP_NC:agent_sample_40|FN_FL:agent_sample_26': 7, 'NP_NC:agent_sample_40|FN_FL:agent_sample_23': 3, 'NP_NC:agent_sample_33|FN_FL:agent_sample_33': 3, 'NP_NC:agent_sample_19|FN_FL:agent_sample_2': 2, 'NP_NC:agent_sample_11|FN_FL:agent_sample_36': 5, 'NP_NC:agent_sample_16|FN_FL:agent_sample_54': 4, 'NP_NC:agent_sample_6|FN_FL:agent_sample_50': 5, 'NP_NC:agent_sample_45|FN_FL:agent_sample_9': 4, 'NP_NC:agent_sample_64|FN_FL:agent_sample_37': 3, 'NP_NC:agent_sample_31|FN_FL:agent_sample_4': 3, 'NP_NC:agent_sample_49|FN_FL:agent_sample_47': 6, 'NP_NC:agent_sample_4|FN_FL:agent_sample_27': 6, 'NP_NC:agent_sample_31|FN_FL:agent_sample_14': 1, 'NP_NC:agent_sample_5|FN_FL:cut_first_balanced': 1, 'NP_NC:agent_sample_55|FN_FL:agent_sample_46': 3, 'NP_NC:agent_sample_15|FN_FL:agent_sample_25': 3, 'NP_NC:agent_sample_24|FN_FL:agent_sample_2': 8, 'NP_NC:agent_sample_39|FN_FL:agent_sample_25': 2, 'NP_NC:agent_sample_8|FN_FL:agent_sample_9': 3, 'NP_NC:agent_sample_63|FN_FL:agent_sample_43': 1, 'NP_NC:agent_sample_32|FN_FL:agent_sample_10': 6, 'NP_NC:agent_sample_51|FN_FL:agent_sample_21': 5, 'NP_NC:agent_sample_63|FN_FL:agent_sample_42': 2, 'NP_NC:agent_sample_17|FN_FL:agent_sample_43': 3, 'NP_NC:agent_sample_14|FN_FL:agent_sample_9': 4, 'NP_NC:agent_sample_64|FN_FL:agent_sample_39': 1, 'NP_NC:agent_sample_63|FN_FL:agent_sample_25': 3, 'NP_NC:agent_sample_56|FN_FL:agent_sample_35': 2, 'NP_NC:agent_sample_11|FN_FL:agent_sample_60': 7, 'NP_NC:agent_sample_9|FN_FL:agent_sample_34': 2, 'NP_NC:agent_sample_44|FN_FL:agent_sample_64': 3, 'NP_NC:agent_sample_55|FN_FL:agent_sample_61': 2, 'NP_NC:agent_sample_24|FN_FL:agent_sample_22': 4, 'NP_NC:agent_sample_45|FN_FL:agent_sample_56': 4, 'NP_NC:agent_sample_11|FN_FL:agent_sample_61': 2, 'NP_NC:agent_sample_41|FN_FL:agent_sample_41': 2, 'NP_NC:agent_sample_48|FN_FL:agent_sample_7': 4, 'NP_NC:agent_sample_5|FN_FL:agent_sample_13': 4, 'NP_NC:agent_sample_55|FN_FL:agent_sample_27': 4, 'NP_NC:agent_sample_39|FN_FL:agent_sample_34': 3, 'NP_NC:agent_sample_56|FN_FL:agent_sample_14': 1, 'NP_NC:agent_sample_28|FN_FL:agent_sample_20': 4, 'NP_NC:agent_sample_41|FN_FL:agent_sample_25': 1, 'NP_NC:bevel_first_balanced|FN_FL:agent_sample_50': 2, 'NP_NC:agent_sample_14|FN_FL:agent_sample_37': 1, 'NP_NC:agent_sample_7|FN_FL:agent_sample_59': 3, 'NP_NC:agent_sample_25|FN_FL:agent_sample_10': 2, 'NP_NC:agent_sample_59|FN_FL:agent_sample_22': 2, 'NP_NC:agent_sample_20|FN_FL:agent_sample_23': 1, 'NP_NC:agent_sample_18|FN_FL:agent_sample_3': 4, 'NP_NC:agent_sample_56|FN_FL:agent_sample_59': 3, 'NP_NC:agent_sample_18|FN_FL:agent_sample_47': 1, 'NP_NC:agent_sample_44|FN_FL:agent_sample_39': 3, 'NP_NC:agent_sample_6|FN_FL:agent_sample_64': 3, 'NP_NC:agent_sample_62|FN_FL:agent_sample_30': 6, 'NP_NC:agent_sample_48|FN_FL:wo_first_balanced': 4, 'NP_NC:agent_sample_47|FN_FL:agent_sample_4': 3, 'NP_NC:agent_sample_54|FN_FL:agent_sample_63': 4, 'NP_NC:agent_sample_56|FN_FL:agent_sample_54': 1, 'NP_NC:agent_sample_11|FN_FL:agent_sample_23': 4, 'NP_NC:agent_sample_21|FN_FL:agent_sample_19': 5, 'NP_NC:agent_sample_11|FN_FL:agent_sample_42': 1, 'NP_NC:agent_sample_5|FN_FL:agent_sample_64': 5, 'NP_NC:agent_sample_42|FN_FL:agent_sample_43': 4, 'NP_NC:agent_sample_5|FN_FL:agent_sample_38': 3, 'NP_NC:agent_sample_16|FN_FL:agent_sample_64': 1, 'NP_NC:agent_sample_23|FN_FL:agent_sample_39': 2, 'NP_NC:agent_sample_15|FN_FL:agent_sample_45': 2, 'NP_NC:agent_sample_37|FN_FL:agent_sample_53': 4, 'NP_NC:agent_sample_59|FN_FL:agent_sample_55': 3, 'NP_NC:agent_sample_42|FN_FL:bevel_first_balanced': 1, 'NP_NC:agent_sample_60|FN_FL:wo_first_balanced': 1, 'NP_NC:agent_sample_54|FN_FL:agent_sample_35': 1, 'NP_NC:agent_sample_40|FN_FL:agent_sample_6': 4, 'NP_NC:agent_sample_10|FN_FL:agent_sample_12': 3, 'NP_NC:agent_sample_11|FN_FL:agent_sample_64': 3, 'NP_NC:agent_sample_43|FN_FL:agent_sample_55': 6, 'NP_NC:agent_sample_22|FN_FL:agent_sample_54': 2, 'NP_NC:agent_sample_5|FN_FL:agent_sample_52': 6, 'NP_NC:agent_sample_22|FN_FL:agent_sample_8': 4, 'NP_NC:agent_sample_19|FN_FL:agent_sample_57': 2, 'NP_NC:agent_sample_7|FN_FL:agent_sample_28': 3, 'NP_NC:agent_sample_59|FN_FL:agent_sample_50': 4, 'NP_NC:agent_sample_62|FN_FL:agent_sample_42': 2, 'NP_NC:agent_sample_23|FN_FL:agent_sample_13': 1, 'NP_NC:agent_sample_26|FN_FL:agent_sample_9': 5, 'NP_NC:agent_sample_15|FN_FL:agent_sample_28': 2, 'NP_NC:agent_sample_38|FN_FL:agent_sample_41': 4, 'NP_NC:agent_sample_34|FN_FL:agent_sample_54': 2, 'NP_NC:agent_sample_53|FN_FL:agent_sample_24': 7, 'NP_NC:agent_sample_23|FN_FL:agent_sample_41': 3, 'NP_NC:agent_sample_12|FN_FL:agent_sample_29': 2, 'NP_NC:agent_sample_63|FN_FL:agent_sample_37': 2, 'NP_NC:agent_sample_28|FN_FL:agent_sample_35': 5, 'NP_NC:agent_sample_20|FN_FL:agent_sample_21': 1, 'NP_NC:agent_sample_23|FN_FL:agent_sample_64': 4, 'NP_NC:agent_sample_19|FN_FL:agent_sample_62': 1, 'NP_NC:agent_sample_9|FN_FL:bevel_first_balanced': 2, 'NP_NC:agent_sample_49|FN_FL:agent_sample_42': 2, 'NP_NC:agent_sample_24|FN_FL:agent_sample_50': 2, 'NP_NC:agent_sample_12|FN_FL:agent_sample_41': 5, 'NP_NC:agent_sample_28|FN_FL:agent_sample_41': 5, 'NP_NC:agent_sample_7|FN_FL:agent_sample_43': 4, 'NP_NC:agent_sample_32|FN_FL:agent_sample_38': 3, 'NP_NC:cut_first_balanced|FN_FL:agent_sample_43': 2, 'NP_NC:agent_sample_27|FN_FL:agent_sample_24': 4, 'NP_NC:agent_sample_46|FN_FL:agent_sample_2': 3, 'NP_NC:agent_sample_23|FN_FL:agent_sample_55': 3, 'NP_NC:agent_sample_35|FN_FL:agent_sample_26': 2, 'NP_NC:agent_sample_9|FN_FL:agent_sample_63': 4, 'NP_NC:agent_sample_31|FN_FL:agent_sample_53': 1, 'NP_NC:agent_sample_11|FN_FL:agent_sample_30': 5, 'NP_NC:agent_sample_49|FN_FL:agent_sample_24': 3, 'NP_NC:agent_sample_5|FN_FL:agent_sample_63': 5, 'NP_NC:agent_sample_61|FN_FL:agent_sample_12': 2, 'NP_NC:agent_sample_33|FN_FL:agent_sample_43': 4, 'NP_NC:agent_sample_35|FN_FL:agent_sample_60': 1, 'NP_NC:agent_sample_54|FN_FL:agent_sample_14': 5, 'NP_NC:agent_sample_36|FN_FL:agent_sample_7': 4, 'NP_NC:agent_sample_52|FN_FL:agent_sample_64': 2, 'NP_NC:agent_sample_17|FN_FL:agent_sample_58': 3, 'NP_NC:agent_sample_43|FN_FL:agent_sample_20': 2, 'NP_NC:agent_sample_62|FN_FL:agent_sample_29': 2, 'NP_NC:agent_sample_43|FN_FL:agent_sample_56': 3, 'NP_NC:agent_sample_53|FN_FL:agent_sample_64': 3, 'NP_NC:agent_sample_45|FN_FL:agent_sample_59': 4, 'NP_NC:agent_sample_58|FN_FL:agent_sample_41': 2, 'NP_NC:agent_sample_35|FN_FL:agent_sample_18': 2, 'NP_NC:agent_sample_49|FN_FL:agent_sample_9': 2, 'NP_NC:agent_sample_15|FN_FL:agent_sample_39': 5, 'NP_NC:agent_sample_56|FN_FL:agent_sample_12': 3, 'NP_NC:agent_sample_8|FN_FL:agent_sample_25': 3, 'NP_NC:agent_sample_23|FN_FL:agent_sample_40': 4, 'NP_NC:agent_sample_38|FN_FL:wo_first_balanced': 2, 'NP_NC:agent_sample_47|FN_FL:agent_sample_29': 4, 'NP_NC:agent_sample_22|FN_FL:agent_sample_9': 1, 'NP_NC:agent_sample_62|FN_FL:agent_sample_47': 3, 'NP_NC:agent_sample_9|FN_FL:cut_first_balanced': 1, 'NP_NC:agent_sample_61|FN_FL:agent_sample_38': 1, 'NP_NC:agent_sample_59|FN_FL:agent_sample_30': 2, 'NP_NC:agent_sample_53|FN_FL:agent_sample_54': 3, 'NP_NC:agent_sample_19|FN_FL:agent_sample_43': 4, 'NP_NC:agent_sample_20|FN_FL:cut_first_balanced': 3, 'NP_NC:agent_sample_46|FN_FL:agent_sample_61': 2, 'NP_NC:agent_sample_47|FN_FL:agent_sample_23': 4, 'NP_NC:agent_sample_22|FN_FL:agent_sample_26': 5, 'NP_NC:agent_sample_45|FN_FL:agent_sample_24': 5, 'NP_NC:agent_sample_11|FN_FL:agent_sample_25': 3, 'NP_NC:bevel_first_balanced|FN_FL:agent_sample_6': 2, 'NP_NC:agent_sample_11|FN_FL:agent_sample_62': 1, 'NP_NC:agent_sample_59|FN_FL:agent_sample_49': 2, 'NP_NC:agent_sample_56|FN_FL:agent_sample_42': 2, 'NP_NC:agent_sample_49|FN_FL:agent_sample_4': 6, 'NP_NC:agent_sample_64|FN_FL:agent_sample_21': 4, 'NP_NC:agent_sample_6|FN_FL:agent_sample_57': 5, 'NP_NC:agent_sample_15|FN_FL:agent_sample_59': 2, 'NP_NC:bevel_first_balanced|FN_FL:agent_sample_39': 3, 'NP_NC:agent_sample_58|FN_FL:agent_sample_60': 2, 'NP_NC:agent_sample_39|FN_FL:agent_sample_45': 4, 'NP_NC:agent_sample_17|FN_FL:agent_sample_36': 5, 'NP_NC:agent_sample_14|FN_FL:agent_sample_49': 4, 'NP_NC:agent_sample_17|FN_FL:agent_sample_13': 3, 'NP_NC:agent_sample_22|FN_FL:agent_sample_36': 4, 'NP_NC:agent_sample_9|FN_FL:agent_sample_43': 2, 'NP_NC:cut_first_balanced|FN_FL:agent_sample_61': 1, 'NP_NC:agent_sample_29|FN_FL:agent_sample_43': 2, 'NP_NC:agent_sample_61|FN_FL:agent_sample_18': 1, 'NP_NC:agent_sample_5|FN_FL:agent_sample_19': 4, 'NP_NC:agent_sample_64|FN_FL:agent_sample_3': 3, 'NP_NC:agent_sample_2|FN_FL:agent_sample_59': 3, 'NP_NC:agent_sample_14|FN_FL:agent_sample_55': 4, 'NP_NC:agent_sample_57|FN_FL:agent_sample_54': 2, 'NP_NC:agent_sample_58|FN_FL:agent_sample_26': 2, 'NP_NC:agent_sample_18|FN_FL:agent_sample_26': 1, 'NP_NC:agent_sample_48|FN_FL:agent_sample_55': 2, 'NP_NC:agent_sample_45|FN_FL:agent_sample_12': 3, 'NP_NC:agent_sample_2|FN_FL:agent_sample_49': 2, 'NP_NC:agent_sample_13|FN_FL:agent_sample_52': 4, 'NP_NC:agent_sample_19|FN_FL:agent_sample_34': 2, 'NP_NC:agent_sample_47|FN_FL:agent_sample_33': 2, 'NP_NC:agent_sample_11|FN_FL:agent_sample_27': 2, 'NP_NC:agent_sample_60|FN_FL:agent_sample_43': 2, 'NP_NC:agent_sample_62|FN_FL:agent_sample_10': 5, 'NP_NC:agent_sample_35|FN_FL:bevel_first_balanced': 1, 'NP_NC:agent_sample_39|FN_FL:agent_sample_24': 3, 'NP_NC:agent_sample_25|FN_FL:agent_sample_28': 2, 'NP_NC:agent_sample_13|FN_FL:agent_sample_8': 4, 'NP_NC:agent_sample_16|FN_FL:agent_sample_28': 2, 'NP_NC:agent_sample_37|FN_FL:agent_sample_23': 4, 'NP_NC:agent_sample_19|FN_FL:cut_first_balanced': 1, 'NP_NC:agent_sample_7|FN_FL:agent_sample_37': 3, 'NP_NC:agent_sample_23|FN_FL:agent_sample_22': 3, 'NP_NC:agent_sample_37|FN_FL:agent_sample_45': 1, 'NP_NC:agent_sample_43|FN_FL:agent_sample_37': 2, 'NP_NC:agent_sample_56|FN_FL:agent_sample_44': 1, 'NP_NC:agent_sample_63|FN_FL:agent_sample_21': 3, 'NP_NC:agent_sample_41|FN_FL:agent_sample_64': 5, 'NP_NC:agent_sample_9|FN_FL:agent_sample_60': 5, 'NP_NC:agent_sample_49|FN_FL:agent_sample_12': 2, 'NP_NC:agent_sample_44|FN_FL:agent_sample_24': 3, 'NP_NC:agent_sample_53|FN_FL:agent_sample_7': 3, 'NP_NC:agent_sample_58|FN_FL:agent_sample_42': 3, 'NP_NC:agent_sample_49|FN_FL:agent_sample_51': 4, 'NP_NC:agent_sample_28|FN_FL:agent_sample_53': 3, 'NP_NC:agent_sample_12|FN_FL:agent_sample_45': 4, 'NP_NC:agent_sample_25|FN_FL:agent_sample_44': 4, 'NP_NC:agent_sample_22|FN_FL:cut_first_balanced': 1, 'NP_NC:agent_sample_30|FN_FL:agent_sample_13': 2, 'NP_NC:agent_sample_26|FN_FL:agent_sample_35': 1, 'NP_NC:agent_sample_60|FN_FL:agent_sample_5': 1, 'NP_NC:agent_sample_30|FN_FL:agent_sample_63': 3, 'NP_NC:agent_sample_17|FN_FL:agent_sample_23': 4, 'NP_NC:agent_sample_51|FN_FL:agent_sample_23': 3, 'NP_NC:agent_sample_38|FN_FL:agent_sample_48': 4, 'NP_NC:agent_sample_58|FN_FL:bevel_first_balanced': 1, 'NP_NC:agent_sample_45|FN_FL:agent_sample_13': 5, 'NP_NC:agent_sample_48|FN_FL:agent_sample_39': 1, 'NP_NC:agent_sample_51|FN_FL:agent_sample_7': 2, 'NP_NC:agent_sample_52|FN_FL:agent_sample_48': 2, 'NP_NC:agent_sample_33|FN_FL:agent_sample_8': 4, 'NP_NC:agent_sample_56|FN_FL:agent_sample_53': 1, 'NP_NC:agent_sample_26|FN_FL:agent_sample_48': 3, 'NP_NC:agent_sample_23|FN_FL:agent_sample_7': 1, 'NP_NC:agent_sample_61|FN_FL:agent_sample_36': 1, 'NP_NC:agent_sample_41|FN_FL:agent_sample_49': 5, 'NP_NC:agent_sample_51|FN_FL:agent_sample_37': 1, 'NP_NC:agent_sample_29|FN_FL:agent_sample_52': 3, 'NP_NC:agent_sample_23|FN_FL:agent_sample_60': 2, 'NP_NC:agent_sample_22|FN_FL:agent_sample_55': 1, 'NP_NC:agent_sample_44|FN_FL:agent_sample_48': 2, 'NP_NC:agent_sample_53|FN_FL:agent_sample_20': 2, 'NP_NC:agent_sample_7|FN_FL:agent_sample_49': 2, 'NP_NC:agent_sample_12|FN_FL:agent_sample_61': 4, 'NP_NC:agent_sample_60|FN_FL:agent_sample_27': 9, 'NP_NC:agent_sample_25|FN_FL:agent_sample_8': 3, 'NP_NC:agent_sample_6|FN_FL:agent_sample_19': 2, 'NP_NC:agent_sample_49|FN_FL:agent_sample_20': 2, 'NP_NC:agent_sample_24|FN_FL:agent_sample_7': 4, 'NP_NC:agent_sample_36|FN_FL:agent_sample_17': 2, 'NP_NC:agent_sample_20|FN_FL:agent_sample_12': 1, 'NP_NC:agent_sample_38|FN_FL:agent_sample_32': 3, 'NP_NC:agent_sample_30|FN_FL:agent_sample_45': 2, 'NP_NC:agent_sample_64|FN_FL:agent_sample_26': 2, 'NP_NC:agent_sample_51|FN_FL:agent_sample_49': 2, 'NP_NC:agent_sample_3|FN_FL:agent_sample_47': 1, 'NP_NC:agent_sample_41|FN_FL:agent_sample_53': 3, 'NP_NC:agent_sample_35|FN_FL:agent_sample_55': 3, 'NP_NC:agent_sample_22|FN_FL:agent_sample_28': 1, 'NP_NC:agent_sample_52|FN_FL:agent_sample_5': 3, 'NP_NC:agent_sample_24|FN_FL:agent_sample_6': 3, 'NP_NC:agent_sample_56|FN_FL:agent_sample_61': 1, 'NP_NC:agent_sample_51|FN_FL:agent_sample_29': 5, 'NP_NC:agent_sample_45|FN_FL:agent_sample_29': 2, 'NP_NC:agent_sample_25|FN_FL:agent_sample_48': 2, 'NP_NC:agent_sample_24|FN_FL:agent_sample_25': 2, 'NP_NC:agent_sample_59|FN_FL:agent_sample_62': 3, 'NP_NC:agent_sample_9|FN_FL:agent_sample_35': 1, 'NP_NC:agent_sample_24|FN_FL:agent_sample_21': 2, 'NP_NC:agent_sample_39|FN_FL:agent_sample_43': 5, 'NP_NC:agent_sample_44|FN_FL:agent_sample_31': 5, 'NP_NC:cut_first_balanced|FN_FL:agent_sample_38': 1, 'NP_NC:agent_sample_44|FN_FL:agent_sample_50': 1, 'NP_NC:agent_sample_21|FN_FL:agent_sample_11': 3, 'NP_NC:wo_first_balanced|FN_FL:agent_sample_55': 2, 'NP_NC:agent_sample_29|FN_FL:agent_sample_34': 2, 'NP_NC:agent_sample_55|FN_FL:agent_sample_44': 2, 'NP_NC:agent_sample_27|FN_FL:agent_sample_44': 1, 'NP_NC:agent_sample_25|FN_FL:agent_sample_34': 2, 'NP_NC:agent_sample_49|FN_FL:agent_sample_52': 2, 'NP_NC:agent_sample_42|FN_FL:agent_sample_61': 2, 'NP_NC:agent_sample_40|FN_FL:agent_sample_49': 1, 'NP_NC:agent_sample_63|FN_FL:agent_sample_54': 1, 'NP_NC:agent_sample_32|FN_FL:agent_sample_57': 2, 'NP_NC:agent_sample_52|FN_FL:agent_sample_14': 3, 'NP_NC:agent_sample_39|FN_FL:agent_sample_38': 6, 'NP_NC:agent_sample_44|FN_FL:agent_sample_61': 1, 'NP_NC:agent_sample_64|FN_FL:agent_sample_57': 3, 'NP_NC:agent_sample_38|FN_FL:agent_sample_51': 3, 'NP_NC:agent_sample_20|FN_FL:agent_sample_25': 3, 'NP_NC:agent_sample_44|FN_FL:agent_sample_20': 3, 'NP_NC:agent_sample_55|FN_FL:agent_sample_13': 1, 'NP_NC:agent_sample_32|FN_FL:agent_sample_40': 3, 'NP_NC:agent_sample_7|FN_FL:agent_sample_33': 1, 'NP_NC:agent_sample_16|FN_FL:agent_sample_7': 2, 'NP_NC:agent_sample_13|FN_FL:agent_sample_32': 1, 'NP_NC:wo_first_balanced|FN_FL:agent_sample_38': 1, 'NP_NC:agent_sample_60|FN_FL:agent_sample_32': 1, 'NP_NC:agent_sample_39|FN_FL:agent_sample_59': 2, 'NP_NC:agent_sample_51|FN_FL:agent_sample_35': 2, 'NP_NC:agent_sample_44|FN_FL:agent_sample_53': 4, 'NP_NC:agent_sample_19|FN_FL:agent_sample_13': 2, 'NP_NC:agent_sample_12|FN_FL:agent_sample_55': 3, 'NP_NC:agent_sample_26|FN_FL:agent_sample_29': 2, 'NP_NC:agent_sample_57|FN_FL:agent_sample_5': 1, 'NP_NC:agent_sample_49|FN_FL:cut_first_balanced': 1, 'NP_NC:agent_sample_60|FN_FL:agent_sample_36': 2, 'NP_NC:agent_sample_48|FN_FL:agent_sample_57': 2, 'NP_NC:agent_sample_21|FN_FL:agent_sample_64': 2, 'NP_NC:agent_sample_29|FN_FL:agent_sample_23': 4, 'NP_NC:agent_sample_37|FN_FL:agent_sample_55': 3, 'NP_NC:agent_sample_30|FN_FL:agent_sample_53': 2, 'NP_NC:agent_sample_13|FN_FL:agent_sample_53': 2, 'NP_NC:agent_sample_64|FN_FL:agent_sample_9': 3, 'NP_NC:agent_sample_47|FN_FL:wo_first_balanced': 1, 'NP_NC:agent_sample_40|FN_FL:agent_sample_62': 2, 'NP_NC:agent_sample_59|FN_FL:agent_sample_58': 1, 'NP_NC:agent_sample_27|FN_FL:agent_sample_6': 1, 'NP_NC:agent_sample_59|FN_FL:agent_sample_57': 3, 'NP_NC:agent_sample_3|FN_FL:agent_sample_42': 3, 'NP_NC:agent_sample_30|FN_FL:agent_sample_64': 4, 'NP_NC:agent_sample_8|FN_FL:agent_sample_34': 4, 'NP_NC:agent_sample_53|FN_FL:agent_sample_58': 1, 'NP_NC:agent_sample_25|FN_FL:agent_sample_40': 3, 'NP_NC:agent_sample_20|FN_FL:agent_sample_3': 7, 'NP_NC:agent_sample_56|FN_FL:agent_sample_57': 1, 'NP_NC:agent_sample_38|FN_FL:agent_sample_63': 1, 'NP_NC:agent_sample_61|FN_FL:agent_sample_4': 2, 'NP_NC:agent_sample_50|FN_FL:agent_sample_55': 5, 'NP_NC:agent_sample_46|FN_FL:agent_sample_36': 1, 'NP_NC:agent_sample_24|FN_FL:agent_sample_43': 1, 'NP_NC:agent_sample_31|FN_FL:agent_sample_28': 1, 'NP_NC:agent_sample_43|FN_FL:agent_sample_42': 1, 'NP_NC:agent_sample_17|FN_FL:agent_sample_11': 1, 'NP_NC:agent_sample_43|FN_FL:agent_sample_27': 2, 'NP_NC:agent_sample_48|FN_FL:agent_sample_58': 2, 'NP_NC:agent_sample_32|FN_FL:agent_sample_41': 1, 'NP_NC:agent_sample_8|FN_FL:agent_sample_55': 1, 'NP_NC:agent_sample_34|FN_FL:agent_sample_29': 3, 'NP_NC:agent_sample_31|FN_FL:agent_sample_38': 1, 'NP_NC:agent_sample_33|FN_FL:agent_sample_45': 3, 'NP_NC:agent_sample_56|FN_FL:agent_sample_6': 1, 'NP_NC:agent_sample_56|FN_FL:agent_sample_63': 3, 'NP_NC:agent_sample_49|FN_FL:agent_sample_60': 2, 'NP_NC:agent_sample_35|FN_FL:agent_sample_57': 1, 'NP_NC:bevel_first_balanced|FN_FL:agent_sample_10': 2, 'NP_NC:agent_sample_44|FN_FL:agent_sample_56': 1, 'NP_NC:agent_sample_52|FN_FL:agent_sample_41': 1, 'NP_NC:agent_sample_38|FN_FL:agent_sample_14': 4, 'NP_NC:agent_sample_40|FN_FL:agent_sample_35': 1, 'NP_NC:agent_sample_3|FN_FL:agent_sample_11': 5, 'NP_NC:agent_sample_32|FN_FL:agent_sample_23': 1, 'NP_NC:agent_sample_50|FN_FL:agent_sample_63': 1, 'NP_NC:agent_sample_42|FN_FL:agent_sample_41': 4, 'NP_NC:agent_sample_17|FN_FL:agent_sample_30': 2, 'NP_NC:agent_sample_6|FN_FL:agent_sample_31': 1, 'NP_NC:agent_sample_39|FN_FL:agent_sample_53': 3, 'NP_NC:agent_sample_15|FN_FL:agent_sample_36': 1, 'NP_NC:agent_sample_32|FN_FL:agent_sample_5': 2, 'NP_NC:agent_sample_37|FN_FL:agent_sample_20': 3, 'NP_NC:agent_sample_17|FN_FL:agent_sample_19': 1, 'NP_NC:agent_sample_54|FN_FL:agent_sample_29': 3, 'NP_NC:agent_sample_46|FN_FL:agent_sample_15': 3, 'NP_NC:agent_sample_53|FN_FL:agent_sample_28': 1, 'NP_NC:agent_sample_33|FN_FL:agent_sample_2': 2, 'NP_NC:agent_sample_32|FN_FL:agent_sample_8': 1, 'NP_NC:agent_sample_59|FN_FL:agent_sample_45': 1, 'NP_NC:agent_sample_19|FN_FL:agent_sample_47': 2, 'NP_NC:agent_sample_46|FN_FL:agent_sample_51': 6, 'NP_NC:agent_sample_46|FN_FL:agent_sample_40': 1, 'NP_NC:agent_sample_60|FN_FL:agent_sample_57': 1, 'NP_NC:agent_sample_36|FN_FL:agent_sample_9': 3, 'NP_NC:agent_sample_44|FN_FL:agent_sample_10': 3, 'NP_NC:agent_sample_45|FN_FL:agent_sample_5': 2, 'NP_NC:agent_sample_14|FN_FL:agent_sample_50': 4, 'NP_NC:agent_sample_30|FN_FL:agent_sample_34': 3, 'NP_NC:agent_sample_58|FN_FL:agent_sample_34': 1, 'NP_NC:cut_first_balanced|FN_FL:agent_sample_42': 1, 'NP_NC:agent_sample_56|FN_FL:agent_sample_56': 3, 'NP_NC:bevel_first_balanced|FN_FL:agent_sample_30': 1, 'NP_NC:agent_sample_21|FN_FL:agent_sample_35': 1, 'NP_NC:agent_sample_19|FN_FL:agent_sample_46': 2, 'NP_NC:agent_sample_11|FN_FL:agent_sample_41': 2, 'NP_NC:agent_sample_25|FN_FL:agent_sample_47': 3, 'NP_NC:agent_sample_43|FN_FL:wo_first_balanced': 3, 'NP_NC:agent_sample_41|FN_FL:agent_sample_14': 4, 'NP_NC:bevel_first_balanced|FN_FL:agent_sample_51': 1, 'NP_NC:agent_sample_24|FN_FL:agent_sample_37': 2, 'NP_NC:agent_sample_28|FN_FL:agent_sample_37': 2, 'NP_NC:agent_sample_49|FN_FL:agent_sample_37': 3, 'NP_NC:agent_sample_50|FN_FL:agent_sample_43': 3, 'NP_NC:agent_sample_39|FN_FL:agent_sample_30': 4, 'NP_NC:agent_sample_19|FN_FL:agent_sample_37': 2, 'NP_NC:agent_sample_5|FN_FL:agent_sample_42': 3, 'NP_NC:agent_sample_31|FN_FL:agent_sample_25': 1, 'NP_NC:agent_sample_28|FN_FL:agent_sample_6': 1, 'NP_NC:agent_sample_28|FN_FL:agent_sample_8': 2, 'NP_NC:agent_sample_18|FN_FL:agent_sample_29': 4, 'NP_NC:agent_sample_19|FN_FL:agent_sample_44': 2, 'NP_NC:agent_sample_50|FN_FL:agent_sample_45': 3, 'NP_NC:agent_sample_57|FN_FL:agent_sample_62': 2, 'NP_NC:agent_sample_12|FN_FL:agent_sample_39': 2, 'NP_NC:agent_sample_22|FN_FL:agent_sample_27': 2, 'NP_NC:agent_sample_38|FN_FL:agent_sample_37': 3, 'NP_NC:agent_sample_53|FN_FL:agent_sample_51': 4, 'NP_NC:agent_sample_53|FN_FL:agent_sample_34': 2, 'NP_NC:agent_sample_62|FN_FL:agent_sample_26': 1, 'NP_NC:agent_sample_64|FN_FL:agent_sample_34': 2, 'NP_NC:agent_sample_62|FN_FL:agent_sample_22': 2, 'NP_NC:agent_sample_64|FN_FL:agent_sample_8': 2, 'NP_NC:agent_sample_59|FN_FL:agent_sample_63': 2, 'NP_NC:agent_sample_27|FN_FL:agent_sample_34': 2, 'NP_NC:agent_sample_31|FN_FL:agent_sample_41': 1, 'NP_NC:agent_sample_7|FN_FL:agent_sample_32': 3, 'NP_NC:agent_sample_62|FN_FL:agent_sample_58': 1, 'NP_NC:agent_sample_6|FN_FL:agent_sample_37': 3, 'NP_NC:agent_sample_57|FN_FL:wo_first_balanced': 1, 'NP_NC:agent_sample_27|FN_FL:agent_sample_49': 3, 'NP_NC:agent_sample_48|FN_FL:agent_sample_43': 2, 'NP_NC:agent_sample_58|FN_FL:agent_sample_54': 1, 'NP_NC:agent_sample_39|FN_FL:agent_sample_37': 3, 'NP_NC:agent_sample_57|FN_FL:agent_sample_63': 1, 'NP_NC:agent_sample_59|FN_FL:cut_first_balanced': 1, 'NP_NC:agent_sample_47|FN_FL:agent_sample_44': 4, 'NP_NC:agent_sample_33|FN_FL:agent_sample_39': 2, 'NP_NC:agent_sample_35|FN_FL:agent_sample_33': 1, 'NP_NC:agent_sample_54|FN_FL:wo_first_balanced': 2, 'NP_NC:agent_sample_31|FN_FL:agent_sample_36': 1, 'NP_NC:agent_sample_34|FN_FL:agent_sample_24': 1, 'NP_NC:agent_sample_57|FN_FL:agent_sample_11': 1, 'NP_NC:agent_sample_35|FN_FL:agent_sample_46': 1, 'NP_NC:agent_sample_61|FN_FL:agent_sample_46': 2, 'NP_NC:agent_sample_39|FN_FL:agent_sample_56': 1, 'NP_NC:agent_sample_16|FN_FL:agent_sample_38': 3, 'NP_NC:agent_sample_54|FN_FL:agent_sample_56': 2, 'NP_NC:agent_sample_58|FN_FL:agent_sample_35': 1, 'NP_NC:agent_sample_22|FN_FL:agent_sample_64': 2, 'NP_NC:agent_sample_13|FN_FL:agent_sample_40': 1, 'NP_NC:agent_sample_41|FN_FL:agent_sample_52': 1, 'NP_NC:agent_sample_30|FN_FL:agent_sample_49': 1, 'NP_NC:agent_sample_51|FN_FL:agent_sample_10': 1, 'NP_NC:agent_sample_24|FN_FL:agent_sample_45': 3, 'NP_NC:agent_sample_49|FN_FL:agent_sample_41': 1, 'NP_NC:agent_sample_35|FN_FL:agent_sample_44': 1, 'NP_NC:agent_sample_25|FN_FL:agent_sample_50': 1, 'NP_NC:agent_sample_7|FN_FL:agent_sample_30': 1, 'NP_NC:agent_sample_36|FN_FL:agent_sample_13': 1, 'NP_NC:agent_sample_55|FN_FL:agent_sample_9': 1, 'NP_NC:agent_sample_59|FN_FL:agent_sample_17': 1, 'NP_NC:agent_sample_37|FN_FL:agent_sample_39': 1, 'NP_NC:agent_sample_46|FN_FL:agent_sample_17': 1, 'NP_NC:agent_sample_40|FN_FL:agent_sample_51': 1, 'NP_NC:agent_sample_21|FN_FL:agent_sample_23': 2, 'NP_NC:agent_sample_10|FN_FL:agent_sample_23': 2, 'NP_NC:agent_sample_17|FN_FL:agent_sample_8': 2, 'NP_NC:agent_sample_3|FN_FL:agent_sample_52': 1, 'NP_NC:agent_sample_63|FN_FL:agent_sample_45': 1, 'NP_NC:agent_sample_18|FN_FL:agent_sample_8': 2, 'NP_NC:agent_sample_14|FN_FL:agent_sample_41': 1, 'NP_NC:agent_sample_23|FN_FL:agent_sample_23': 1, 'NP_NC:agent_sample_36|FN_FL:agent_sample_25': 2, 'NP_NC:agent_sample_7|FN_FL:agent_sample_56': 1, 'NP_NC:agent_sample_51|FN_FL:agent_sample_62': 2, 'NP_NC:agent_sample_61|FN_FL:agent_sample_32': 2, 'NP_NC:agent_sample_34|FN_FL:agent_sample_19': 2, 'NP_NC:agent_sample_38|FN_FL:agent_sample_18': 3, 'NP_NC:agent_sample_55|FN_FL:agent_sample_12': 1, 'NP_NC:agent_sample_41|FN_FL:agent_sample_35': 1, 'NP_NC:agent_sample_57|FN_FL:agent_sample_36': 1, 'NP_NC:agent_sample_28|FN_FL:agent_sample_25': 2, 'NP_NC:agent_sample_15|FN_FL:agent_sample_18': 1, 'NP_NC:agent_sample_18|FN_FL:agent_sample_64': 1, 'NP_NC:agent_sample_19|FN_FL:agent_sample_27': 1, 'NP_NC:agent_sample_15|FN_FL:agent_sample_34': 1, 'NP_NC:agent_sample_46|FN_FL:agent_sample_53': 1, 'NP_NC:agent_sample_64|FN_FL:agent_sample_59': 2, 'NP_NC:agent_sample_45|FN_FL:agent_sample_10': 1, 'NP_NC:agent_sample_7|FN_FL:agent_sample_15': 2, 'NP_NC:agent_sample_17|FN_FL:agent_sample_45': 2, 'NP_NC:bevel_first_balanced|FN_FL:agent_sample_42': 2, 'NP_NC:agent_sample_47|FN_FL:agent_sample_11': 2, 'NP_NC:agent_sample_57|FN_FL:agent_sample_39': 1, 'NP_NC:bevel_first_balanced|FN_FL:agent_sample_58': 2, 'NP_NC:agent_sample_52|FN_FL:agent_sample_46': 1, 'NP_NC:agent_sample_8|FN_FL:agent_sample_44': 3, 'NP_NC:bevel_first_balanced|FN_FL:agent_sample_13': 2, 'NP_NC:agent_sample_16|FN_FL:agent_sample_10': 1, 'NP_NC:agent_sample_13|FN_FL:agent_sample_46': 2, 'NP_NC:agent_sample_6|FN_FL:agent_sample_22': 1, 'NP_NC:agent_sample_57|FN_FL:bevel_first_balanced': 1, 'NP_NC:agent_sample_61|FN_FL:agent_sample_16': 1, 'NP_NC:agent_sample_27|FN_FL:agent_sample_45': 3, 'NP_NC:agent_sample_25|FN_FL:agent_sample_12': 1, 'NP_NC:agent_sample_10|FN_FL:agent_sample_50': 1, 'NP_NC:agent_sample_4|FN_FL:agent_sample_57': 2, 'NP_NC:agent_sample_12|FN_FL:agent_sample_58': 1, 'NP_NC:agent_sample_36|FN_FL:agent_sample_27': 4, 'NP_NC:agent_sample_36|FN_FL:agent_sample_31': 1, 'NP_NC:agent_sample_53|FN_FL:agent_sample_39': 1, 'NP_NC:agent_sample_37|FN_FL:agent_sample_51': 1, 'NP_NC:agent_sample_18|FN_FL:agent_sample_55': 2, 'NP_NC:agent_sample_37|FN_FL:agent_sample_22': 1, 'NP_NC:cut_first_balanced|FN_FL:agent_sample_16': 1, 'NP_NC:agent_sample_59|FN_FL:agent_sample_18': 1, 'NP_NC:agent_sample_45|FN_FL:agent_sample_53': 1, 'NP_NC:agent_sample_10|FN_FL:agent_sample_30': 2, 'NP_NC:agent_sample_22|FN_FL:agent_sample_16': 1, 'NP_NC:agent_sample_19|FN_FL:agent_sample_32': 3, 'NP_NC:agent_sample_60|FN_FL:agent_sample_15': 2, 'NP_NC:agent_sample_63|FN_FL:agent_sample_34': 1, 'NP_NC:agent_sample_48|FN_FL:agent_sample_33': 1, 'NP_NC:agent_sample_63|FN_FL:agent_sample_30': 1, 'NP_NC:agent_sample_62|FN_FL:agent_sample_11': 1, 'NP_NC:agent_sample_21|FN_FL:agent_sample_43': 1, 'NP_NC:agent_sample_61|FN_FL:bevel_first_balanced': 1, 'NP_NC:agent_sample_58|FN_FL:agent_sample_6': 1, 'NP_NC:agent_sample_47|FN_FL:agent_sample_27': 1, 'NP_NC:agent_sample_29|FN_FL:agent_sample_61': 1, 'NP_NC:cut_first_balanced|FN_FL:agent_sample_11': 2, 'NP_NC:agent_sample_8|FN_FL:agent_sample_58': 1, 'NP_NC:agent_sample_57|FN_FL:agent_sample_26': 1, 'NP_NC:agent_sample_61|FN_FL:agent_sample_37': 1, 'NP_NC:agent_sample_62|FN_FL:bevel_first_balanced': 1, 'NP_NC:agent_sample_30|FN_FL:agent_sample_30': 1, 'NP_NC:agent_sample_60|FN_FL:agent_sample_61': 1, 'NP_NC:agent_sample_20|FN_FL:agent_sample_57': 2, 'NP_NC:agent_sample_37|FN_FL:agent_sample_9': 1, 'NP_NC:agent_sample_52|FN_FL:agent_sample_28': 1, 'NP_NC:agent_sample_45|FN_FL:agent_sample_6': 1, 'NP_NC:agent_sample_26|FN_FL:agent_sample_22': 1, 'NP_NC:agent_sample_61|FN_FL:agent_sample_14': 2, 'NP_NC:agent_sample_34|FN_FL:agent_sample_44': 1, 'NP_NC:agent_sample_39|FN_FL:wo_first_balanced': 1, 'NP_NC:agent_sample_23|FN_FL:agent_sample_3': 1, 'NP_NC:agent_sample_31|FN_FL:agent_sample_26': 1, 'NP_NC:bevel_first_balanced|FN_FL:agent_sample_49': 1, 'NP_NC:agent_sample_34|FN_FL:agent_sample_27': 1, 'NP_NC:agent_sample_14|FN_FL:agent_sample_33': 1, 'NP_NC:agent_sample_52|FN_FL:agent_sample_63': 2, 'NP_NC:agent_sample_29|FN_FL:agent_sample_64': 1, 'NP_NC:agent_sample_58|FN_FL:agent_sample_3': 1}
